[1,["79SibBEbJMLKy01RyuUXRj","46SvDTzChNXI4qY655bdZs","8azPsxX0JLJo8ZjEJLsbQB","2ft3pEqZtM/It1mnXysoht","4bKUjF6dNE56blOLe/7lNG","28QtqaaJtJFKgJTBM9DS6n","872V3PJdFNpYgWSEsqSOxi","99MrQE0OBB1rvAIrD5dGpA","52AVHwK6hOBIOsMlbCp8R6","aeNwSoLwBK5rgaTf1uFoco","9cYrgqBflILLXEyfYEC4Th","1dV7lxLt5ETKrOCYeZjya6","4f11iVU4lIYJNyLWqU4oJl","b5yFRSLkBNiIgV/u3jczTi","61ykKhom1HqLNEnehataqP","aaVjCalbNCrIqHIRrbX5MV","2eQCYLvtRCK6qg7tJu4tTi","6dFJQhdUVLGY+yCe7QBqeq","03H0iW/tBAR41h3Z9BwcZb","ddgz9N6ttLwpDZW3MJl1lz","94uL7oaZlBkanoINhnrYpf","82Er5R58lKjYfyN76aByiJ","6d15BE8zlGuLvUTtFaSwzl","65fLAfdGVLmoJXOtNOJl/7","09TGP695pHxKMlw/lyHFY5","30wyPpUjJG2oBncdcK5uE6","f3xuoY8KlKkolZ4OzppjpN","503XkJPzRIX4TKHI2W3n3U","22izItC/FP25bG2DfWp+P+","f2/+U0vFRH6qtgbUDRY58U","41kv7rykRMorSp+UDsZmVd","e2hpL6rs1HiYbaEkt1KEb2","f4Kgky5Q1I9Z6KFiw/Uqwz","29bewdEQBJAqJM3IRjripu","84gt/cAydNO7R3y9raAkC9","45f3IXSzlHQbnGM5FD1Bak","d1zNbViPNMAqVTNJu2dcB8","1aGCQaF1BHbKNGCe4/HrJn","212X84U0JMQ4CpZhSfh2MP","d6AB38felO4YlWzpkHG+hi","c2/SwXkpRBxp5cvoRhRzbG"],["value"],[["cc.AnimationClip",["_name","_duration","sample","wrapMode","curveData"],-1,11]],[[0,0,1,2,3,4,5]],[[0,"particleFs",1.05,40,2,[{},"comps",11,[{},"cc.Sprite",11,[{},"spriteFrame",12,[[[{"frame":0.025},"value",6,0],[{"frame":0.05},"value",6,1],[{"frame":0.075},"value",6,2],[{"frame":0.1},"value",6,3],[{"frame":0.125},"value",6,4],[{"frame":0.15},"value",6,5],[{"frame":0.175},"value",6,6],[{"frame":0.2},"value",6,7],[{"frame":0.225},"value",6,8],[{"frame":0.25},"value",6,9],[{"frame":0.275},"value",6,10],[{"frame":0.3},"value",6,11],[{"frame":0.325},"value",6,12],[{"frame":0.35},"value",6,13],[{"frame":0.375},"value",6,14],[{"frame":0.4},"value",6,15],[{"frame":0.425},"value",6,16],[{"frame":0.45},"value",6,17],[{"frame":0.475},"value",6,18],[{"frame":0.5},"value",6,19],[{"frame":0.525},"value",6,20],[{"frame":0.55},"value",6,21],[{"frame":0.575},"value",6,22],[{"frame":0.6},"value",6,23],[{"frame":0.625},"value",6,24],[{"frame":0.65},"value",6,25],[{"frame":0.675},"value",6,26],[{"frame":0.7},"value",6,27],[{"frame":0.725},"value",6,28],[{"frame":0.75},"value",6,29],[{"frame":0.775},"value",6,30],[{"frame":0.8},"value",6,31],[{"frame":0.825},"value",6,32],[{"frame":0.85},"value",6,33],[{"frame":0.875},"value",6,34],[{"frame":0.9},"value",6,35],[{"frame":0.925},"value",6,36],[{"frame":0.95},"value",6,37],[{"frame":0.975},"value",6,38],[{"frame":1},"value",6,39],[{"frame":1.025},"value",6,40]],11,11,11,11,11,11,11,11,11,11,11,11,11,11,11,11,11,11,11,11,11,11,11,11,11,11,11,11,11,11,11,11,11,11,11,11,11,11,11,11,11]]]]]],0,0,[0,0,0,0,0,0,0,0,0,0,0,0,0,0,0,0,0,0,0,0,0,0,0,0,0,0,0,0,0,0,0,0,0,0,0,0,0,0,0,0,0],[0,0,0,0,0,0,0,0,0,0,0,0,0,0,0,0,0,0,0,0,0,0,0,0,0,0,0,0,0,0,0,0,0,0,0,0,0,0,0,0,0],[0,1,2,3,4,5,6,7,8,9,10,11,12,13,14,15,16,17,18,19,20,21,22,23,24,25,26,27,28,29,30,31,32,33,34,35,36,37,38,39,40]]