[1,["aaTlZIUbVGFrdk5Szx0EVY"],["_textureSetter"],["cc.SpriteFrame"],0,[[[{"name":"ps_vfx_d_add_04","rect":[314,522,214,277],"offset":[-4,-4],"originalSize":[258,349],"rotated":1,"capInsets":[0,0,0,0]}],[0],0,[0],[0],[0]],[[{"name":"ps_vfx_d_add_05","rect":[314,231,220,289],"offset":[-5,-5],"originalSize":[258,349],"capInsets":[0,0,0,0]}],[0],0,[0],[0],[0]],[[{"name":"ps_vfx_d_add_06","rect":[257,1,228,297],"offset":[-4,-7],"originalSize":[258,349],"rotated":1,"capInsets":[0,0,0,0]}],[0],0,[0],[0],[0]],[[{"name":"ps_vfx_d_add_01","rect":[556,1,182,223],"offset":[1,2],"originalSize":[258,349],"capInsets":[0,0,0,0]}],[0],0,[0],[0],[0]],[[{"name":"ps_vfx_d_add_03","rect":[536,231,200,251],"offset":[-1,-1],"originalSize":[258,349],"capInsets":[0,0,0,0]}],[0],0,[0],[0],[0]],[[{"name":"ps_vfx_d_add_07","rect":[1,320,246,311],"offset":[-1,-8],"originalSize":[258,349],"rotated":1,"capInsets":[0,0,0,0]}],[0],0,[0],[0],[0]],[[{"name":"ps_vfx_d_add_02","rect":[1,568,192,239],"offset":[0,1],"originalSize":[258,349],"rotated":1,"capInsets":[0,0,0,0]}],[0],0,[0],[0],[0]],[[{"name":"ps_vfx_d_add_00","rect":[593,484,156,193],"offset":[2,6],"originalSize":[258,349],"capInsets":[0,0,0,0]}],[0],0,[0],[0],[0]],[[{"name":"ps_vfx_d_add_08","rect":[1,1,254,317],"offset":[2,-8],"originalSize":[258,349],"capInsets":[0,0,0,0]}],[0],0,[0],[0],[0]]]]