[1,["197cyYyDpDEKmq8CBPz17G"],["_textureSetter"],["cc.SpriteFrame"],0,[[[{"name":"bw_b","rect":[472,899,343,242],"offset":[0,0],"originalSize":[343,242],"capInsets":[0,0,0,0]}],[0],0,[0],[0],[0]],[[{"name":"bw_a","rect":[472,543,461,354],"offset":[0,0],"originalSize":[461,354],"capInsets":[0,0,0,0]}],[0],0,[0],[0],[0]],[[{"name":"bw_c","rect":[1,543,540,469],"offset":[0,0],"originalSize":[540,469],"rotated":1,"capInsets":[0,0,0,0]}],[0],0,[0],[0],[0]],[[{"name":"bw_d","rect":[1,1,540,838],"offset":[0,0],"originalSize":[540,838],"rotated":1,"capInsets":[0,0,0,0]}],[0],0,[0],[0],[0]]]]