[1,["53oIdC3aBHqJ+mjzISzfRR"],["_textureSetter"],["cc.SpriteFrame"],0,[[[{"name":"dragon_particle_screen_mode_11","rect":[637,235,106,323],"offset":[-3,-4],"originalSize":[194,421],"rotated":1,"capInsets":[0,0,0,0]}],[0],0,[0],[0],[0]],[[{"name":"dragon_particle_screen_mode_12","rect":[637,123,110,327],"offset":[-2,-2],"originalSize":[194,421],"rotated":1,"capInsets":[0,0,0,0]}],[0],0,[0],[0],[0]],[[{"name":"dragon_particle_screen_mode_24","rect":[1,1,128,375],"offset":[3,11],"originalSize":[194,421],"capInsets":[0,0,0,0]}],[0],0,[0],[0],[0]],[[{"name":"dragon_particle_screen_mode_18","rect":[387,368,124,357],"offset":[2,5],"originalSize":[194,421],"capInsets":[0,0,0,0]}],[0],0,[0],[0],[0]],[[{"name":"dragon_particle_screen_mode_40","rect":[513,352,120,339],"offset":[0,7],"originalSize":[194,421],"capInsets":[0,0,0,0]}],[0],0,[0],[0],[0]],[[{"name":"dragon_particle_screen_mode_15","rect":[635,445,120,337],"offset":[0,3],"originalSize":[194,421],"rotated":1,"capInsets":[0,0,0,0]}],[0],0,[0],[0],[0]],[[{"name":"dragon_particle_screen_mode_22","rect":[257,1,126,371],"offset":[3,10],"originalSize":[194,421],"capInsets":[0,0,0,0]}],[0],0,[0],[0],[0]],[[{"name":"dragon_particle_screen_mode_42","rect":[637,1,120,331],"offset":[0,11],"originalSize":[194,421],"rotated":1,"capInsets":[0,0,0,0]}],[0],0,[0],[0],[0]],[[{"name":"dragon_particle_screen_mode_09","rect":[635,567,98,311],"offset":[-5,-9],"originalSize":[194,421],"rotated":1,"capInsets":[0,0,0,0]}],[0],0,[0],[0],[0]],[[{"name":"dragon_particle_screen_mode_17","rect":[511,1,124,349],"offset":[1,5],"originalSize":[194,421],"capInsets":[0,0,0,0]}],[0],0,[0],[0],[0]],[[{"name":"dragon_particle_screen_mode_19","rect":[385,1,124,365],"offset":[2,5],"originalSize":[194,421],"capInsets":[0,0,0,0]}],[0],0,[0],[0],[0]],[[{"name":"dragon_particle_screen_mode_25","rect":[1,378,128,375],"offset":[3,11],"originalSize":[194,421],"capInsets":[0,0,0,0]}],[0],0,[0],[0],[0]],[[{"name":"dragon_particle_screen_mode_23","rect":[259,374,126,371],"offset":[3,10],"originalSize":[194,421],"capInsets":[0,0,0,0]}],[0],0,[0],[0],[0]],[[{"name":"dragon_particle_screen_mode_08","rect":[635,667,98,293],"offset":[-6,-17],"originalSize":[194,421],"rotated":1,"capInsets":[0,0,0,0]}],[0],0,[0],[0],[0]],[[{"name":"dragon_particle_screen_mode_20","rect":[131,378,126,371],"offset":[2,5],"originalSize":[194,421],"capInsets":[0,0,0,0]}],[0],0,[0],[0],[0]],[[{"name":"dragon_particle_screen_mode_21","rect":[131,1,124,375],"offset":[4,4],"originalSize":[194,421],"capInsets":[0,0,0,0]}],[0],0,[0],[0],[0]],[[{"name":"dragon_particle_screen_mode_10","rect":[637,343,100,321],"offset":[-4,-4],"originalSize":[194,421],"rotated":1,"capInsets":[0,0,0,0]}],[0],0,[0],[0],[0]]]]