[1,["850egTjr5PNJ88PxpNjXVe","acTKsbeQdOZ5DoOtdVNYdN"],["spriteFrame","_textureSetter"],["cc.SpriteFrame",["cc.BitmapFont",["_name","fontSize","_fntConfig"],0]],[[1,0,1,2,4]],[[[[0,"boso-33",32,{"commonHeight":233,"fontSize":32,"atlasName":"/Users/mac/Desktop\\boso-33.png","fontDefDictionary":{"9":{"xOffset":0,"yOffset":0,"xAdvance":488,"rect":{"x":0,"y":0,"width":0,"height":0}},"32":{"xOffset":0,"yOffset":0,"xAdvance":61,"rect":{"x":0,"y":0,"width":0,"height":0}},"44":{"xOffset":0,"yOffset":164,"xAdvance":66,"rect":{"x":0,"y":346,"width":57,"height":77}},"46":{"xOffset":0,"yOffset":174,"xAdvance":60,"rect":{"x":0,"y":423,"width":51,"height":57}},"48":{"xOffset":0,"yOffset":60,"xAdvance":120,"rect":{"x":0,"y":0,"width":111,"height":173}},"49":{"xOffset":0,"yOffset":60,"xAdvance":82,"rect":{"x":400,"y":173,"width":73,"height":173}},"50":{"xOffset":0,"yOffset":60,"xAdvance":104,"rect":{"x":215,"y":173,"width":95,"height":173}},"51":{"xOffset":0,"yOffset":60,"xAdvance":94,"rect":{"x":396,"y":0,"width":85,"height":173}},"52":{"xOffset":0,"yOffset":60,"xAdvance":102,"rect":{"x":218,"y":0,"width":93,"height":173}},"53":{"xOffset":0,"yOffset":60,"xAdvance":94,"rect":{"x":311,"y":0,"width":85,"height":173}},"54":{"xOffset":0,"yOffset":60,"xAdvance":117,"rect":{"x":0,"y":173,"width":108,"height":173}},"55":{"xOffset":0,"yOffset":60,"xAdvance":99,"rect":{"x":310,"y":173,"width":90,"height":173}},"56":{"xOffset":0,"yOffset":60,"xAdvance":116,"rect":{"x":111,"y":0,"width":107,"height":173}},"57":{"xOffset":0,"yOffset":60,"xAdvance":116,"rect":{"x":108,"y":173,"width":107,"height":173}}},"kerningDict":{}}]],0,0,[0],[0],[0]],[[{"name":"boso-33","rect":[0,0,481,480],"offset":[-15.5,16],"originalSize":[512,512],"capInsets":[0,0,0,0]}],[0],0,[0],[1],[1]]]]