[1,["c33viBYl5NKK78eT5w0ZMC"],["_textureSetter"],["cc.SpriteFrame"],0,[[[{"name":"ps_vfx_a_a_18","rect":[267,517,127,131],"offset":[0,0],"originalSize":[245,245],"rotated":1,"capInsets":[0,0,0,0]}],[0],0,[0],[0],[0]],[[{"name":"ps_vfx_a_a_11","rect":[400,259,127,131],"offset":[0,0],"originalSize":[245,245],"rotated":1,"capInsets":[0,0,0,0]}],[0],0,[0],[0],[0]],[[{"name":"ps_vfx_a_a_16","rect":[1,517,127,131],"offset":[0,0],"originalSize":[245,245],"rotated":1,"capInsets":[0,0,0,0]}],[0],0,[0],[0],[0]],[[{"name":"ps_vfx_a_a_06","rect":[267,130,127,131],"offset":[0,0],"originalSize":[245,245],"rotated":1,"capInsets":[0,0,0,0]}],[0],0,[0],[0],[0]],[[{"name":"ps_vfx_a_a_10","rect":[267,259,127,131],"offset":[0,0],"originalSize":[245,245],"rotated":1,"capInsets":[0,0,0,0]}],[0],0,[0],[0],[0]],[[{"name":"ps_vfx_a_a_02","rect":[267,1,127,131],"offset":[0,0],"originalSize":[245,245],"rotated":1,"capInsets":[0,0,0,0]}],[0],0,[0],[0],[0]],[[{"name":"ps_vfx_a_a_15","rect":[400,388,127,131],"offset":[0,0],"originalSize":[245,245],"rotated":1,"capInsets":[0,0,0,0]}],[0],0,[0],[0],[0]],[[{"name":"ps_vfx_a_a_12","rect":[1,388,127,131],"offset":[0,0],"originalSize":[245,245],"rotated":1,"capInsets":[0,0,0,0]}],[0],0,[0],[0],[0]],[[{"name":"ps_vfx_a_a_17","rect":[134,517,127,131],"offset":[0,0],"originalSize":[245,245],"rotated":1,"capInsets":[0,0,0,0]}],[0],0,[0],[0],[0]],[[{"name":"ps_vfx_a_a_04","rect":[1,130,127,131],"offset":[0,0],"originalSize":[245,245],"rotated":1,"capInsets":[0,0,0,0]}],[0],0,[0],[0],[0]],[[{"name":"ps_vfx_a_a_13","rect":[134,388,127,131],"offset":[0,0],"originalSize":[245,245],"rotated":1,"capInsets":[0,0,0,0]}],[0],0,[0],[0],[0]],[[{"name":"ps_vfx_a_a_05","rect":[134,130,127,131],"offset":[0,0],"originalSize":[245,245],"rotated":1,"capInsets":[0,0,0,0]}],[0],0,[0],[0],[0]],[[{"name":"ps_vfx_a_a_09","rect":[134,259,127,131],"offset":[0,0],"originalSize":[245,245],"rotated":1,"capInsets":[0,0,0,0]}],[0],0,[0],[0],[0]],[[{"name":"ps_vfx_a_a_07","rect":[400,130,127,131],"offset":[0,0],"originalSize":[245,245],"rotated":1,"capInsets":[0,0,0,0]}],[0],0,[0],[0],[0]],[[{"name":"ps_vfx_a_a_01","rect":[134,1,127,131],"offset":[0,0],"originalSize":[245,245],"rotated":1,"capInsets":[0,0,0,0]}],[0],0,[0],[0],[0]],[[{"name":"ps_vfx_a_a_14","rect":[267,388,127,131],"offset":[0,0],"originalSize":[245,245],"rotated":1,"capInsets":[0,0,0,0]}],[0],0,[0],[0],[0]],[[{"name":"ps_vfx_a_a_08","rect":[1,259,127,131],"offset":[0,0],"originalSize":[245,245],"rotated":1,"capInsets":[0,0,0,0]}],[0],0,[0],[0],[0]],[[{"name":"ps_vfx_a_a_00","rect":[1,1,127,131],"offset":[0,0],"originalSize":[245,245],"rotated":1,"capInsets":[0,0,0,0]}],[0],0,[0],[0],[0]],[[{"name":"ps_vfx_a_a_03","rect":[400,1,127,131],"offset":[0,0],"originalSize":[245,245],"rotated":1,"capInsets":[0,0,0,0]}],[0],0,[0],[0],[0]]]]