[1,["1fadcae7f"],["_textureSetter"],["cc.SpriteFrame"],0,[[[{"name":"xx5_1","rect":[1912,778,95,106],"offset":[0,0],"originalSize":[95,106],"rotated":1,"capInsets":[0,0,0,0]}],[0],0,[0],[0],[0]],[[{"name":"xx6_1","rect":[1912,879,95,106],"offset":[0,0],"originalSize":[95,106],"rotated":1,"capInsets":[0,0,0,0]}],[0],0,[0],[0],[0]],[[{"name":"xx2_1","rect":[1463,736,95,106],"offset":[0,0],"originalSize":[95,106],"rotated":1,"capInsets":[0,0,0,0]}],[0],0,[0],[0],[0]],[[{"name":"xx4_1","rect":[1463,938,95,106],"offset":[0,0],"originalSize":[95,106],"rotated":1,"capInsets":[0,0,0,0]}],[0],0,[0],[0],[0]],[[{"name":"xx1_1","rect":[1463,1039,95,106],"offset":[0,0],"originalSize":[95,106],"rotated":1,"capInsets":[0,0,0,0]}],[0],0,[0],[0],[0]],[[{"name":"xx3_1","rect":[1439,1140,95,106],"offset":[0,0],"originalSize":[95,106],"rotated":1,"capInsets":[0,0,0,0]}],[0],0,[0],[0],[0]]]]