{"paths":{"0":["Atlats/Alats26",2],"1":["Atlats/Alats21",2],"2":["Atlats/Alats40",2],"3":["Audio/symShrink",3],"4":["Spine/s_wild_a_atlas_symbols",8],"5":["Img/01",2],"6":["Img/e851e89b-faa2-4484-bea6-5c01dd9f06e2",2],"7":["Atlats/Alats20",2],"8":["Img/05",2],"9":["Atlats/Alats8",2],"10":["Audio/spinStop6",3],"11":["Atlats/Alats14",2],"12":["Spine/s_wild_c_atlas_symbols",8],"13":["Atlats/Alats36",2],"14":["Spine/s_scatter_b_atlas_symbols",8],"15":["Audio/bgm_totalwin_end",3],"16":["Audio/spinStop3",3],"17":["Audio/multiplierUp",3],"18":["Audio/spinStopQuick",3],"19":["Audio/symCollapse3",3],"20":["Audio/bgm_bigwin_main",3],"21":["Atlats/Alats13",2],"22":["Img/02a8a7eb-ec99-42b9-af8e-5474b79e3845",2],"23":["Atlats/Alats4",2],"24":["Atlats/Alats37",2],"25":["Audio/heartbeat",3],"26":["Audio/symRouletteEnd",3],"27":["Atlats/Alats7",2],"28":["Spine/symbols",2],"29":["Atlats/Alats35",2],"30":["Atlats/Alats19",2],"31":["Atlats/Alats17",2],"32":["Img/18ae2916-3403-44a0-ad33-d36599073dfc",2],"33":["Atlats/Alats15",2],"34":["Atlats/Alats23",2],"35":["Audio/symWild",3],"36":["Audio/symCollapse4",3],"37":["Img/b02068d1-27d7-4cea-b744-3cc83bf9d959",2],"38":["Audio/spinActiveLoop",3],"39":["Audio/bgm_totalwin_main",3],"40":["Audio/bgm_bigwin_end",3],"41":["Atlats/Alats34",2],"42":["Screenshot 2022-08-17 074914",2],"43":["Audio/spinStop2",3],"44":["Audio/waysRolling",3],"45":["Audio/spinStop4",3],"46":["Audio/heartbeatNoise",3],"47":["Audio/bgm_fs",3],"48":["Img/b43ff3c2-02bb-4874-81f7-f2dea6970f18",2],"49":["Atlats/Alats31",2],"50":["BitmapFont/Fon1-export",2],"51":["Audio/bgm_mg",3],"52":["Audio/uiStart",3],"53":["Img/duong",2],"54":["Atlats/Alats48",2],"55":["Audio/prizeMultiplierMedwin",3],"56":["Audio/wallet_counting_above",3],"57":["Atlats/Alats44",2],"58":["Audio/prizeMultiplierSmallwin",3],"59":["Img/02",2],"60":["Audio/uiInfo",3],"61":["Atlats/Alats12",2],"62":["Audio/symRouletteStart",3],"63":["Audio/symCollapse5",3],"64":["Audio/spinStop1",3],"65":["Atlats/Alats47",2],"66":["Atlats/Alats18",2],"67":["Atlats/Alats33",2],"68":["Audio/fsTrans",3],"69":["Img/49b64383-9033-4835-a730-45a746578de1",2],"70":["Atlats/Alats41",2],"71":["Atlats/Alats42",2],"72":["Audio/infobarTotalwinMedMain",3],"73":["Atlats/Alats38",2],"74":["Audio/symRouletteRolling",3],"75":["Audio/infobarLevelUp",3],"76":["Atlats/Alats29",2],"77":["Audio/fastspin",3],"78":["Atlats/Alats43",2],"79":["Audio/symScatter",3],"80":["Img/paytable_feature_featurebuy",2],"81":["Audio/menu_icon_press",3],"82":["Audio/spinBtn",3],"83":["Audio/slider_effect",3],"84":["Atlats/Alats39",2],"85":["Atlats/Alats27",2],"86":["Audio/symCollapse6",3],"87":["Atlats/Alats46",2],"88":["Atlats/Alats11",2],"89":["Audio/scatterWinHighlight",3],"90":["Audio/heartbeatSlowdrop",3],"91":["Atlats/Alats45",2],"92":["Atlats/Alats25",2],"93":["Img/ae047bd6-ad45-4b72-8c92-d8ec754cbbce",2],"94":["Atlats/Alats24",2],"95":["Atlats/Alats22",2],"96":["Audio/infobarTotalwinMedEnd",3],"97":["Atlats/Alats28",2],"98":["Img/04",2],"99":["Img/03",2],"100":["Spine/s_wild_b_atlas_symbols",8],"101":["Atlats/Alats6",2],"102":["Spine/s_wild_d_atlas_symbols",8],"103":["Audio/symCollapse2",3],"104":["Audio/list_item_click",3],"105":["BitmapFont/Fon2-export",2],"106":["Audio/prizeInfobarTotalwin",3],"107":["Atlats/Alats32",2],"108":["Audio/symCollapse1",3],"109":["Img/71561142-4c83-4933-afca-cb7a17f67053",2],"110":["Spine/s_scatter_a_atlas_symbols",8],"111":["Atlats/Alats9",2],"112":["Atlats/Alats10",2],"113":["Audio/prizeWinHighlight",3],"114":["Img/launch",2],"115":["Audio/spinStop5",3],"116":["Atlats/Alats5",2],"117":["Atlats/Alats30",2],"118":["Atlats/Alats3",2],"119":["Atlats/Alats22",1],"120":["BitmapFont/Fon2-export",4],"121":["Screenshot 2022-08-17 074914",5,1],"122":["Img/02",5,1],"123":["Spine/s_scatter_b_atlas_symbols",7],"124":["Atlats/Alats48",1],"125":["Atlats/Alats5",1],"126":["Animation/ib_vfx_b_normal",0],"127":["Atlats/Alats35",1],"128":["Img/05",5,1],"129":["Animation/BigWin/MegaWin",0],"130":["Atlats/Alats12",1],"131":["Img/02a8a7eb-ec99-42b9-af8e-5474b79e3845",5,1],"132":["Atlats/Alats3",1],"133":["Animation/shuffle_vfx_c_add_3x",0],"134":["Atlats/Alats29",1],"135":["Img/71561142-4c83-4933-afca-cb7a17f67053",5,1],"136":["Atlats/Alats43",1],"137":["Atlats/Alats37",1],"138":["Img/04",5,1],"139":["Img/b43ff3c2-02bb-4874-81f7-f2dea6970f18",5,1],"140":["Animation/EndNearFS",0],"141":["Atlats/Alats20",1],"142":["Img/paytable_feature_featurebuy",5,1],"143":["Atlats/Alats7",1],"145":["Frefabs/CachChoi",6],"146":["Animation/sd_vfx_a_add",0],"147":["Animation/fs_vfx_a_add",0],"148":["Atlats/Alats40",1],"149":["Atlats/Alats17",1],"151":["Atlats/Alats38",1],"152":["Img/01",5,1],"153":["Atlats/Alats33",1],"154":["Atlats/Alats8",1],"155":["Atlats/Alats34",1],"156":["Spine/s_wild_c_atlas_symbols",7],"157":["Frefabs/LichSu",6],"158":["Atlats/Alats19",1],"159":["Animation/mult_vfx_a_add",0],"160":["Img/18ae2916-3403-44a0-ad33-d36599073dfc",5,1],"161":["Atlats/Alats30",1],"162":["Frefabs/ShowFreeSpin",6],"163":["Atlats/Alats41",1],"164":["BitmapFont/Fon1-export",4],"165":["Animation/mb_vfx_b_screen",0],"166":["Atlats/Alats23",1],"167":["Img/launch",5,1],"168":["Animation/BigWin/SuperWin",0],"169":["Img/duong",5,1],"170":["Animation/BigWin/BigWinLoop",0],"171":["Spine/s_wild_b_atlas_symbols",7],"172":["Atlats/Alats28",1],"173":["Atlats/Alats10",1],"174":["Frefabs/EndFreeSpin",6],"175":["Animation/BigWin/EndBW",0],"176":["Animation/fs_vfx_c_add",0],"177":["Animation/wh_vfx_01_add_1x",0],"178":["Spine/symbols",5,1],"179":["Atlats/Alats26",1],"180":["Animation/smoke_screen",0],"181":["Atlats/Alats11",1],"182":["Animation/mb_vfx_a_add",0],"183":["Img/ae047bd6-ad45-4b72-8c92-d8ec754cbbce",5,1],"184":["Animation/ib_vfx_d_add",0],"185":["Atlats/Alats42",1],"186":["Animation/shuffle_vfx_a_normal",0],"187":["Spine/s_scatter_a_atlas_symbols",7],"188":["Animation/wh_vfx_02_add_3x",0],"189":["Animation/wh_vfx_02_add_1x",0],"190":["BitmapFont/Fon1-export",5,1],"191":["Animation/wh_vfx_03_add_3x",0],"192":["Atlats/Alats4",1],"193":["Atlats/Alats47",1],"194":["Atlats/Alats27",1],"195":["Atlats/Alats6",1],"196":["Animation/env_glow_add",0],"197":["Img/03",5,1],"198":["Spine/s_wild_a_atlas_symbols",7],"199":["Atlats/Alats15",1],"200":["Atlats/Alats45",1],"201":["Atlats/Alats18",1],"202":["Animation/efx_vfx_a_add",0],"203":["Animation/ib_vfx_j_normal",0],"204":["Animation/fs_vfx_d_add",0],"205":["Atlats/Alats46",1],"206":["Atlats/Alats36",1],"207":["Atlats/Alats31",1],"208":["Img/49b64383-9033-4835-a730-45a746578de1",5,1],"209":["Img/e851e89b-faa2-4484-bea6-5c01dd9f06e2",5,1],"210":["Img/b02068d1-27d7-4cea-b744-3cc83bf9d959",5,1],"211":["Animation/bg_spark_add",0],"212":["Atlats/Alats32",1],"213":["Animation/wh_vfx_03_add_4x",0],"214":["BitmapFont/Fon2-export",5,1],"215":["Animation/scatter_vfx_c_add",0],"216":["Atlats/Alats9",1],"217":["Atlats/Alats44",1],"218":["Animation/BigWin/BigWin",0],"219":["Atlats/Alats39",1],"220":["Animation/wh_vfx_02_add_4x",0],"221":["Animation/shuffle_vfx_c_add_2x",0],"222":["Spine/s_wild_d_atlas_symbols",7],"223":["Animation/StartNearFS",0],"224":["Animation/wh_vfx_02_add_2x",0],"225":["Atlats/Alats21",1],"226":["Atlats/Alats25",1],"227":["Atlats/Alats13",1],"228":["Atlats/Alats24",1],"230":["Animation/wh_vfx_03_add_1x",0],"231":["Animation/InfoBarTakeMoney",0],"232":["Animation/wh_vfx_03_add_2x",0],"233":["Atlats/Alats14",1]},"types":["cc.AnimationClip","cc.SpriteAtlas","cc.Texture2D","cc.AudioClip","cc.BitmapFont","cc.SpriteFrame","cc.Prefab","sp.SkeletonData","cc.Asset"],"uuids":["030LXtja5Eiay5blg/LFAo","0581hV3gZFrZPcWxHS9+4c","06EcQnJ5BNKJlDiVoGOz90","069qaoQDRGuofptE6Z1ae2","09TOfl5rBJr5W3z2QFPSH6","0bUOyDjo9EGKdyQMqKRDhi","0ctam8DlhH+4FfAu36mRSy","122LANPZ9LbrMUfuV90MHA","18kgh/TRZL4otm1/ylhhQt","19202ywJdPDI7Err7RuFzp","1b+gsyV4VHwJM2PhE1nIEj","1e48qiIXpF+5J3Dqp+3twY","1fYLP8E/xN8oLQ9FmSeKsL","23WHeZRuxIg6+v7yTVQMGG","29morbHsNMYLwr/rJiPfww","2bt4r54l9C0JEGVeb30sia","2diPy89S1C7qU15oRpeIrG","2eIdpK38ND5ax+Ern+LK5T","2evss61ONBqp4yImsr9GRQ","30Bo6HY5NIxJIompom0+NO","31Qs9RliJGdIEJzcsv5zOF","3a9GJJ6Y1AnK/mjDyRE+L+","3dw8cOm/BLKbX4npkouhiK","3d65Dzb8JJxZHEhMzEtG3X","406gXl7AJCvpoJitjxOtoS","46y5faNMVCWYHodSZgKALz","4db3d5WbpHoLKRTwSttWvC","4dwZpTbONJn58ahsw5/vWe","4ekjFjuy9JtJPS5E/BSg6a","4fNdKZskZOfqK+qqQR8V17","50aMIaqEVB8J5XGnqb5WMy","52/bCpGP1Ph5cT4/fJC8Jf","540wtOMdFIw6u3Oul0S23D","58CLgFOitJdYc7pC+zzb/w","59HoQy5MFDLpgVhm04XefF","59ZhO5Po1DxrhRhIoZQ3ju","5bXMIuoUFNwpnFEJdxJLrn","62ry1Ki1lEu7uucRpO5dop","63QFdNIshJRLQAnNoTSZgo","63WnYuUIpBJJKoc8zEwiAq","67MLLrFNlCLYNAiOQjhYpZ","68N7KPizpHg44u9R3Mg+7u","6bmCSrUlJOdbIOrXYadUww","6cuxpw/1NNLpar1gn8t0wX","6dr8iOGKBOXoYAxmenUAod","6eABPlPCxKRrfXorMluEJT","73NVV/bY1NfqMNP7t8z/gL","73+JgotVtIRJZg2xqwslqR","760JoVhB9OK63mKB1pHS5P","77ztxZCw1ChpekYwzVoMYU","7cMzSNdhdA6ZZH7WoRsncE","7dBI5bJuVLNpacvVraPgAm","7ffaaz1MlEF6h0cXuB7Ec3","80hhqyUCxG/4pr7gHbX8Hv","80zTW98IFO0JvmU/1RNyVx","807iHPlltEdY3u9KXdxCNI","81ex7PH79Fep1OuvaHtG/6","844PQF+O9LAYCGxP3wgA8s","8447uaQ85DF4sgnU4bTBPz","85O2Gs0sNMjYOQHa8OBt1a","87DCzH0xdMC77uSP9rFIaJ","8aY6L055hM06bse6BQ68ku","8cAJf/0EBNu5GbQQ0dOgK9","8eqTYSW4lAmpvF+IvLytIa","8fodjkdnxFw47KE4M0TBxH","90qro0A1lIzrRNmuLL8fkn","90tdy0kepGEJafkXgjJnUz","91TTIVwHpPJIs4booLwtI6","91tTCqZWNNL79ANeTa8Wul","926JoSJF5A87suwZ+5MKFg","93l2wUGjFCiZEXVCPNIHI0","930YRTxs5Ez6onHNd6ORSa","9376r+J/1BT4V2hjTAQJ/W","9e1KpIw1FKB7pmWzsqt2jQ","9fpMb1ZRFH2ppbqkfLdI9R","a3QqGkqLRLWqzTFPXNHJu/","a4JMUZDZBAVqwRQ+U66Iay","a5TsBl8LZKrYhXAGScVfG4","a98RHmjw1E8phhx8NpDyTc","aavnrvV5JCop+o5xKH6yXa","abgv/Sq2REfYm9PMvpcEzD","b22/6nnS1N25gOJLdzBY7Y","b5rCdhmQ9Os7Rggavw7Y01","b70hCqZuJHDKHKX/JU3eW9","b8iH5lbylBroUx+xIXwmfd","b81VTSKKBIE6xm26tHahQL","bbCaaNrG1B44K95WYc//Wr","bcep+bMxxG0a3WPS2JjvKO","beoYSK8dZFroZVWQQh6IEw","ber3tUrLREL4HpvpzSj8/a","bf33A9VD5JsZOXguvZFGWw","c4dlObR2JNT5jbm/zG8hZa","c5g/XnjnVFepdhhT7iFPOh","c76GTnftZMOqxFAb/CbndN","c8hbhwTHtLdbX6C0GnPV3W","caULL84KBK9qZIek//VUqz","ccAL0B3vlP15j+WKk51zbc","ccbvWW3HFMhrdVD/8s4eVG","cdayT8+1pFzZZRK5txVpJg","cdu5zsX5RBgYbc5hnp79a+","d8eCQ4fwtCUYLRT8PnAd9/","dbWU/LTlhAHrZtyEhPmFuW","ddyDqCviZFQblcingMvVop","dd7DfLapZAirnEMmmadf9g","dfxAlLK0lIa4cIEhW4MDdU","e14I+Rs05Ce67aqBH2Cw4p","eaF2nqwLZAfJK4TOLkOWAI","edTKiP+o9BzroVbzx7KWx5","efOL9FeGpPsKVqQOTK5H3z","efPRU/bwZB6pvcu6eKEw2d","f0QKPx4x5GZIygnMgftiQK","f1L1PfLl1LJpycnDKJb2/H","f2Wrcl0B5CJ4tngpnX55yz","f2b5Akxy9IepfrHVJemhc0","f3/RgSzCxHQoK/ZtLktDTk","f4I5UhwAJAZol21wGpas42","f81GJNWSVONZ5ZMe7ySskq","faFC9SAiZGXoSvThHOr2wD","fd/mwdk9RNDZVG3g0Mt2H9","00A82fZNVALIKlKIxPwXni","00eU0XbNhGCqS5in6Uabci","0139zoHClFjJxm2yZue3Ro","05/1fhMuZPlbvo2+XSh11B","07+jxEWYBMSbvlIKla/sGq","089DMw4ypFZpSETQEUHm3g","0dpZKK4/RG75OtDlFBYFXW","1079dxpjVIJKLFM/sncYag","113313+5dNvKRab3STcrk9","17BvXLIQJBYYM36d1y7XK9","19Hy7PZFtKab6Nr+pN1a+4","1a/INAF3pI0LzOWyDMxHu5","1b0On1voxGirHASGEdJIwS","1fdYL/KVtE/4h3hTWIOjt7","1f52TU3qlFYqSNdzXtGSgv","21huxGGPFNIaeqAIfk89Xa","22zk28WP1Pa67GmlraPh1+","23R/454slL7YcxVoaQ72RZ","24McF/fC9NYZvcrUUczp5N","27qNF8yEtIqrtYgViWxb8e","28Gev4IzZKa7sp5S32Im5Z","28RRKzqGhAg46KQ6EuV4U3","2bAyyK2q1BVZQEA7Pu+2OC","2chqSR0FBEn58jM7DGsJbP","2dGmm0bFVK9LxoSEpci+7d","2dsu/xlfpBoK+mSDTB/k5A","33n/NCFDhOALpLcEQfvIN4","39gUV2yH9N8Yyx+lLaeyPx","3a2YQxtQxNO680rd8zjCWE","44jxWXenZC35kDKr/OLi2F","46vr+bI05Lt5NzhE9EIHOy","48FzB5HpxPi7Rjom+cygoD","4dpeVwhvhLPY8eaW10d27q","4dr/xbaTVPGL+tJxuoBbNL","4dyoUOKpRF0LI7ZvH4eau2","4eODSzMqhI+ag0SsmIrX/R","4fkgK2kvZNk4Epnu/G9Edu","52IPrERERNVIBHFHMNiybn","53z2npLB9CNKgo8JUuXnJu","57PMSE7upDk4aze9MKI+Gs","57f6mW7IpLwo2rlE4Srza5","58lCsf/8JEoZlOq9w82NW5","5byHq+fWZO9JLwBdMzWX7D","5eHGwNUrJN5K+N+eh/HPQY","5fKZpCFqBNsruNeNEght5Y","65cNYGEgtHUruMU40Gzpu2","66R0ZmLpVLIo5FhXhPn+hu","6aOluU0P5O4qTnhBafGKf5","6bN5bBGaZJ37lPeo7h6Kwj","6cNE7xtyVBdrVV2e1iNptR","710kfS1j5G+7scS7wgUZhL","72GyaWjZ1HDq4ca3d87vFT","72Lwvq3Q1OyqWFtrFjQ/oS","72wXfcVchLwKgLGCplZITe","77IBEMpvVMz69Q6oqZrrn6","7aLZWCF5VETrCJ8qlU6UF+","7cm9ZXY7NGaJzOW0ahxAJv","7ct6J5JHRL6JIvXZy6HYdy","850UBB+4tB2KqbbCe6aLHN","87XEroXbRL3rAlWP9HNfTL","88o0pfNUdMA5IDUThd3SGN","8bQAwOiJpDI73KjrfJ7bgL","8bTcCuG8REkZM03tb+ju9X","8eRYo6vmFET7ii9KWm24SA","8fDhfQu3JK36+t2Bc1iM7p","905N9h46dGILRlYHa9O+Dt","93GdsEeCNGEoAUKEQ0VIbX","95OzyuS3VJCJO8UikSd7xt","a2lqeBGBpKl6I6825U5Gxt","a3Qqd1D05FHKOGuU6VYMR6","a3fx13q8RGOrCUsqJLrrJx","a3vusuvJBGLqSsnqT8ZWb+","a31xq4BvhGAatMdNH1TTw1","a6s19QtY5HhoYpEs8hiLoo","a9N3rGr6JBR4J2omEds9+2","ae+exjFEpFmLNzDez2zJbz","afI23kMUVGoIKk8FRBcyVP","b1DXxYGPFMNIDJUwii1Pss","b3nbQh2khPhoAZhdbJTOPa","b3zwpY6T9ESrpyEJ+N9BMF","b3+TSwSTxCgaZnUy6geeNz","b4mstS7NROGKHrCFI6EuPi","b60rPPvRdM5rxrNYUgX7/O","bfECNlgKpAcL+E5minlR2q","bf4Ex7QQNKK51D8f4vY0BF","c5lT9JN4xMA5gKZJC7xOTr","c5vy1zuUtCia064Lbsf2Yg","c5xfyVBRlM2I31dSoZ+KiI","c6V5coukhNwL/WP0q50kpf","cfqueLSK1MWLVQzQ8fmbm8","d0l6DHghBIaK1tPU8WpdkO","d1P5Ie1SBEi4SYyEsxmHxI","d3LSzBoLRL5L14NHGviyie","d7B4vcEV1GT7qYigLFU3E0","d8kq4UTkFBKZZoUrPy11Io","d9J622eYRPWYTIPLykL7cP","dbthDmre1McKKTRXG7vt7J","dcc+oC0vlJ7as6+MJesM04","deQBXfxKJMoYfMM8AiHv9z","dfue+bQ/9GzaEhVbC39O47","e2xDieukJIr4P3KWRK5IMm","e30VcAAfNOw6ZgFffI4947","e6CngBfnhL9rTASeOy10/3","e6KmNoSaBAcKqf1RSDppRu","e6sDneI2NOUoxmHn/MbrBA","e804sIrj9MBJzVR1XbgJSk","eeYcWD4o5Ho52X60UWofDo","efBzEulqNE3Zeu5RPo2pI7","f0bmxLXe1LFIBnWmMG+eld","f1iMvQJldGzp9gE6Pwsmjx","f2+6cAyDFJsbT3BwIjNOWK","f6JjXkwCJDCLaAU2RD6AO4","f6N55WgcJNvqmL7jQ6Drc2","f78v6R9aZLLqrITdH3XYdj","fc+asH0rRAALkTiZTlMPmf","ffrAibEStDJLPF5INdVbKa","00ApEYVNVGVKtfwIbex/cg","00LWCkRchGvakDlxNQirSV","00WqBFGilLrZmFxC65kw6e","00gIGs3uZCFoVNInBfP0E5","00o95L5XdHt5i4OIp+cZji","003SqykppPY5qQfIy+QamS","01ax/L4lBPW7ojHg926bgH","015vA8k4BN+ZFAflOdD7i5","02N1eMkCFPl4K0AD34Bo6S","02XP7Z8C9DPaht40r1tUtP","02qG7jtn5NGqjB1wAByAQb","02xifUeR1Gp5IiOL9RCmKI","02zPqWLUhP06B2cvAlcGgR","03PNk5rRZP5bMJ9h/urUG/","037JMe+QlCbKg6voJEdPV6","04I0Jcgw1Hc6u0fsd24tao","04Py/eOjhFPbeKc/4PpBfz","04ShAPEk1GW41n4KbOwqDJ","04WefoYlJFb7leFrM5Jyk+","04ZdIJYMhHzpwrhYZ38TCM","04gktvt4lJX59rHwm7bEpM","046lNJ2dFCkrXppTLZzPQD","04+erZIEtJBp1cCOsT+7/0","05iSDdN/NOZ5oBc/bE7wS0","06XMPimlhK343Cjc0puD3B","06jZWQ6WxI96XG1m+gWnqJ","06kMn1kTtMlp4xp2qtvXir","06k0ueo6ZLnJdH48zvbxWp","06/MGGIKVNXrHJGH6Fhr8U","07TBQYyzJEI7GNqgDUuC0Q","070cZVWUFA1pYg210nZzs4","07471MvtFMn5TuVDRbARTC","08WJXnmdVK4KryGbfX/d6r","0834pM3NJKKKKKB67sJ75F","0881/dihNJB6x59DN/Mo/Y","09K3wv+p5EBKb7wTLjNdpo","09iqDr0X9EXbzBBX+nK6Ew","09pfxuLiVLjqpTfHI0PfAr","09soroUzRJkIYUSeq1Z9AU","0aQGoM2pJE3Z5oq2dwn0Kk","0aZBSiHaxCwZsnePHb3qf4","0bGNuhIWNI0oldbvbADhuA","0bIUcMmpNBUpVtuXCM+byC","0bVNYtZXlCq7c3tvdnssYU","0bYA4ifsxGvbN1cNevtvl0","0bkU77YwxGJYScR224888w","0byJTSYvFDeaTJ3nrAwpff","0b+tki2eBEK7FWoQVM1zvF","0cFXvc9yRKM4kNqENoOVub","0cc3rB0ERNPoeG2GOtJiXw","0cjPuPu6ZJVIw+xtCOImo1","0dBNt2YIVOSJIkTSBkcjPO","0dZ5O0EntId40+rYH6Xnm2","0dmZbJj7RJBrk7k/JHHReP","0duCjJfChARpTdqhYsQJHp","0d+E3opXZMHrVDe0TC7vcs","0eBLbDlZBGAbmhLJ4IFPih","0eEWQ4XjVOVoWwcWlUQJyp","0eZ/p4z9xBEqAbQVuepjPV","0ejsYeNoxDV4K6P02CYkaH","0eshVUdTlD6bnNOVlEfU5V","0e+4+aERdI8pavWhBN9aMo","0fJB7xLzVNxq4y5D/8Ikg1","0fJqWcrBBIcLgCZIzl2tWM","0fVPJn1GpKaqtmuE9kN6yz","0fWYR3+XZP94ubDA6HcQ1z","0f0Qs6SwJFcr5BFrMq70Vk","10QusXWg5OB4c9edFpNRdX","10hAl9biFB1LDUC973RifH","10jo1POK5DsqsPz/gzGmdw","11B8e4eNZEzqhYfligJuNK","11ene6JTVGyKlfOd2vAf1G","11ipS7T5NAn4P9wgDQmr4/","11l5PMCddMuL8VCruWpXwZ","110CNCpbVNkY30KyYSrYu8","115X8N/gxKmIwWDvLrgWoe","12Q40k0lVPVLNBm9rP2uXa","12S/X4a6xBT7QrFNLEfTw6","12Tg14+DZIEogxSpRxv2Au","12l6XSQbdAsJnKttE4gzGe","13NSqC1LxDDp1iFZb/RlKZ","13fNtyNy5OXbqLCz6fXZ7b","13jaBaKN9DepSTnUFH1ELH","13k23vdAtOPask2/kmKc6q","13/E3j4LFIT7kol+y1VdlQ","14Mn3+191Muqp8NMBHu5mX","14Np/KiHpB+b3lzW5I+iov","14OSRzKapPXqhVUGZ3QUaC","15ZBj6wNhNBbbIwAAmN0YA","159MI5+nBBh4pRUWhlOLlI","16CUAFudxDc60mCBFwXmEN","16KqDt7aFFK7a6kDTrijR/","17A5wj6HlHTLe4SB8BPEb8","17b6eopYlA5b7UeakpiTqA","17eIK55BNMpJbYEGFmJW+Y","17s9BvGRpPOI1sJ+FLxMnw","17+C6TyPlPHYZ28MUNaD05","18Eq3cTuxLc5tkp/qV8BV5","18NsXUo7lH4pzgEWCPl5Fe","18W3S9eWFLqpp6aOsA/toW","18ZzMntQtPqrqiRto6cW5L","18l5ywBNBJ7rqFwcItBX8U","19G5PPuJZEiJvIVMJudjrm","19wxGHFBdHDKGG7Y7bX0fN","1aUoo9lX5DG7eqfgRVivCe","1agnTWuclLDIg93srIJoC4","1apLFnSyNP2KacsKYsu5P7","1bomkbfyJL65zKJC+b6msP","1bo5I/HpdMxoVvHY6y+qGY","1bsaXcXfRL6Ls0XFxI4Zk1","1cM2tBNRRMPZI5pvezDOwQ","1ciLAGR1ZPIr/kF6gdGScj","1dBuD8i5dHaL6O7kb8Rbal","1dI/jodGZNK4mOGLYPqszs","1dbli0DuZMUbkB/VRR7VoE","1eL5C89phF6K+IfbKYEpia","1eg9SfSKBLSpny36iF8CPw","1ew+Rh8sZHzoO/kqBM1dVv","1ezYGgo+ZG94rMEUE6aVm3","1fAN4RYVRHcIAvJ1kdoKVJ","1fUY1d4hRHpZi76o/BY0Vc","1faTrPUQFKlY3POq7LVAEn","1fdCDoSDtObbJQzE5toFyZ","20RhAeFhxOUKSvogQU41cR","20zhj+ir9EoZathV7UkBF8","21gV0e+g1Jv7xSJzZphqQN","21wkh/vDZDWr8R9Mb5+4m/","210DbzePpOR4k26tevS6Q+","22HeLHxi1FQ4XPymZ3KXON","22QH/CDSZC3IKuSnx+wg9q","22dANkIQpADpNaYlAlW9K3","22rRPW6SpGT5o0I4RIGKWv","22z8iLMsNNFpROvODryrq+","2262h8tKpBXb+rL993pdRM","23Hq98NRtLOoM9rjOE19N1","23KOJWP8pKKJ8ZNSuexPoL","23eGVZZjtF5YktH9mDs/jx","23iLrpedFOFZr/54wWXpkV","23n1sPbZdF55eNs6+bytPw","237iEqFKtFLKiAoc5V/hOz","24UjBETgxMwZykdlAtTzDf","24VnGHBQtGG6P/+hKB0rX0","24wRkX5FBN7KL9JxKaNmTK","247I2LaRlPXIV1UwJAL0vL","25M+uGZ81MRKH3Gc8rIUyU","25nSUmWtBBdqtHLk3tQNxR","26mpP0SShHxqIxafUK6c3V","26tJ/67LtC+6R5YqWFRKDq","262lB07wNC5rUnc/LScSEo","27Fbm89eFFy7gM9Ic2hEvl","27RVAh+c5PSpAerE7w0m8W","27mjzEagVPXZMzjLwU9nR5","271p87uZNACoRnd89BA2ld","28IizleUNJeJoIyX0reSAF","28nuuKS8dAK5qosNCdXQwV","29FYIk+N1GYaeWH/q1NxQO","29XhsIFzJMu7Tfx5wGhTiR","29jctIR7FJqZbBfRxKQnlW","2aLMD50p1LlrR9r1lE7Teo","2aR+TDR1lJAIMwT/2XkcLA","2aZ+Szk0FLHpqtGAb7PEEB","2ano2aIntOPK6MFqImSjDr","2asxhCEhtIlJiTBU/DTcyR","2bMQzFu8lEHa63HTbcZ5C3","2beN7JgUJA3YsVo9zwszqY","2brIhz6CtGaIEGxzYanqOV","2cdHEqhFlJnZChE+IaGXYp","2cwVAVIp5MHLk3eRbhy7+M","2dC15FTMpEpa8CABU9uYoe","2dKKj/MrhIwY5ueJEB10cg","2dRznQiR9A0JoKgIyIo42j","2daKLiGF1McZOR+fRTjifK","2dh4y6+plOHZEfYzn2QN1D","2e61JtArZLNoSnmQEWmpHs","2e/JaFbQFMqo4YOU0YVcRL","2fCAV0925HNYuzZ8aZR/+H","2fWxw3BS5KmoWumL3VdhDj","2flIat9VZD0o9SG7mXyTyi","2fwkE3hJdBu7LCUmFgq8cM","30gat3omZFWJlwjX1Da6lk","31jiJnGXFFXYBrikzPRQjS","31lXa0jqZBLb9djs6JJt/A","31/Xz+g39Nr4LMPwL9uzWx","32Y1prrixE9pGUMm7yZVuc","326TR4kvtBCLdpiwXIbeyM","328yYzp5RE9IN6YuXe3wrb","32/VGeZVJGt65NO9z6xufj","33FA5V4GRMHY2XrWGLKEnI","33HpgtIpJDCa2pd8k0Tboh","33WlsXzR1MxpIfFL31i4TF","33f6X4g/NMV7JPUJYzPGtd","33ySzUfqFDxLCV9vt7xbhT","34oUywjUBNqq8/JgfG7BXa","34zVssidhFh7Qt2Rwej/28","35TCz5iQ5LNI+W7XCtt0Tq","35VTuvwxFPrbjNgfQZtNMf","35tDfyU4hI0r3MkQtE8cQo","3560s9HPtGXbonsAcFJOdf","36McuNlnhGoaBPK1CigPlA","36Z3xQh7JHkYVAnhGxeYBX","36fyP8QDJFcaOllVt4p+T6","36tSNlhA9Ly7HigVFkX1VL","37hygaybdB1Z4JK25IguIR","37pGBtT7dBkYxwjHdN/xL5","377zewAC5N3LYxtCnlrwtt","378AMUHPNDpabbgUGvNFNo","38VwO6gXdAIoCEhizATXP3","38ZeG7WZtKgpz1UBca7V+g","38dUWL8G9NyJPeRxVI4Zez","38qTCwqYVC8ZHb4U654Bj+","38/cSJ0sVI/KJdqe8DE6eY","39H5p0sIRP+rfgQZ8jO/rp","39b8dFguZPvbCizmoe6NQ3","39kaY2VlRBcZzEiN8oXAjE","3ae7efMv1CLq2ilvUY/tQi","3aiBjMKd9AwImuk8FKKrpy","3bR2VODpFJyqYlHRS9kxEs","3bTBdx6H1BVqNRFvd+mfGM","3blGvbAA1EDqQN1L7RGdgX","3buGl1eb9E5KScTduCmlPR","3cYgYx6YBM/KQ5aWXSlwAh","3cb6kJgbVDf7P2E9qq1LHu","3dCR0MXx1HBY08aSP2T1Mh","3dmbKZRAJFNb4Wgzn0dID0","3dqkGEiXFI/YtNT4OrZnh+","3emukv9gdNcp4zinBvDQGx","3esyGBfupIFarsxFrFYWji","3fUR6wUAVD9Lp1SwOVh8DW","3fgda8CmZC3bahY+Ubq9YB","3fk+PCCK5Pf7t+kYbYlplp","3fz85ydjpOtJnP9OkAXBLa","40NP003oxIhK64FKNC6kTc","40zKGqD/RMypgTf9stSox6","41tSbxTEpPmLMh/CXjjtsH","41+9r6Cz5PRK4EuaJJA5ES","42gEjVl8NN+6iRlBACnLcv","423nw850xGVr8sr7+Ot/Ou","427I+gFG1K/Jf5+gv7OTXN","4275cha65JtJQro1Bb3V3W","42+JKRs/NOxKrITnboJ3LS","43dpGcwJ9DtIuS0V24D6nJ","43pM9gJ5JOWYby463jfoIC","44BBgszkhBCrVFC6buQY7I","44HMJAkpdCoqRcgh3WWdEV","44SBQPnMJBnZeT8UudgsAp","44/RFm9hZGKqsjDJePPLry","45NLRHsLJOBYM4ZMo2uipK","46LcPUMwJLKrTLPeH4wEdS","46ete7B0BIVac8w0wyWmzX","46wSe+XI1Hu7qTKnD2HFoi","47TZbrhNhLv4kSmIWxz7IH","47vxIjSkRPbpeZHeVBOYB+","473mijOAdI+LXkKA8/dHI+","47/xEbn9VKxqYbIuNA73Al","48AaT2nUJNKau7d+AP1gnN","48A9I8p1ZPQoUTvFQwL0FH","48DQ9fqAhKrozKIf8AJLJM","48E2EizBBFt7NExzQ57FfV","48hP+OBPpBWJJRYmIe3q8a","49E9kK4PlCN7//BfheZhfr","49xget1uVBYbjTvRrO1eps","49/ilCKsJL14AauZXUImyY","4aqtWCWnFAEplDl2iPkywk","4a2CXXtk9K8ZSZahMtbj72","4a2jkbUZNNn69xsH+pbEsh","4a/G6CBb9O2oQci4KrjPJS","4bWknQJ0FOu6Zyq9WtGkP5","4bXH2tnTVBZZ5/hJXzJ/Fl","4boyT0KNJPPLzpWt1aLZM8","4bxE7IwttJcZnmw5yo24NJ","4b+qsZB3BCQbVKHQvx23YU","4cRop8nBZMPIFIMNgE2T15","4cjOFnxXlLopkwGIKqMg0t","4coLmKOVROCK3DoEPgsaLC","4cy344R6tAroVUmE8qxpeK","4dHEr3/bBNPYhwBsn0N8la","4dI2Ucl6tKDZeQxdAJtakd","4dLTU27GlEvpGwQMT1D93I","4dOvBz+JlOdbiadCNSDbiK","4dqsjlWc5NkJHs1NjlkxEX","4d9dIbsvhGxIVdvNJyV3O9","4eA0jzGuVJT4nLM5tH+ge4","4eDZOMPdtKD5WMdK8bRg9E","4eRYTYhJZN65br06JRpqlf","4eYpxfotNPkJt2CitJwIz4","4e72RtAVNI/7XjmawvJi6N","4e86tigNBAoofmaXaakLC9","4fZ6u3ZFRLaJ6kNIH+rH3G","4feWTvvPVNopXPoFxF3xXn","4fzH8g7INI9bB6ys3W/6EU","50DPyXaFZMbrKfwshWWfNm","50NFcBiG1BB43yfn+JxH1y","50uZEtiZxL5oQTtWEkZIcM","51doAVDCBMbr9gkz2GOnen","511t77h5dGfbEmfrANmA0I","515TDBSEpOj4zfoCcrgwPU","52CkaerPFLdq94EMFEB34/","52KfRg7NJBXa4ltrhTukV5","52LnR6FHFEqLu4WOmgBaPp","52MgiTWkJGaJcmixdU546W","52m6sMaH5PoJfJ7dk+YIYg","52w0xJPy5EToelcFZnDO3Z","5217nh2wRF97mNTQEclsGw","53escOFDFOuZvWT2RABHgY","535wzy2G5E+KuqmBGBXhgy","538FEs+UlAlamcspcsotlr","54WFMD8NhPl4UGU2LN4zPa","54kqdDJUFHq4gBY/tvR4LC","54sIGcjENK16NFvlAZwN71","54/fUT4DlKlIuAIgwJEdzR","55RySdF4ZMEp3Uu2f3g7Oq","55WgZKfV5NYJjHyJPXUs+s","55xyobwgZHD5Jh9XTsjsUL","55yEBQIjBIdprWf9sT5D7x","552V2KmixFzKl/MxLkMhot","55/fq0uSBNX7vvdWb/6kRr","56Ao/SMOdGRK0pTePjUNh7","56ChErHVRBf5TxNU48qyvp","56SBmGX3xO6K5kiP2SaNnD","56hW0Mn5JOPI8RcN84YyW+","57jwO/PGlE+on3g45/Dbvr","57pnLqU/xLY5atMNOn6qBc","58PYn/iiZPCqt1W36MY4lv","58PxtOT69NTpMCYJxN9AnI","58wWId37hDCJcwCKwlltvm","58z1zdYvdEJYKjFoRewHcI","581c9lExhMboaGio/1bBXY","582a5Mq11IH7sXiKEo5hwZ","5874j3C0NA5oG6fSuSb0Hr","5894itO/RCCIPXOTGAZ7+M","58+4AeJGFBD5k+YZG3LTjt","59THJzdtFIfJP3PU4huG5a","59iyQlsUVNyqVD5qsl18ba","59vBvvj4JD8o41b3ZUYjlP","5aiTFwBjpL84RgLCFDyKxz","5aqJ8/TGlJLZJtfEYUgQ9m","5aqiOT0wtOnYPG9KzfcxRY","5a25iF4Y9PwogVx/qv1hNx","5bG1emMVlMf4pgj735406Y","5bKPcBNMlM1LGVD7sm4TQM","5bMs99I05EAbMiJhYwQWlg","5bn5V2oABJC5m1TC07ccEz","5bplLMKJBFTY0IgzTUA0GX","5cJvmrCcNI15Ry9PVlkeAb","5cO7kybDxGj4ipyMYdRYZB","5cQdnQrNJPi4r9ISJ0bbgH","5cZDFpSi1KHplIvTlDJWvn","5cnSZ0RX1CTYRa2K1uppav","5dDsGikEhPKJiv2CQv8LIJ","5dK4DMWb5FGICkfNOvkHJQ","5db05vqhVOsKhBuhdlwnI2","5dhPrXqcJNs5VDm2/xG/yN","5dkZyjMllPC7H93gIytPgU","5dzQLhnbJO2qhop+395OM/","5eEPFuSR1KYYBcgKUGWghz","5eKGnHDiNB560GtuvAdLED","5eZKyHj9VEsY/H7PVMb00P","5f5dyqtRNNxaFmVzYns6FZ","60rgUNsM9FlrJvs8yh6eaI","60tYSGZ3xISqm9mk3MO0dF","61Acv7NdFH1JZMZmkGLSUt","61V4wYGw9B+a0D9nIPB0Sg","61i/Hrb2pHhZrWUkZVVZ2d","61/XBFXj5DJqJL+DFAF2u6","62ZLOlu9JBdKysEPu63+QN","62xTpmMK1LLbVF7t1hiIzj","6223dXUpdIMZU7ehfTJHPr","63DRRG6YpC0Kb+0N+QbImw","63avCm1KNCuL1mbYio9sge","63m6e9wd9Af4PBlUUpHhN9","64hm/ml49EzrFf121cC3kU","64n2M6gDFCI6drMDVEYPu3","65Dy11ELlJc7fq/kw0EyIo","65yNGQAPNB1KNklL3UMfP7","66lDSzs9FEcaAAHpAajJC2","66yaA39jxKG6kdjLGFGBDO","662fxZWcdDL5VkKX2bKLs8","67wQ0GLzlHGoSpDQUuExfu","68r9BgiRpNQ7JMA58TeT92","68xVLiMNpCUomuklZzGwKP","69FXDYdAVK/7xqKWSqHpoT","69nGOAQtxILITnO5KWESMI","69rDsmfStKord2yOxajiBJ","6bAo5iRWBH+o0mu/Exr3oO","6bIyLEJBhD8JXMFPhLMyE1","6bQDl0CjJDF7NqD9w6BMSx","6bk1DcfFlE+LXkRqfzbMAS","6bwdLHKwdET7qwPnOYv/vy","6b7u315btNf4Y5VOKUYrhL","6cFij1kOtFhKalahkQgAgo","6cUSDdKypKlZbGNv8Lpk5w","6crxQuEiVO/5lbgopnUJQQ","6c0L0aryJAaLcyeFtRm/rL","6dLhA+7AVAuqeL3eN9Sb35","6dfbxqZmlP9LIoiy+cvDxi","6dhS6fz2VMNI+FnCz7+XSM","6du0VFDGNJebi3GfOFXjh7","6dvDs9mGZNfq8aC64juZw0","6dwy+iOWBDvJs1wGmyXKLP","6eeP9ptJlCv4XVSi40PXcY","6fLIb6CHFDgp4S0bjexlC7","6fsatc21BCBYmwGDZFJdQa","6fwnRX8eJGO6cTKCtPSR91","70GbzVY+5Lrrx+/d2s/Shf","70MSxq9eFOUJ8UuB6KFubY","70QRfbLzlAkZctopohagRm","70fa8+eXdCYre8vz2a4pxj","70rytDelFDVYKNsz7kINLN","708QHDt6RPqoOJ4y0V0QRz","71U/PVOZZIqru5rM0iZhbt","71Vypd0yhN0Ym4ZupYNl53","71lzvF9BlLYJN1UaB/nimp","71puBzu+pLZoJefbcFfSbD","71wjvGjuBJSIh+oZLHbl/C","712rInVb9NjqqMNKaRGwjj","715hw4TRNHDYTm2te2u3qY","72QUAaljBJv51y5p2BL2wB","72s0IdqutPxpcJ2LGPZUlJ","7245QHwd9DPaQenTGKNj7i","726jShS71KSbcdoTPfYMj4","73yqI8v+NAqIBuT16Adsvc","731HFiF/BM246YjnlydtKm","733SsalABMLJOCfop4fR5l","735imTjOhJZJkMR2cza7G1","73+hPao2pHboJT6IoHw9m+","74A2rkkRtBIacdoVVoyCdm","74JOYsLX1Mxqj0U/3HSVCl","74LbKQnbpOZbSNqETCGHDW","74YvUFk45K2ZGg9lI7daJ1","74hNk1QSpPqZtROsoSZ4/U","74/HawuLFGYLVcm6NRTYeB","75EsUUgEpJao6Uo/2sg/+e","75YQqUKTZK65dtsNWAftxZ","752xj030FBxLSeLOENNk2E","7564g/Vr1Fj6/lpuyFrVMN","76QzSiT3RGOonUEbmqjYXL","76UATS1TVACJwi862tBWJC","76YHKD85BCiJZ+YdO02NsB","76cDvHdupHf5EoNkOp7DSh","76nmIE4hVP+7uiKN9Uwbi5","76wV4QUuVOLbZEGjxrKg0Y","76x01laFFFyLHnPO+aDDeQ","77Xd+2qQdHFKIR1Ldi9HqO","77gVBuHpxKTb5bYUQAyqfP","77u+waj3xLpqyiDhlnwp3v","77wDmuqO1EL6JoBTpJu/0O","774f5K389BIpZoubY2lDhD","776ajSw4JJKL6ccguqRxHQ","78JGK4fFhEK7D2BRI91Zp4","78TWjIgfxO2Ib/LWmWShQo","78ZX9WEfdBv5zNwnfSuiH2","79HAOHpB9BebQ67IQ6Y3qI","79MQppHxFGFrKkacBnonuk","79gonxSjlAo7IJTGNGfsW4","79nsJvbEtHeqdDe/4uIkp7","79x3heyFdNh4qjmrNy1K6+","7aXFH0fuJFqLZztlNBBYQo","7aqUnaaDdFYrWUBWpmUhlw","7auguAFA9DyKUl9woeqsIg","7a4Dl4zMJM34fvCqbwSXb2","7a/QZLET9IDreTiBfRn2PD","7bQUqJ3Y9HEZUcnlYB4YCM","7bWw6zthNAgb3+qnIe8rTu","7bZw4gpT1Jv7C0skuEZnNz","7bfrFSnjlKuL8aVI8Oa4jq","7bqITAo5pJO4S+1Cw/pz0e","7cBMO8pndMUqeBbpzICOR9","7cRloMIxlI2qIqM7Tfedqo","7ct9icdzxFSpq8ApBhr4OS","7cywZOo49LCZvfgCos40LA","7dH5ZTJ/ZEFIYYu9Azji8B","7dXk3TMjlED6Q1NSG75eQi","7ddDRddddJEKX55CACT5bI","7d/EOb2BdDu7Z9ySyRcOL9","7ekHPak2dE5os0llXbV4Py","7epHxEJqNGZr4zE0JqeRmc","7e3WNFPPRBQaOd0fjjric9","7flslRZhNPjImBkGCbnIiN","80AypYa9BLO5Ah2tgk67xY","80yKPXFQZBYJ1jnq5OJV9k","803rcioM5NsKQDupY9Bhvu","81BYqLYsxP/5u3fNAQlj/s","81dTV3OlVJ9boTTrnMzWSH","82ZjT3lIZKQ5R9f19b0r92","82sH5l7YFBhreFKySp13wv","83B2zzTu5DX4RJaUAVM7PR","83JHfAyuFPCZ6lAohoR7Tr","83oR9Q3+5GxbETm/E1c367","83rA6mepxC8oZ2bNs4Sc6K","84CeMDIXtNg4mqkpags8vu","84LDmNQWROPo0Xt5f7F03S","84NqTRq7hKfZTffQwe1j9w","84Zr2U2+5HuIe9bORutbF0","84dP6LWE9E9IW2fQ4+QMCv","84ePD5zAxDmpT1fQNSndP4","84yfs2WX9KPZU5K5ayIGja","85MesIhoJLgr1zr3GpanbQ","85RngLXWdOGrFebVXHnqNZ","85YCncCs9JpJAqcpE14y/V","85qyMMbVhI9ptgYrqglCd3","85soLCGThAx5/dcl4IN7KR","85vWpRapJNUpRvYmjP0Fbi","85+PMe3UhFe58GlAcSE0Sv","86HG/PT6xCXKuiwc25V4K+","86IgKGJjhHHY7lwb1Npb99","86rWmr8U1MnoY+G0Zq2EkV","87dq2wv8ZGkJjjh68P8lEo","87h73NQQhKM7OvpYOoGrwW","88IJzKXC9D/7Wln+YPxM/p","88JmnuENRBZ5yN9yDNFW6M","88emaFZaBC7ZUHMswW0fHO","88lT661eNA1LFoY3ra0dxl","88pWL/y/hPhLXrlmp/Sv/Q","88wQPnNw1LLYgzSzlq3eR+","88yUDvAQBOsJfbbm6O77Y3","885/FaD6JCsbCJGv8cctVO","89LtAV/wxNLJ3vgNLAmT3E","89UcWkDWJGCpFG3ICJwTOM","89cY+YYDdD1qqqIi0b/umm","89mhtiXwtNzpVVtjOVJNcb","8aJwUUOjpNqbwHRWjFqYPt","8adS/u+ptAOqqheSFnOgtz","8a3pzBP75JFLBfK4Ilim/x","8cKiaip2JFwbTOGzqeDzIa","8c5ZFTHI1AWqCvDOrQT7Cd","8dYEAEQzBKbbWAcyqC0880","8d0fh058BAN6PcM9919U9+","8eDI+PYT9K/4nn33v3YrJq","8eGwUOcBtI0ah1cNFyPBwQ","8eNrFNMohFl5viPCBRxIq0","8eO3OttQRMr5/yL23eE2SZ","8egeBybhZGn6nUczzOJNAN","8e2EIfqktMorYBRFirQyJx","8e7nvkX5VIT4DbWuHFU3bY","8fSbbAv15MDKEeDbb+kN9R","8fhukFtO5LNYuSpucE1dic","90H9dMz+ZGBq5OtzQqv3F1","90IHkJ8sFLKJwedIhPmhHg","908DMuxTRNmKK8rGSOlZVc","91A/v6P9RFGrTa8h0FZsy2","91B8lPM71P2rCN3Be/ZRnz","91EHZ9wtJGe5XkFRyifgUO","91iG9ZxbJFJojbzc5UBbyJ","918QJAOgRB9YcKL+nmb8Tc","92Qb7Qz6dFTLTrBDvlv+Zo","92bY35hj1DE76Zc1fgrueT","93JgLxyH1KabY2HvClKCJZ","93UFGzQedLo4EAIuvHtbl+","93VMH90cpL5LlkawDHl/tf","93bhwlR0tIQa+ztXFRyLLN","94QOKsQNNN7JZmHjlCeBUB","94piowxvtOoL6wXyjF6S0j","943JKDElVC7ZnUdMGTR6G2","95HfPUMPJEu57gQ40G0sTI","954HV4zjZI8qSH/g1RXQsT","96NWIq4D9LS5wmsC8/vedb","96qSJBdkdGApHMobWlgGC7","96rle9NRpKarLvhQ/BEZxc","97HVUF/gdFHqfc5K/kyC6h","97Nv0znbJNepMkk8dHdAhe","97rD1gcq1NvZHlEUfh7To6","974OejP7VNSYXQE+RS8kC7","98O7RssIxA+7gRfyV4HmDr","99CKlxG41F/r9+VREhNfzN","99LdISeodOHJqk6JFr/wpP","99QYJmYzhALZSekk0K6wnr","99xRKMwQBPtLHBOQDQ2MP/","99zYPzEM1C+KP3ix6FfH/o","9aANNixwdEEYL5hR8eZD5d","9ane/GdxVHdL7lIU70Znlb","9aqmLHYERDbLU6YoyhUqiW","9a+L1RQulJE6ttuZoQFvAI","9bXddZnHVINoTliLisIkMB","9bi11KJFFEt4PWgUdQKf4R","9b062r87dPQK86TnWDOTzV","9b6Gvya99MmKZwxbUMShT1","9dEWzDeHVK8Laworf99HuG","9dx5piNIRKu7aVjzL248eb","9d2MmTmAtEVqt3bPftVBbR","9d7d66XQ9HVYVUvRR0DHQX","9eFq8KmIBFZq202KX226zB","9eHrlkTK1DV66+3FxAHby+","9fJgrBf9xGvIP4IWIgdiG/","9fMLVgaI5HJYdVXhEY5U3k","a0KtjojndAGJ6KAgdeilsf","a0gJohrpVJN5GtjvBQhZfZ","a0mJoRMB9CX74HRjHeQwrp","a0uWv+lZRP4YuawcR08Z1C","a0z98KOf5Bt7sbGLGS7vng","a1JV6aMl5EHo15ZakXOS1k","a1N4tEhSNNk50Z5AUQSkLf","a1OveSQTZDuITgBCDy3f9x","a1Pa43HiFGJIb5pHv6DUs1","a2MjXRFdtLlYQ5ouAFv/+R","a2S6nzXXNGqIwi2KwvBxTc","a2iIGjK+lC+bz60eFtL4va","a2tRvThxJP8K3g3Hwagfv5","a3M+lhyeVCCYNkQRqRna0m","a3ii62vnJJfKxd41iX8b75","a3zglGlm1KJop6PWvkWJkh","a4RbCS34BGW7H+YR/nxEnq","a4SANi4PNCa5YkPYwsp5/N","a4SqH95WNPDqntxeZLigcj","a4sM5KpthOLrB2LMr7EMao","a5hVqyQDROyptX/Q1FtWEV","a5vtgKN1pAYa6JKiSUv+D6","a58ASTZQNJQrMEaiZAj/QU","a6iAXotE5D0Kmc+KceqMPd","a7YYk31EBLxL0bUCPRIT3f","a7nfzLiwxNcItrQWrV4PfP","a8QufYerFKV4RqP9PgDIiC","a8RUXT3V5L+rx1DkkjHBjH","a8VAN3i+pLoqLJHmAeCw1N","a8kkPJvmBHSI3W/jwxoREA","a8o+nY7e1Loq0ViPzLmlIG","a8pz2CcGlOyr7fNrWJC5qZ","a8wzHJIoRMK4qCfbEkY0WH","a9VfJxaYRKEpNSndcIF8kv","a9jZGMFxlDrKDC82s/3aPT","a99GVHEClB1IO5QPsFDvvD","aai00rBGJA16J3UNqzArEc","aauRHcqVZFqbP8sxGX8LSB","abUuNvnzdC+aovAs8o5qdf","abnFUwlohLWLvgVTKOwBEe","ab2L4tp5ZO74Dq0UPXnS0B","ab5b30WepI0JOF6MuRKhaK","acZjErWntAeKBjPTpw5M4/","acfjyenjFJeLdQ/nW5ZP2B","aczcdIQpdCvpMM4JCwFB8t","adFMxkQqlKL5K5R8lBBx+Y","adGENbjMtPkZGx46sl7bJ6","adK+wEloFEjou85q+/z3lV","adRPGRlgVC8ZSuiRqKeBmk","adaRZyVeJLELS1O9V5sEGQ","aeTV5XIClAfLa2C7Qb9yuh","aevYgvjydEWYF0t/+5nkHJ","aex7SVLOdKV5/98l6gF6zD","afSEw5k+xIc40iKZmKHFfl","afjNdKKmZAH4jsqDkt5MCN","b0INYVOaFKOKKj28cT9+iD","b0JugGT2RNuJ8VdVEOCId3","b0KHUswdhGiYQ6jdLnp++G","b0YtQXGTJDhYgwvQrJnSpu","b1CQpmIulHIrOu9q9Apecj","b1E1ZboypAfZVb0YWFEncP","b1Jh9oR2pO5ZatlQcIRBtU","b1ma1vXj5IyKPDgE5at0K7","b2DrtnvuRINpRDmiUdAFA/","b2ECW60shKW4wyb+H2OAZL","b2mlvaN69IJ51Lj6WaZSaS","b24muQJFxG658B1sXa4Ef7","b3FiEP6OBLJ4leJ1bhVHeK","b3TCXxZHlDfrLILi4rbG2W","b3cGnc0wRH6pqT4U0tI9zr","b3uezh/9lIHYNFRPmybFxB","b3vy3gsjBPD5KNF9No7zzp","b4KeZSjTBGvbMqUVWsKoCy","b4PwCTINBAC43VNFcPOBGR","b4SX3L4NpM2a75+R34Jkkf","b4S248YoRCYoaHoNhH72to","b4tc7zIsxGGKQYldgn3lb1","b408NuCW1Ku7Ol8+aC6Jet","b5DMZzL4tMBKCE2zkc2cqs","b5SSdxTwhCmZIMJsMkGS6R","b55hvqPBJFd4izT/jFNSSi","b6FY7/OMdJ8IM1Tn8dEB0N","b6K6P0SJlAUonihObX2Lus","b6Ozq+q7NM2Ih+kzUAs0Hx","b6UUNeRQ9K6Iy+xEvNbwbu","b6UeyGoahDapZlEuNIDS50","b6VQ+OxpBN+bOeYRk0UTPs","b6bMxdIQpM+YPmNCJrUeYV","b6rMk/TyxNe6TIKIPlVGqP","b6vGR3No9Aqp0ZcmQT/3jE","b6+Sn6WGxAF5esBJTR0aRr","b6/KzRpc9P/II2Cg2b+dGc","b7cPQKdQlMzaZHyXez71GO","b7hhETW7BO+Z43ekKeCDRk","b7ijjEuvtMlYMgqRqasxn8","b7pfuX2sVPe55lBfdPxbDJ","b798QYRjFIFILCwPaW85vA","b8Ic+4thBGzYtLRdvzWGs8","b8YG3WnpJIU4BRjr/4tXxU","b8vH0TCj1PU4EeI9lY5kzy","b8wAAtzrRIFK6ZWi3hYZ7Y","b85JxzbW9DVpyLeYFEBLb1","b88vlDA8ZD+4KVRH8lcZqQ","b9KGvtRYBAV4l/J7urA6Z3","b9QeKuOLJJRIylRJD4etaL","b9ZOWn4m5GWIx1tKjO+uAg","b94tetT6VDbIREG5yM/+XQ","baCknugZ9LV4adeN2fozy5","baFcWYe1BE7YLzhA97A/oz","bc/aFhujtNkavzYPEruM/0","bdCOAB8l1E3b6LkzD24Wsm","bdDcu7a9pLGofTbyt2hujO","bdpnrc3f1By6xcAjwQc5vh","bdvlizkSdPZKdSLypGnSSk","bdwLaU+eNPu4OSZHVcNixo","beVS38DxhEza1wpNFBTcrH","beanETVKtJGrxaBY5BVmkL","bfI8OufvxLqLc3BUttGocp","c0FUQhvWFBHJDY4e23o4BP","c0PcfPdUlOuL7DEjtEmEmz","c0YDy2zkVPIp7jP4yAUsmN","c0av3f3+ZCD7YRPGM55UI3","c0d/uEWIVAD7K7Fs7JuFWX","c01ARvVIxH05WhFl5WPkGR","c1KvnBfBhH+bBOLSn0HD++","c10a574ZBJ8pbGKEqqSQvR","c2yBTiGjJMl4Oi4BoZ9l8y","c24YhUgOpD7o2PMV8JSpor","c3I8zqC49HA4AHuUV4Z0nq","c3eqrHlHBDyrl4TnHV15cR","c3ozZ8ahtCg6PRI6qiQG8u","c3q52afDRLZrLagOvHG6zf","c3083Y4jhNAI4SaXuWmpuH","c4Gju4N0hMR7KJ3R7d1jt6","c4YfYZaldHSanvdCmDmnoT","c4uHcVZXRFrKnwEU+iez3o","c5YI782uVBB6TQVXrnhZeq","c5uHu8abVHhIwTDtsGLO3S","c5xxdyZUVIh4Dckt+qiRJ6","c6BVwHDflD6ptU72jUCZch","c6G4JJuydFtYAmX/Chr6Ty","c6etZ8jRJHKotsgZiY7acr","c6e1pnEeZC7LDH/BD7pEcW","c6mclED29BXJ83kgq42zU9","c6up764lZJcbl5n4w7+Y02","c6+8AhUs5JTJMRPXRfVUoz","c7EHLTwMJGPK15zMrjmJsd","c7NFBJqXFJXZB4/QyoHCzv","c7eR9JWLVAIKDKbLgLj0GS","c7pxJD63NAFau3gqQTJtVt","c71UiCYGdMY40pVFEt20UE","c8ks+zcqVO17brCbtl4Pv1","c8rCuHcXhIzJjaA6iX220L","c8xu5GQlJKGoUN2gJb7PAw","c9NKWbgyRJdq7AKHaYU8Dl","c9O/hgaXpCgZKT7DcFgYk8","c9Q6ILs9hNwaar5xrn/PmA","c9VupEoCxGbIrIXOJwwOth","c9+YzpPGRPjbCdHATTiMHk","cadaBMUupNl4pMsW7CkZgr","casQBJABRO6aZWgLG93pfq","cbJsk6PVNNkr3JL6NRSXfV","cbM/1ebV5EY4dtdDsd6s61","cbe82N8sdA5IM+NpT5IWg7","cbfGYuFrZApY6k1vELPJcg","cbnomTg/hGTqtmiaXRit2a","cbxsZSqFdEzoKezCdqUvce","cbykUZ8zZJ5bGCwV/MfvKz","cb0uOQud9HZIVGZEmPm1m/","ccNjN1vitAmrfcjlSLQRXR","ccllnbbuxM+r6AICh0QfE2","cct+e87mBP9rFLxLzeVQ8X","cdsMk4LgNNCps/CY6aih+T","cdu1z0d0xIGYpBIth9aj25","cdxmE+OzhPAZcYFAB41cuZ","cd04EpxjJGxIrsUxUVbW39","ceLyk1IP9L3YRhC3uzV5GN","ceQrD9InRCboPCFir1yMZW","ce4e3HGXRBA6EyXhLEKAaB","cfPwZGdqVMb5OyfjwIABUB","cfRh5Jf+dN06pJyvdvjbDk","cfySOg9WBH3KRKMP1GszUM","cf61NBGEtPZbjdwvyJMQP1","cf+TCbGg1JxZai7YOv0U4M","d0P2BwNbBLLIcA0B5yondW","d0aRSi4nVDApmTGiqsZKNM","d0hZnIO45HnbeqKggJTXvE","d0+LQAEe1IZoC9bHzcmyBH","d1EpLZGp9OkZhGhyVlXkNW","d1Hoe/76tEno7haln2ZQJ/","d1RZC5VB9FCrkPS00meYah","d1g7hlv2tNpIkmYVCoePyt","d1mKD2H5FNO5BGK+6oLOcv","d1zIEcc+VHF6HvDZTEHhwJ","d2ji8nkWpET713gY6up7/O","d29EWF4/RJ44A9lfgVhguD","d3C4tq74NH96DYH0DvdOJ2","d3zLkYiWVImrnenhwHj6Ts","d4V9vYB/BD4ISx6qJBuSvi","d4WH98JSFKOLTNKrKrJe1D","d4nPy01qFJN5pxV0BOAR4r","d4uoxkvKNCeIDPQ6OyA6Bh","d4vCpyUFhJF4Fd06oMedY6","d5H1s7+HpElrnumQ7LRzKA","d5Xq7fu9RHzp0BhtA95YLU","d5iVpEiHxEWoCR48TyDpw4","d6bmIdxbJEI7myaEOfG+rS","d6ufgAWDdPh5MiEgOitZL0","d7PXr0G0FAmryaVZqvVEO2","d7YSCT1ZBFvY9bkhDdSJ+M","d7iBhoiQxBpayWlAmIxruZ","d7sNK4uP9ACYfeGVnF0KpM","d70aaNoVlCArBioc3o4CQp","d79ObuX35PXLEGX3lAinJ2","d8CsLRFqJESYNwEVTPnm/k","d8yPM+G/VOZ5YG4DqJ+aIQ","d856wgl1FJrZYujqm+GAb5","d9Ahyu//9IsKvgJ6cN7sGT","d9FZm6c81Cuboscnw2lGPp","d9Yob9yXlDvI0M6E9Yd26A","d9ufsWu8BOUJFU5wQlpNt8","daFWxEXjJNJotWGiSMFwID","daTpMFhoRCwpQhGAb88B1F","dbF1qI5hZBr6vLngv/mbPB","dbl4AiluRGirSScZ8TwE6o","db6A34TJBO67aPis94EQgC","dcCNfkXiRDErznWh+e7+Qe","dcOBZgNxFLmpkf+hQfNwc2","dcOCek7j1KE5Hf4FQmtpBT","dcOCj3GEtAArU8H62AfmTO","dcTv7n8BxLUr/agOzbzi+/","dcXzMO1bpDcpO5zGRWFW+K","dczGSXQjZCeYU2VVL9qIwk","ddpAgKIp5K/qbWQP59JZgq","dd8z/0TmBKVLAWZTQ/cafw","dd/k/Bf3lG8rtokyWNypie","deaZezsVVB6K2Dr7Rn67Gt","deyQELW1BCJJ3TQwEEopAp","dfBf/VAvVEdZLqNxEMBniU","dfMEyFWapPqbnP5wUo53uQ","dfTXG/XM5CuY+Nv3bae9qQ","dfyW6GrRtHlLg5dzJ2Yf+q","e0ZtQzQpZCeoh24zBNshnL","e0unthyGlO3JM267ZAiDKR","e09VVmqERDlrPqRhdXWkzY","e1FniMBeVNrpCvOuX91J1F","e1JU1xBttNJIBoFSIx8xXD","e1OMu3yLZM1pqi5e3hkuqm","e1PzOg0chJuYO5CNTBEVr+","e1bK1DVjlMsZSAI6S6Y5fh","e15h3lNBFEgao2n7wrqtRz","e17CIhjZRAzYZiSI8zl0TD","e2G2+33P1A3bZj3Yl/qMN2","e2V5Lk/iZJ56FEUr29Xr70","e2zI4b09FPSYQPn+9ff4pI","e3b1s+DvhF1p3542hDy1y0","e3edo/vMtMSpXofzS1Pf4C","e3kNnK/gxGKIEsARN7kLSH","e3/9beybRCjIjOkcmAf37I","e4tMi/LFVFSoDC3+3XUB6E","e4wbQUVM5Ihp6aV8vPtUyQ","e47JQg9udMqa5MHba2sZM3","e5HlWk+TFMqJLeW7ddXwSU","e5IRn+GShG76QeCf+VzAEk","e5uksYYitJCYxiZu7OoOWb","e51ysOnIJEsq3/qETqaYMu","e6AVir8BlI6I4HC8nlXuhr","e6Tg+8mP5CXLCetjSSOhR/","e7UiPhCGZByrYDfH9+TKpF","e7XWfyvXRGDKEZZrwdMZv9","e7dAERbGFCQqiJYBloMLaN","e7/Zb4yjNJCI+ttB1zRTwl","e8C9w8pJRKob3ympitA8Ve","e8IiCM3lJGiIRZro91dZAi","e874rf5RdNH5zMaugdzXfH","e889C3qbhHjKd15yEHzN1c","e9SMt719lIEIzGvkrUkKh1","e9YilAbBpP37S077j95HHn","e9wXcRqcFOk73ZFoYhJBqk","e97GVMl6JHh5Ml5qEDdSGa","e9+dsV5FJPlbmLIDn7Rv2A","eaBdSW3ApJjpGBsxfbOoIa","eaStIkSmFF6rQK98gsTePf","eaWSD7tBJOeJkIFLDIaMP0","eacfxFtaFLbbvmdplHRZGN","ea5T7/o8xKMZb5OzVcNOhl","ebWfvwmPBN0bXJ9P3hdZh/","eb33yTxBxMvbrsGWxuHxSe","ecCTW49kJJYZX+93y4H/Sv","ecJ3bGm9VPJ6s3uaX7KILz","ecolZmkmFOnqW0bLBc9X0C","ecpdLyjvZBwrvm+cedCcQy","ecxKpGD2pCh4VHJKYie0oo","ec5BSVs/VJoppUPTDaIqwN","edPa9rYTVHNau3RwY6S1Ls","ednEchewVEdKpQ5YmcslfP","ed1u+giFhAOryPf/ZDG77d","eeKXM1Uj9D2pUkdpk1QKMG","eePlrd5jNFLJ3eeruCWvWV","ee1SG0feZCqq8JNK0fJWBp","efB5tcZvlLbK/UTMalaLro","efNJRyCwRKy6qdzJ5ss2cx","efSslkhEtCFqiW55X6AAXv","effkaGYtJCzIGqNDdKwbR+","f0BIwQ8D5Ml7nTNQbh1YlS","f0B0P6mjtNm6Wa39vOtkgc","f0KTsaEypOY7IvoUgvJe2q","f0LeV0QkdPdaajroJV4Kuy","f0Niyav9FEcaO2weZcmLmj","f0pZhTVrNEeYSoJWERkx1f","f0wHkNd6FDua0lmilm4HB0","f1ejEK/FVNe5yKjvkMHwwC","f1fDDKqo5BdJWdB2pJUstG","f1om61RTRCtLB9F40tSXxT","f1xv9iGaRMM7m4V4mDD8Qh","f18y2I5I1EMJTPIscy0KvH","f2S2Iu4KtOrq5bmTyCKods","f2brdNuiJMyphNw5acYYoH","f2fHHWmLdHM73LAQQ7QmCy","f22N6i1pNC07C94h2+dcNj","f29Ex0oIBM+L5gUyU0MbP5","f3qop8ka9Ov4mpN3ufpBcj","f4N/j+KmZHdpvCkjBaKWQJ","f4rUmRwHlGAb3d2bFwfekW","f4ugL8lVpADJQnNM3ZkOFS","f5ZlvDWslE0Lf8u9LaHr1X","f5k6KhSz1PuZlFmHxtRtii","f506Nmqb5A9IezQX70F0CM","f6F3JLynFB263wdckCixJX","f6Ww1wSu1ECZKoYTpU75Uv","f6wwtlcgtA2ZQvvIpRGgnv","f61A5mnaBBBrjBz1hbE/iZ","f7UrJwo09Mh5sKXTto6Koa","f8Uf2RM5dNfYyGXVANoXMA","f8fmaquUlE44dL5rZrKGts","f87Ao56udNjovQ8Vuk1Nue","f9qVxhKodMo7bGdrJepeYk","f9wUUD/W5DDoNk1jCNWPFp","faEUz2QAlKuYwwed4VRK0U","faR56TC7dJmKJHTagtIBfR","fazK1BMw1IKYwVF2umcADO","fa7MJlsiRPv5Y2E8xPDQ+f","fbfp/XOdpN96rhhoeNY4Vu","fbuk0JPu5PhJwICYicM8vJ","fb2Y/Ub7RCPIWNLfyBzVsX","fcECCEzMFMb48fod+yOUKj","fcF2r651REbbkzzD4qe/Ei","fclNYfs35Iu7bJZbyTbyBE","fdEvgBQYFK0oilTtnGFOdD","fdQx0Mnk5LZ4fVfwsdvtb/","fdYUBTLpZPUYKxIJ1OWoL4","fdb4bSMpxDnraEnGtCQm7a","fdnHXnLh9DDLHUwXFXSVcU","feAO+lf5VJuZDR+t2DkYTb","feInYV7sFBl48tgXFX6BXK","fefae9bJxHC7VQWr1XCHTo","fekl2K8+JMBrJOjXz6CwOe","fe5rUr/GRMIYnh0vaXbvWV","ffbU1wkkNEar7DZ73ENqUS","ffgF3yayhKkKTku6Qefw5w","ff1rcD6jVA8JKkRbPo4SjZ"],"scenes":{"db://assets/Bundle/RungRam/RungRam.fire":234,"db://assets/Bundle/RungRam/Test.fire":144},"redirect":[390,0,449,1,579,2,592,2,695,1,828,0,976,0,1098,0,1107,0,1110,1,1123,0,1146,2],"deps":["resources","internal","main"],"packs":{"01373c85e":[269,346,436,477,624,640,734,742,779,200,917,994,1153],"0167f7400":[285,290,302,318,398,409,481,552,565,607,641,718,736,797,839,872,907,937,1019,1022,1084],"019d77e91":[246,254,260,274,316,317,320,364,371,411,439,453,473,517,531,533,537,543,557,634,663,666,672,688,706,774,782,785,802,807,816,834,855,857,901,940,965,986,1050,1051,1053,1073,1092,1100,1106,1122,1134,1139,1140,1141,1147],"01b467a15":[252,277,278,283,380,381,385,448,462,488,493,516,603,609,698,708,712,721,764,767,768,773,780,878,918,929,952,1014,1032,1043],"01b79e505":[256,306,332,334,357,369,482,513,615,627,730,761,771,803,860,863,877,893,932,978,1024,1029,1088,1131,1143],"01ec809dc":[120,214],"01fb41490":[257,383,503,527,555,610,612,648,674,681,716,786,886,1035,1117],"0237ceec1":[578,1037,1060,1111],"02702c040":[282,422,475,699,717,729,769],"0299e3aa9":[244,267,298,315,319,333,337,362,366,399,408,435,441,466,469,538,545,567,574,577,582,588,590,597,613,617,621,625,642,650,652,657,694,696,743,772,783,819,876,889,936,954,983,990,1026,1027,1057,1062,1068,1119,1121],"02ce02ce5":[247,311,328,463,520,581,629,643,677,732,741,744,750,798,832,1005,1104,1137,1144,1178],"02dceb5ec":[255,265,280,476,589,653,671,684,692,745,825,846,1115],"035641cc2":[373,404,443,450,456,601,649,683,751,809,844],"03ff76c80":[1066,226],"041219e5e":[242,258,261,273,279,329,372,378,386,389,407,424,432,492,522,532,551,572,580,651,660,728,739,748,787,796,830,837,862,894,903,925,935,941,948,970,973,995,998,999,1025,1082,1085,1114,1142,1151,1157,1161,1167,1177,1179],"0427a472c":[322,338,349,447,539,541,690,861,866,884,975,984,988,1012,1075,1108],"047829086":[568,646,1090],"049572e6e":[250,259,299,301,342,361,391,416,431,438,445,465,509,547,562,585,593,659,665,673,675,700,707,733,737,791,813,822,831,836,848,870,873,924,933,938,943,971,1003,1016,1028,1036,1044,1054,1083,1087,1094,1096,1130,1135,1171],"04a00f502":[237,121,3,10,360,396,400,15,16,17,18,19,20,25,26,521,35,36,595,38,39,40,167,43,44,45,169,170,46,47,175,51,52,55,56,725,58,60,62,63,64,68,72,818,74,75,77,79,865,875,883,82,899,83,923,86,89,90,96,1001,103,104,106,108,1126,113,115,1160,234],"04d565d09":[352,377,402,507,534,685,720,746,757,758,841,859,906,911,919,942,956,1015,1040,1080,1093],"04e9ad14b":[164,190],"051253ba5":[566,711],"0549c88b5":[0,1,2,5,6,7,8,9,11,13,21,22,23,24,150,27,28,29,30,31,32,33,34,37,41,42,48,49,50,53,54,57,59,61,65,66,67,69,70,71,73,76,78,80,84,85,87,88,91,92,93,94,95,97,98,99,101,105,107,109,111,112,229,114,116,117,118],"05813ee06":[245,249,272,276,281,289,297,300,336,347,355,368,392,395,421,429,461,464,483,487,499,514,528,564,575,583,606,715,726,755,766,890,897,902,201,962,987,993,1018,1052,1077,1105,1116,1120,1165,1169],"058efa134":[275,418,452,927],"060a9a359":[427,662,770,892,916,961,1109,1125,1148,1172],"0637f9ca7":[268,287,295,340,350,423,428,458,467,468,479,495,512,515,523,529,548,570,576,605,633,636,655,686,689,723,727,776,777,788,795,817,864,868,898,951,958,963,969,996,1004,1020,1046,216,1069,1070,1081,1099,1156],"06753ec55":[358,434,459,526,550,974,1056,1176],"07159d8d7":[455,478,573,934],"075fc539e":[437,702,827],"0769cc9c1":[310,856,1008,225],"07969967e":[296,304,325,330,388,460,524,544,559,626,644,687,821,826,887,1002,1006,1112],"07a02004d":[251,264,303,365,485,608,810,888,979,1072,1095,1101,1149,1150],"07d2e8b33":[553,1138],"0829647da":[829,192,900,1048,1058],"08612149b":[419,635,1017],"089a2b8e7":[654,793,939],"08d2d7832":[266,271,382],"08fdbb4f9":[480,794,799,920,227],"09064c5e2":[497,752,1113],"0919baeb9":[243,835,840,985],"09cadc016":[270,327,331,417,470,474,611,619,667,740,753,763,792,843,910,955,1011,1103,1155,1163],"09e67611c":[154,1145],"0a403236c":[239,323,504,511,525,540,600,630,680,775,812,845,946,966,997,1021,1055,1063,1158,1175],"0a9505270":[122,128,138,145,152,197],"0aa3c0064":[236,253,314,324,335,387,440,484,618,632,638,679,778,815,874,904,909,922,930,1170],"0aa835682":[130,604,1067],"0b1c5e136":[125,348,1127],"0bcd6f13d":[571,599,622,628,867,879,972,981,991,1042],"0c03c0379":[291,359,502,560,661,664,790,885,977,980,1038],"0c08f667d":[410,442,645,701,713,719,735,754,838,921,968,1013,1162],"0c5008112":[356,1041,1045],"0cc08d2d5":[294,401,414,425,426,446,518,556,814,891,967,1023,1047],"0d191df1f":[508,569,682,1154],"0d6364a60":[262,284,307,312,344,363,501,506,584,602,616,670,676,678,756,765,784,849,854,895,908,915,928,944,1000,1034,1124,1173],"0ddc4287e":[238,343,631,1049],"0e01aac40":[376,505,1007,1132],"0e672007e":[293,341,351,353,370,379,454,486,489,494,591,704,705,762,801,853,905,914,1064,1136,1174],"0e96d8c0d":[804,931,233],"0f1c80198":[240,286,288,292,305,309,345,354,374,384,393,405,406,413,415,420,430,433,444,451,457,472,491,496,498,500,510,536,542,546,554,558,561,563,587,594,596,598,614,620,639,647,656,658,668,691,693,697,703,709,710,714,722,724,738,181,759,781,789,800,811,823,842,847,850,851,852,869,871,881,882,913,926,947,949,957,959,982,989,1010,1030,1031,1039,1059,1061,1071,1074,1076,1078,1079,1086,1091,1097,1118,1128,1129,1133,1152,1159,1164,1168],"0f6415919":[241,326,394,731,760,805,880,950,953,964,1009,1166],"0fe299651":[235,263,308,313,339,530,535,549,586,637,806,808,824,858,912,945,960,992,1033,1065,1089],"0fe490cd7":[248,367,1102]},"name":"42","importBase":"import","nativeBase":"native","debug":false,"isZip":false,"encrypted":false,"versions":{"import":[119,"8a776","01373c85e","8df4a","0167f7400","15036","019d77e91","84239","01b467a15","1eda9","01b79e505","c60c6","01ec809dc","a615b","01fb41490","64ebe","0237ceec1","dd7bb","02702c040","c9a91","0299e3aa9","a9a2c","02ce02ce5","b623c","02dceb5ec","c3170","035641cc2","00839","03ff76c80","26cdb","041219e5e","5cbfc","0427a472c","78855","047829086","63114","049572e6e","a2d0d","04a00f502","6ea68","04d565d09","74c5c","04e9ad14b","d2ecd","051253ba5","fbc8f","0549c88b5","74110","05813ee06","8a752","058efa134","6eba7","060a9a359","2ee81","0637f9ca7","80e9e","06753ec55","f1dc3","07159d8d7","c63cb","075fc539e","d2d48","0769cc9c1","f5c25","07969967e","ff9bb","07a02004d","77330","07d2e8b33","86d01",123,"5b532","0829647da","913ca","08612149b","cba90","089a2b8e7","4a462","08d2d7832","53409",124,"4192d","08fdbb4f9","989e0","09064c5e2","442fe","0919baeb9","02a1e",4,"c1b2d","09cadc016","cf569","09e67611c","c93c6","0a403236c","dc6d0","0a9505270","6d70b","0aa3c0064","c2249","0aa835682","6da65","0b1c5e136","8babb","0bcd6f13d","6028d","0c03c0379","f92f0","0c08f667d","f497f","0c5008112","59c76","0cc08d2d5","6b3c4","0d191df1f","849c7","0d6364a60","9b9db","0ddc4287e","b9330","0e01aac40","88798","0e672007e","482e3","0e96d8c0d","99af1","0f1c80198","91b1b","0f6415919","41735","0fe299651","f0f6b","0fe490cd7","8e06d",126,"63127",127,"8ddcb",321,"a1e62",129,"9ed0d",131,"599e6",12,"bbefc",132,"e4ea1",133,"b33db",134,"a6b20",135,"38ab6",136,"15e64",137,"c7554",375,"59c67",139,"1dc8d",140,"d3199",14,"21fdb",397,"8407b",141,"9b525",142,"6319f",403,"03367",143,"26f9f",144,"53eea",412,"58fd3",146,"40f71",147,"1ace3",471,"0bd97",148,"869dd",149,"ae20e",490,"ab57d",151,"4db6e",153,"a3ccc",519,"5330a",155,"74c5e",156,"d473a",157,"91ebd",158,"d9c49",159,"a4044",160,"40ab5",161,"4e2db",162,"81ea1",163,"1819b",165,"13fbb",166,"a27ed",623,"4241a",168,"a8093",171,"87fa0",172,"35f1b",669,"d01c1",173,"a20d9",174,"48862",176,"c0008",177,"db553",178,"19238",179,"b2f78",747,"4fe8a",749,"89ce9",180,"4dbea",182,"9b87f",183,"36b71",184,"ff517",185,"3385f",186,"870c3",820,"b84a1",187,"7a08b",188,"d03b3",189,"3cb34",833,"e9dd0",191,"edbcb",193,"daca9",194,"78bae",195,"1eee8",196,"42d72",81,"1de82",198,"be2ca",199,"665c4",896,"67126",202,"687cd",203,"a5483",204,"a6901",205,"7d500",206,"abe6d",207,"0e303",208,"0680f",209,"915e7",210,"848bf",211,"876a1",212,"d222e",100,"5d4e9",213,"ea8ab",215,"e8b3a",102,"99e7f",217,"3deeb",218,"b9908",219,"6ec69",220,"a511d",221,"6db1f",222,"dd9aa",223,"8c9ed",224,"07d08",110,"1737e",228,"e4c9b",230,"b802d",231,"fe736",232,"3a176"],"native":[0,"d77e6",1,"b8374",2,"b3d78",3,"5b688",4,"210de",5,"6420d",6,"90cf4",7,"7a622",8,"2df2f",9,"cd71b",10,"2f958",11,"ddebc",12,"210de",13,"89954",14,"210de",15,"79352",16,"aa4b5",17,"248e5",18,"52b25",19,"484a9",20,"f7e87",21,"a22a6",22,"f3b96",23,"c955c",24,"ade2a",25,"efd49",150,"4265d",26,"b93b9",27,"9b560",28,"fdbff",29,"d0ec7",30,"117cc",31,"0f330",32,"4f9f7",33,"7a339",34,"6cd5b",35,"687b2",36,"f1ad5",37,"4edee",38,"8fad1",39,"a30dd",40,"baad3",41,"4d603",42,"766c1",43,"ba782",44,"4b7dd",45,"5a42a",46,"ddb3e",47,"2abd6",48,"83fcc",49,"99532",50,"1584c",51,"39f0e",52,"012b9",53,"0fa47",54,"63e70",55,"31ecd",56,"f438a",57,"6aff9",58,"26dcd",59,"928d0",60,"9072a",61,"73e4d",62,"1eba9",63,"578d0",64,"004c9",65,"104fd",66,"c1d99",67,"f036a",68,"ee44b",69,"d23df",70,"d4e9f",71,"bacf7",72,"81bf4",73,"a8519",74,"624d8",75,"46752",76,"2210e",77,"01aae",78,"0c6d4",79,"ecb16",80,"15b71",81,"c3f38",82,"35c70",83,"babe8",84,"a6613",85,"d9a37",86,"2973c",87,"a7e43",88,"3238e",89,"e06c9",90,"8ab15",91,"cf5ed",92,"4ccf3",93,"33f44",94,"e4ce7",95,"a4c19",96,"7268a",97,"280bb",98,"6134e",99,"3c8ca",100,"210de",101,"63f81",102,"210de",103,"81a65",104,"0864c",105,"4d902",106,"76a4c",107,"c6fc7",108,"bf484",109,"c06a9",110,"210de",111,"1608f",112,"e1e06",113,"61d2b",229,"284a9",114,"2987a",115,"1afd4",116,"66a25",117,"f39c8",118,"49626"]}}