[1,["e3OjCDRvlEQp4MLgHHibtB","efeifHwHRAqqZULDwchHgf","00aJeaPNVEy7jOVmZdsgVu","edVBZAOdpLi7gd6sDZgajs","9f+5HQsLRNWpKXWfrqDCXX","dd5/3+BPRIXJcF04zKrThG","c8TlhjJNdJX6UNsXwvf2nn","e5fyuuuAZLireh5tB/badu","2bEsJ/RdhDZ7fonVWAc+VK","97O1nut6NKBaRf5ZJgrF37","2bFwVDaKdME6HPiVUGSiCH","5fnePtPpxJ3KKpbog7f304","14YyF9MxJJzaDV/LeG37Rn","5dI4R22sNIvaQDQlj8skPt","d5cQFc0i9G7Ie9qoM3j3D3","4eq1mKnjVF6ZLeA5gyCZcc","9eBHCCV0FPJYcgOOYDurZz"],["value"],[["cc.AnimationClip",["_name","_duration","sample","curveData"],0,11]],[[0,0,1,2,3,4]],[[0,"TakeMoney2",0.6875,80,[{},"paths",11,[{"infoboard_vfx_f_add":{"props":{"opacity":[{"frame":0,"value":0}]},"comps":{"cc.Sprite":{"spriteFrame":[]}}},"infoboard_vfx_f_add-001":{"props":{"opacity":[{"frame":0,"value":0}]}}},"anhsang",11,[{},"props",11,[{},"scale",12,[[[{"frame":0},"value",8,[1,0,0,1]],[{"frame":0.25},"value",8,[1,2,2,1]],[{"frame":0.5},"value",8,[1,0,0,1]]],11,11,11]]],"infoboard_lv02_vfx_d_add_00",11,[{"props":{"opacity":[{"frame":0,"value":0},{"frame":0.25,"value":0},{"frame":0.275,"value":255},{"frame":0.625,"value":23.906250000000057},{"frame":0.675,"value":0}]}},"comps",11,[{},"cc.Sprite",11,[{},"spriteFrame",12,[[[{"frame":0.275},"value",6,0],[{"frame":0.3},"value",6,1],[{"frame":0.325},"value",6,2],[{"frame":0.35},"value",6,3],[{"frame":0.375},"value",6,4],[{"frame":0.4},"value",6,5],[{"frame":0.425},"value",6,6],[{"frame":0.45},"value",6,7],[{"frame":0.475},"value",6,8],[{"frame":0.5},"value",6,9],[{"frame":0.525},"value",6,10],[{"frame":0.55},"value",6,11],[{"frame":0.575},"value",6,12],[{"frame":0.6},"value",6,13],[{"frame":0.625},"value",6,14],[{"frame":0.65},"value",6,15],[{"frame":0.675},"value",6,16]],11,11,11,11,11,11,11,11,11,11,11,11,11,11,11,11,11]]]]]]]],0,0,[0,0,0,0,0,0,0,0,0,0,0,0,0,0,0,0,0],[0,0,0,0,0,0,0,0,0,0,0,0,0,0,0,0,0],[0,1,2,3,4,5,6,7,8,9,10,11,12,13,14,15,16]]