[1,["3cp/BN4SRKlbOUnGLjh8vS"],["_textureSetter"],["cc.SpriteFrame"],0,[[[{"name":"sd_vfx_a_add_11","rect":[1000,279,138,331],"offset":[-1,33],"originalSize":[172,433],"rotated":1,"capInsets":[0,0,0,0]}],[0],0,[0],[0],[0]],[[{"name":"sd_vfx_a_add_01","rect":[350,1,136,331],"offset":[0,33],"originalSize":[172,433],"rotated":1,"capInsets":[0,0,0,0]}],[0],0,[0],[0],[0]],[[{"name":"sd_vfx_a_add_08","rect":[1,277,138,331],"offset":[-1,33],"originalSize":[172,433],"rotated":1,"capInsets":[0,0,0,0]}],[0],0,[0],[0],[0]],[[{"name":"sd_vfx_a_add_07","rect":[1341,139,138,329],"offset":[-1,34],"originalSize":[172,433],"rotated":1,"capInsets":[0,0,0,0]}],[0],0,[0],[0],[0]],[[{"name":"sd_vfx_a_add_02","rect":[683,1,136,319],"offset":[0,38],"originalSize":[172,433],"rotated":1,"capInsets":[0,0,0,0]}],[0],0,[0],[0],[0]],[[{"name":"sd_vfx_a_add_15","rect":[1670,1,136,331],"offset":[0,33],"originalSize":[172,433],"rotated":1,"capInsets":[0,0,0,0]}],[0],0,[0],[0],[0]],[[{"name":"sd_vfx_a_add_09","rect":[334,277,138,331],"offset":[-1,33],"originalSize":[172,433],"rotated":1,"capInsets":[0,0,0,0]}],[0],0,[0],[0],[0]],[[{"name":"sd_vfx_a_add_16","rect":[1,139,136,331],"offset":[0,33],"originalSize":[172,433],"rotated":1,"capInsets":[0,0,0,0]}],[0],0,[0],[0],[0]],[[{"name":"sd_vfx_a_add_04","rect":[1337,1,136,331],"offset":[0,33],"originalSize":[172,433],"rotated":1,"capInsets":[0,0,0,0]}],[0],0,[0],[0],[0]],[[{"name":"sd_vfx_a_add_13","rect":[1672,139,138,329],"offset":[-1,34],"originalSize":[172,433],"rotated":1,"capInsets":[0,0,0,0]}],[0],0,[0],[0],[0]],[[{"name":"sd_vfx_a_add_10","rect":[667,279,138,331],"offset":[-1,33],"originalSize":[172,433],"rotated":1,"capInsets":[0,0,0,0]}],[0],0,[0],[0],[0]],[[{"name":"sd_vfx_a_add_03","rect":[1004,1,136,331],"offset":[0,33],"originalSize":[172,433],"rotated":1,"capInsets":[0,0,0,0]}],[0],0,[0],[0],[0]],[[{"name":"sd_vfx_a_add_14","rect":[1666,279,138,331],"offset":[-1,33],"originalSize":[172,433],"rotated":1,"capInsets":[0,0,0,0]}],[0],0,[0],[0],[0]],[[{"name":"sd_vfx_a_add_00","rect":[1,1,136,347],"offset":[0,25],"originalSize":[172,433],"rotated":1,"capInsets":[0,0,0,0]}],[0],0,[0],[0],[0]],[[{"name":"sd_vfx_a_add_17","rect":[334,139,136,339],"offset":[0,30],"originalSize":[172,433],"rotated":1,"capInsets":[0,0,0,0]}],[0],0,[0],[0],[0]],[[{"name":"sd_vfx_a_add_06","rect":[1008,139,138,331],"offset":[-1,33],"originalSize":[172,433],"rotated":1,"capInsets":[0,0,0,0]}],[0],0,[0],[0],[0]],[[{"name":"sd_vfx_a_add_12","rect":[1333,279,138,331],"offset":[-1,33],"originalSize":[172,433],"rotated":1,"capInsets":[0,0,0,0]}],[0],0,[0],[0],[0]],[[{"name":"sd_vfx_a_add_05","rect":[675,139,138,331],"offset":[-1,33],"originalSize":[172,433],"rotated":1,"capInsets":[0,0,0,0]}],[0],0,[0],[0],[0]]]]