[1,["8822M6Z31EW7O11R8yia7g","0au5n8Mc9IQZBcl64tGAtv","edK18B8SZLn7nSATSA9Jv2","177+EInM9MQK7b76X9aWfH","d7BX7YYU9AS61nhoEegvJG","1dG3FLkHVLTYkc4dySEzT4","03pZOLaCVCRbaJ7ikeJgZx","d3I3Nm9BpLbKGV6SeTc6kl","0biFWcbZ1C/Krm5naqP0+8","c2uzh7cjZMGKP9sH/lqcJW","b7419MhdxNYY1CV9ibRprY","03fejB+/JJhp2GJ3ZzKiX9","53vZPNMCRJHbXcfejr+gum","a8O+yDmdND74Zm+p4WZNwj","4d56bvpCdPZJodERLpE5ZJ","e8N6RLHB1OO66TL6T+k+uW","bdAqN0IQVP3ZGOTVDJSDmi","7fpI5IJtBM74zGd6A1wAZb","a1UgjkR5RMp48zUckxzwW8","10b9+BXDRPC6Ore3vzePLi","60sVmptPVDwLHmsNCOooF7","99wLt+JAJIu7dVV5NE8/O9","a3CphsfclFboFhP/sAP9TG","dfTRw7ZTxGPqd6TuC/Cwf4","faKh+adMpG/5NpE1fG58Hz","ecfykq6uZJSYLJfts4t5tU","08q1xZ20pPGaNzmsx9kJB4","90ubgY1MVM4IUQlsae/nzL","1eloXzEs1GR6iBrDthIKnO","fcfzLo5ENBWqzLaB5HmrfV"],["value"],[["cc.AnimationClip",["_name","_duration","sample","wrapMode","curveData"],-1,11]],[[0,0,1,2,3,4,5]],[[0,"fs_vfx_b",2,15,2,[{},"comps",11,[{},"cc.Sprite",11,[{},"spriteFrame",12,[[[{"frame":0},"value",6,0],[{"frame":0.06666666666666667},"value",6,1],[{"frame":0.13333333333333333},"value",6,2],[{"frame":0.2},"value",6,3],[{"frame":0.26666666666666666},"value",6,4],[{"frame":0.3333333333333333},"value",6,5],[{"frame":0.4},"value",6,6],[{"frame":0.4666666666666667},"value",6,7],[{"frame":0.5333333333333333},"value",6,8],[{"frame":0.6},"value",6,9],[{"frame":0.6666666666666666},"value",6,10],[{"frame":0.7333333333333333},"value",6,11],[{"frame":0.8},"value",6,12],[{"frame":0.8666666666666667},"value",6,13],[{"frame":0.9333333333333333},"value",6,14],[{"frame":1},"value",6,15],[{"frame":1.0666666666666667},"value",6,16],[{"frame":1.1333333333333333},"value",6,17],[{"frame":1.2},"value",6,18],[{"frame":1.2666666666666666},"value",6,19],[{"frame":1.3333333333333333},"value",6,20],[{"frame":1.4},"value",6,21],[{"frame":1.4666666666666666},"value",6,22],[{"frame":1.5333333333333334},"value",6,23],[{"frame":1.6},"value",6,24],[{"frame":1.6666666666666667},"value",6,25],[{"frame":1.7333333333333334},"value",6,26],[{"frame":1.8},"value",6,27],[{"frame":1.8666666666666667},"value",6,28],[{"frame":1.9333333333333333},"value",6,29]],11,11,11,11,11,11,11,11,11,11,11,11,11,11,11,11,11,11,11,11,11,11,11,11,11,11,11,11,11,11]]]]]],0,0,[0,0,0,0,0,0,0,0,0,0,0,0,0,0,0,0,0,0,0,0,0,0,0,0,0,0,0,0,0,0],[0,0,0,0,0,0,0,0,0,0,0,0,0,0,0,0,0,0,0,0,0,0,0,0,0,0,0,0,0,0],[0,1,2,3,4,5,6,7,8,9,10,11,12,13,14,15,16,17,18,19,20,21,22,23,24,25,26,27,28,29]]