[1,["41nOW4zdxLDIyhGo8Yg/e/"],["_textureSetter"],["cc.SpriteFrame"],0,[[[{"name":"bw_5","rect":[1,1229,88,131],"offset":[0,0],"originalSize":[88,131],"capInsets":[0,0,0,0]}],[0],0,[0],[0],[0]],[[{"name":"bw_6","rect":[1,281,86,136],"offset":[0,0],"originalSize":[86,136],"capInsets":[0,0,0,0]}],[0],0,[0],[0],[0]],[[{"name":"bw_3","rect":[1,830,97,131],"offset":[0,0],"originalSize":[97,131],"capInsets":[0,0,0,0]}],[0],0,[0],[0],[0]],[[{"name":"bw_8","rect":[1,141,86,138],"offset":[0,0],"originalSize":[86,138],"capInsets":[0,0,0,0]}],[0],0,[0],[0],[0]],[[{"name":"bw_9","rect":[1,694,86,134],"offset":[0,0],"originalSize":[86,134],"capInsets":[0,0,0,0]}],[0],0,[0],[0],[0]],[[{"name":"bw_2","rect":[1,963,93,131],"offset":[0,0],"originalSize":[93,131],"capInsets":[0,0,0,0]}],[0],0,[0],[0],[0]],[[{"name":"bw_decimal","rect":[62,610,39,44],"offset":[0,0],"originalSize":[39,44],"capInsets":[0,0,0,0]}],[0],0,[0],[0],[0]],[[{"name":"bw_1","rect":[1,557,59,135],"offset":[0,0],"originalSize":[59,135],"capInsets":[0,0,0,0]}],[0],0,[0],[0],[0]],[[{"name":"bw_0","rect":[1,1,86,138],"offset":[0,0],"originalSize":[86,138],"capInsets":[0,0,0,0]}],[0],0,[0],[0],[0]],[[{"name":"bw_4","rect":[1,419,85,136],"offset":[0,0],"originalSize":[85,136],"capInsets":[0,0,0,0]}],[0],0,[0],[0],[0]],[[{"name":"bw_comma","rect":[62,557,38,51],"offset":[0,0],"originalSize":[38,51],"capInsets":[0,0,0,0]}],[0],0,[0],[0],[0]],[[{"name":"bw_7","rect":[1,1096,92,131],"offset":[0,0],"originalSize":[92,131],"capInsets":[0,0,0,0]}],[0],0,[0],[0],[0]]]]