[1,["cdDr72FGdAZqHS3jF0E+ur","65BN1S3+1HWbrsc6oNxqVZ","1bE3GwnB9IvJL1r3hZ91a1","6aZb0TDTNBZp/mwsC3Z5SX","6dNasBdoxJQImhJ6Qhrpht"],["_textureSetter","ui_bg_top_glow","ui_bg_top","bns_bg_top","_freespins_glow"],["cc.SpriteFrame",["cc.SpriteAtlas",["_name","_spriteFrames"],2,11]],[[1,0,1,2]],[[[{"name":"ui_bg_top_glow","rect":[409,1007,324,204],"offset":[0,0],"originalSize":[324,204],"capInsets":[0,0,0,0]}],[0],0,[0],[0],[0]],[[{"name":"_freespins_glow","rect":[1,1007,406,448],"offset":[0,0],"originalSize":[406,448],"capInsets":[0,0,0,0]}],[0],0,[0],[0],[0]],[[[0,"Alats62.plist",[{},"ui_bg_top_glow",6,0,"ui_bg_top",6,1,"bns_bg_top",6,2,"_freespins_glow",6,3]]],0,0,[0,0,0,0],[1,2,3,4],[1,2,3,4]]]]