[1,["04y5QB7hlF7p+KIPbSDtvK"],["_textureSetter"],["cc.SpriteFrame"],0,[[[{"name":"ib_vfx_g_02","rect":[151,455,268,138],"offset":[7,4],"originalSize":[378,158],"rotated":1,"capInsets":[0,0,0,0]}],[0],0,[0],[0],[0]],[[{"name":"ib_vfx_g_00","rect":[631,699,258,110],"offset":[9,1],"originalSize":[378,158],"rotated":1,"capInsets":[0,0,0,0]}],[0],0,[0],[0],[0]],[[{"name":"ib_vfx_g_21","rect":[857,297,294,108],"offset":[9,-14],"originalSize":[378,158],"rotated":1,"capInsets":[0,0,0,0]}],[0],0,[0],[0],[0]],[[{"name":"ib_vfx_g_23","rect":[743,697,234,108],"offset":[40,-15],"originalSize":[378,158],"rotated":1,"capInsets":[0,0,0,0]}],[0],0,[0],[0],[0]],[[{"name":"ib_vfx_g_22","rect":[859,1,294,106],"offset":[9,-14],"originalSize":[378,158],"rotated":1,"capInsets":[0,0,0,0]}],[0],0,[0],[0],[0]],[[{"name":"ib_vfx_g_07","rect":[1,151,280,148],"offset":[6,0],"originalSize":[378,158],"capInsets":[0,0,0,0]}],[0],0,[0],[0],[0]],[[{"name":"ib_vfx_g_24","rect":[853,593,232,110],"offset":[41,-14],"originalSize":[378,158],"rotated":1,"capInsets":[0,0,0,0]}],[0],0,[0],[0],[0]],[[{"name":"ib_vfx_g_20","rect":[301,701,294,110],"offset":[9,-15],"originalSize":[378,158],"rotated":1,"capInsets":[0,0,0,0]}],[0],0,[0],[0],[0]],[[{"name":"ib_vfx_g_19","rect":[627,405,292,110],"offset":[9,-14],"originalSize":[378,158],"rotated":1,"capInsets":[0,0,0,0]}],[0],0,[0],[0],[0]],[[{"name":"ib_vfx_g_06","rect":[153,725,278,146],"offset":[6,0],"originalSize":[378,158],"rotated":1,"capInsets":[0,0,0,0]}],[0],0,[0],[0],[0]],[[{"name":"ib_vfx_g_03","rect":[1,733,272,150],"offset":[6,4],"originalSize":[378,158],"rotated":1,"capInsets":[0,0,0,0]}],[0],0,[0],[0],[0]],[[{"name":"ib_vfx_g_05","rect":[1,455,276,148],"offset":[6,0],"originalSize":[378,158],"rotated":1,"capInsets":[0,0,0,0]}],[0],0,[0],[0],[0]],[[{"name":"ib_vfx_g_25","rect":[413,701,294,106],"offset":[11,-16],"originalSize":[378,158],"rotated":1,"capInsets":[0,0,0,0]}],[0],0,[0],[0],[0]],[[{"name":"ib_vfx_g_01","rect":[285,147,262,126],"offset":[8,3],"originalSize":[378,158],"capInsets":[0,0,0,0]}],[0],0,[0],[0],[0]],[[{"name":"ib_vfx_g_04","rect":[1,301,274,152],"offset":[6,0],"originalSize":[378,158],"capInsets":[0,0,0,0]}],[0],0,[0],[0],[0]],[[{"name":"ib_vfx_g_15","rect":[739,405,290,110],"offset":[8,-11],"originalSize":[378,158],"rotated":1,"capInsets":[0,0,0,0]}],[0],0,[0],[0],[0]],[[{"name":"ib_vfx_g_13","rect":[569,139,288,128],"offset":[8,0],"originalSize":[378,158],"capInsets":[0,0,0,0]}],[0],0,[0],[0],[0]],[[{"name":"ib_vfx_g_18","rect":[405,407,292,110],"offset":[9,-14],"originalSize":[378,158],"rotated":1,"capInsets":[0,0,0,0]}],[0],0,[0],[0],[0]],[[{"name":"ib_vfx_g_16","rect":[291,407,292,112],"offset":[8,-11],"originalSize":[378,158],"rotated":1,"capInsets":[0,0,0,0]}],[0],0,[0],[0],[0]],[[{"name":"ib_vfx_g_12","rect":[569,1,288,136],"offset":[7,4],"originalSize":[378,158],"capInsets":[0,0,0,0]}],[0],0,[0],[0],[0]],[[{"name":"ib_vfx_g_09","rect":[285,1,282,144],"offset":[7,-1],"originalSize":[378,158],"capInsets":[0,0,0,0]}],[0],0,[0],[0],[0]],[[{"name":"ib_vfx_g_08","rect":[1,1,282,148],"offset":[6,0],"originalSize":[378,158],"capInsets":[0,0,0,0]}],[0],0,[0],[0],[0]],[[{"name":"ib_vfx_g_17","rect":[517,407,292,108],"offset":[8,-14],"originalSize":[378,158],"rotated":1,"capInsets":[0,0,0,0]}],[0],0,[0],[0],[0]],[[{"name":"ib_vfx_g_10","rect":[283,275,284,130],"offset":[7,4],"originalSize":[378,158],"capInsets":[0,0,0,0]}],[0],0,[0],[0],[0]],[[{"name":"ib_vfx_g_11","rect":[569,269,286,134],"offset":[7,4],"originalSize":[378,158],"capInsets":[0,0,0,0]}],[0],0,[0],[0],[0]],[[{"name":"ib_vfx_g_14","rect":[521,701,290,108],"offset":[8,-11],"originalSize":[378,158],"rotated":1,"capInsets":[0,0,0,0]}],[0],0,[0],[0],[0]]]]