[1,["1fadcae7f","13541fae6","b2YfMLcqJLvpZ1i3NSnIb1","75g2ZYnI9PrpwW5N/DCdJy","9b54z3tp1Pd5chAdeuFEXV","88owjTFiZAwK8W0gMSyAMz","b1kHXAH59BfIA7VoUtdQ1l","80xcDpXR1J24WJAu0egr2B","5a7I5XCVZNQrlC2sjFc03w","59cv6MHppBt7NiEAw9pyyn","ceUTQQwvJG2qwAKGrZAqxd","7fO+B+KkNMFZbsOc4FveJB","28N6Tkp4BFCoUuiVcYDHmh","f4CI1ClwNNBKyD9Y+7W2Ng","2cGxdvkP5OFJSQBvq4r7h+","72A4NPYy9I37sJnK09ywSq","07IY/+gthNo69xVO2GrUz9","eaVvCv+N1Dz6J12Y4CfL0w","98nZ6WiP9OnYM446pYr1Iw","574ajRnGtF7JZagDdOyQOL","c3EAj3SgZHdLFjENlD+a5Q","4aUxnugOFIXKXuA93WaLU2","1bOkqfPOBBr5eElA0LUtpr","8f2L3AqgZEQIlM1loCkKXb","f8HP03j/1OS7pqRl2hFvVO","7eJyJmjpZMyrllhlLIDhy6","7fzCz6xPFHJIfFL2XhbSlt","f1Sw2LZBtEToqnYQzu0eI4","efs6Ic5OVKMLk6jyneBR0A","ae3Kj8a6dEkKVUZ3JquaeB","e4qRd0pGJEVpADo87MznMd","9dh0mk1zpD5bDRH419e9gX","3cAt7gtftLoo4DNTzTWnXB","beHj40P+ZKK467v8Jiyn7t","a7/ZG/j39AyIE8FdPrXW1n","abyfPEU1pMRb+OU6A9dRRA","86fsnuPrtCQ7tgipn4FEg5","6fuGQUVwZMFJlQeexA8Ckn","c45RFEnkNMT6o9yWACaMmW","208tA98jFNzoa/HCf2/OYY","00lxUgu7dAc5ZlprH/gQ2h","5fqOhV9+NK1YWAf5bGP+6V","c4ltJLB7RI/KbSkxP2Duq5","a7WNEqqvRGf6lKZxHjmyR3","bbbZjGZO5E7rA6+9TUz+b8","3d71n9qHBFFa1k576/wemV","4aNnftvf9PAoV0p21+MOSr","3eXU7ogYBAIZIoxB8Hc1l9"],["_textureSetter","value"],["cc.SpriteFrame",["cc.AnimationClip",["_name","_duration","sample","wrapMode","curveData"],-1,11]],[[1,0,1,2,3,4,5]],[[[{"name":"Thuong_39","rect":[1838,1677,228,202],"offset":[0,0],"originalSize":[228,202],"rotated":1,"capInsets":[0,0,0,0]}],[0],0,[0],[0],[0]],[[{"name":"Thuong_15","rect":[770,726,361,336],"offset":[0,0],"originalSize":[361,336],"capInsets":[0,0,0,0]}],[0],0,[0],[0],[0]],[[{"name":"Thuong_21","rect":[3,3,421,369],"offset":[0,0],"originalSize":[421,369],"capInsets":[0,0,0,0]}],[0],0,[0],[0],[0]],[[{"name":"Thuong_38","rect":[3,1554,207,194],"offset":[0,0],"originalSize":[207,194],"rotated":1,"capInsets":[0,0,0,0]}],[0],0,[0],[0],[0]],[[{"name":"Thuong_11","rect":[1656,354,378,317],"offset":[0,0],"originalSize":[378,317],"capInsets":[0,0,0,0]}],[0],0,[0],[0],[0]],[[{"name":"Thuong_13","rect":[430,3,419,336],"offset":[0,0],"originalSize":[419,336],"capInsets":[0,0,0,0]}],[0],0,[0],[0],[0]],[[[0,"dice",2.3,20,0,[{"paths":{"animDice1":{"props":{"active":[{"frame":0,"value":false},{"frame":2.25,"value":true}]}},"animDice2":{"props":{"active":[{"frame":0,"value":false},{"frame":2.25,"value":true}]}},"animDice3":{"props":{"active":[{"frame":0,"value":false},{"frame":2.25,"value":true}]}}}},"comps",11,[{},"cc.Sprite",11,[{},"spriteFrame",12,[[[{"frame":0},"value",6,0],[{"frame":0.05},"value",6,1],[{"frame":0.1},"value",6,2],[{"frame":0.15},"value",6,3],[{"frame":0.2},"value",6,4],[{"frame":0.25},"value",6,5],[{"frame":0.3},"value",6,6],[{"frame":0.35},"value",6,7],[{"frame":0.4},"value",6,8],[{"frame":0.45},"value",6,9],[{"frame":0.5},"value",6,10],[{"frame":0.55},"value",6,11],[{"frame":0.6},"value",6,12],[{"frame":0.65},"value",6,13],[{"frame":0.7},"value",6,14],[{"frame":0.75},"value",6,15],[{"frame":0.8},"value",6,16],[{"frame":0.85},"value",6,17],[{"frame":0.9},"value",6,18],[{"frame":0.95},"value",6,19],[{"frame":1},"value",6,20],[{"frame":1.05},"value",6,21],[{"frame":1.1},"value",6,22],[{"frame":1.15},"value",6,23],[{"frame":1.2},"value",6,24],[{"frame":1.25},"value",6,25],[{"frame":1.3},"value",6,26],[{"frame":1.35},"value",6,27],[{"frame":1.4},"value",6,28],[{"frame":1.45},"value",6,29],[{"frame":1.5},"value",6,30],[{"frame":1.55},"value",6,31],[{"frame":1.6},"value",6,32],[{"frame":1.65},"value",6,33],[{"frame":1.7},"value",6,34],[{"frame":1.75},"value",6,35],[{"frame":1.8},"value",6,36],[{"frame":1.85},"value",6,37],[{"frame":1.9},"value",6,38],[{"frame":1.95},"value",6,39],[{"frame":2},"value",6,40],[{"frame":2.05},"value",6,41],[{"frame":2.1},"value",6,42],[{"frame":2.15},"value",6,43],[{"frame":2.2},"value",6,44],[{"frame":2.25},"value",6,45]],11,11,11,11,11,11,11,11,11,11,11,11,11,11,11,11,11,11,11,11,11,11,11,11,11,11,11,11,11,11,11,11,11,11,11,11,11,11,11,11,11,11,11,11,11,11]]],"props",11,[{},"scale",12,[[[{"frame":0},"value",8,[0,1,1]],[{"frame":0.95},"value",8,[1,1.1,1.1,0]],[{"frame":1.35},"value",8,[0,1,1]],[{"frame":1.6},"value",8,[1,1.05,1.05,0]],[{"frame":1.8},"value",8,[0,1,1]],[{"frame":1.95},"value",8,[1,1.05,1.05,0]],[{"frame":2.25},"value",8,[0,1,1]]],11,11,11,11,11,11,11]]]]],0,0,[0,0,0,0,0,0,0,0,0,0,0,0,0,0,0,0,0,0,0,0,0,0,0,0,0,0,0,0,0,0,0,0,0,0,0,0,0,0,0,0,0,0,0,0,0,0],[1,1,1,1,1,1,1,1,1,1,1,1,1,1,1,1,1,1,1,1,1,1,1,1,1,1,1,1,1,1,1,1,1,1,1,1,1,1,1,1,1,1,1,1,1,1],[2,3,4,5,6,7,8,9,10,11,12,13,14,15,16,17,18,19,20,21,22,23,24,25,26,27,28,29,30,31,32,33,34,35,36,37,38,39,40,41,42,43,44,45,46,47]],[[{"name":"Thuong_31","rect":[1137,1059,296,244],"offset":[0,0],"originalSize":[296,244],"capInsets":[0,0,0,0]}],[0],0,[0],[0],[0]],[[{"name":"Thuong_44","rect":[804,1554,228,202],"offset":[0,0],"originalSize":[228,202],"rotated":1,"capInsets":[0,0,0,0]}],[0],0,[0],[0],[0]],[[{"name":"hinhcuoi_vitri","rect":[403,1567,198,196],"offset":[0,0],"originalSize":[198,196],"capInsets":[0,0,0,0]}],[0],0,[0],[0],[0]],[[{"name":"Thuong_45","rect":[203,1554,207,194],"offset":[0,0],"originalSize":[207,194],"rotated":1,"capInsets":[0,0,0,0]}],[0],0,[0],[0],[0]],[[{"name":"Thuong_20","rect":[3,704,370,324],"offset":[0,0],"originalSize":[370,324],"capInsets":[0,0,0,0]}],[0],0,[0],[0],[0]],[[{"name":"Thuong_18","rect":[1210,388,368,342],"offset":[0,0],"originalSize":[368,342],"capInsets":[0,0,0,0]}],[0],0,[0],[0],[0]],[[{"name":"Thuong_8","rect":[1575,960,307,245],"offset":[0,0],"originalSize":[307,245],"capInsets":[0,0,0,0]}],[0],0,[0],[0],[0]],[[{"name":"Thuong_7","rect":[1551,1211,294,248],"offset":[0,0],"originalSize":[294,248],"capInsets":[0,0,0,0]}],[0],0,[0],[0],[0]],[[{"name":"Thuong_40","rect":[451,1333,260,228],"offset":[0,0],"originalSize":[260,228],"capInsets":[0,0,0,0]}],[0],0,[0],[0],[0]],[[{"name":"Thuong_36","rect":[3,436,202,186],"offset":[0,0],"originalSize":[202,186],"capInsets":[0,0,0,0]}],[0],0,[0],[0],[1]],[[{"name":"Thuong_14","rect":[3,378,385,320],"offset":[0,0],"originalSize":[385,320],"capInsets":[0,0,0,0]}],[0],0,[0],[0],[0]],[[{"name":"Thuong_2","rect":[1851,1283,191,194],"offset":[0,0],"originalSize":[191,194],"capInsets":[0,0,0,0]}],[0],0,[0],[0],[0]],[[{"name":"Thuong_24","rect":[1137,736,317,320],"offset":[0,0],"originalSize":[317,320],"rotated":1,"capInsets":[0,0,0,0]}],[0],0,[0],[0],[0]],[[{"name":"Thuong_10","rect":[379,1017,346,310],"offset":[0,0],"originalSize":[346,310],"capInsets":[0,0,0,0]}],[0],0,[0],[0],[0]],[[{"name":"Thuong_25","rect":[3,1034,295,337],"offset":[0,0],"originalSize":[295,337],"rotated":1,"capInsets":[0,0,0,0]}],[0],0,[0],[0],[0]],[[{"name":"Thuong_6","rect":[1494,1465,262,233],"offset":[0,0],"originalSize":[262,233],"capInsets":[0,0,0,0]}],[0],0,[0],[0],[0]],[[{"name":"Thuong_35","rect":[3,3,243,235],"offset":[0,0],"originalSize":[243,235],"capInsets":[0,0,0,0]}],[0],0,[0],[0],[1]],[[{"name":"Thuong_4","rect":[1189,1813,240,225],"offset":[0,0],"originalSize":[240,225],"capInsets":[0,0,0,0]}],[0],0,[0],[0],[0]],[[{"name":"Thuong_22","rect":[855,3,406,369],"offset":[0,0],"originalSize":[406,369],"capInsets":[0,0,0,0]}],[0],0,[0],[0],[0]],[[{"name":"Thuong_17","rect":[1656,3,382,345],"offset":[0,0],"originalSize":[382,345],"capInsets":[0,0,0,0]}],[0],0,[0],[0],[0]],[[{"name":"Thuong_3","rect":[239,1335,213,206],"offset":[0,0],"originalSize":[213,206],"rotated":1,"capInsets":[0,0,0,0]}],[0],0,[0],[0],[0]],[[{"name":"Thuong_30","rect":[476,1769,260,225],"offset":[0,0],"originalSize":[260,225],"rotated":1,"capInsets":[0,0,0,0]}],[0],0,[0],[0],[0]],[[{"name":"Thuong_42","rect":[707,1788,248,233],"offset":[0,0],"originalSize":[248,233],"rotated":1,"capInsets":[0,0,0,0]}],[0],0,[0],[0],[0]],[[{"name":"Thuong_33","rect":[1132,1309,280,278],"offset":[0,0],"originalSize":[280,278],"capInsets":[0,0,0,0]}],[0],0,[0],[0],[0]],[[{"name":"Thuong_34","rect":[946,1788,237,247],"offset":[0,0],"originalSize":[237,247],"capInsets":[0,0,0,0]}],[0],0,[0],[0],[0]],[[{"name":"Thuong_28","rect":[1838,1483,203,188],"offset":[0,0],"originalSize":[203,188],"capInsets":[0,0,0,0]}],[0],0,[0],[0],[0]],[[{"name":"Thuong_5","rect":[3,1769,261,233],"offset":[0,0],"originalSize":[261,233],"rotated":1,"capInsets":[0,0,0,0]}],[0],0,[0],[0],[0]],[[{"name":"Thuong_1","rect":[607,1567,191,193],"offset":[0,0],"originalSize":[191,193],"capInsets":[0,0,0,0]}],[0],0,[0],[0],[0]],[[{"name":"Thuong_43","rect":[242,1769,260,228],"offset":[0,0],"originalSize":[260,228],"rotated":1,"capInsets":[0,0,0,0]}],[0],0,[0],[0],[0]],[[{"name":"Thuong_32","rect":[731,1304,281,244],"offset":[0,0],"originalSize":[281,244],"capInsets":[0,0,0,0]}],[0],0,[0],[0],[0]],[[{"name":"Thuong_19","rect":[1267,3,379,383],"offset":[0,0],"originalSize":[379,383],"rotated":1,"capInsets":[0,0,0,0]}],[0],0,[0],[0],[0]],[[{"name":"Thuong_41","rect":[1435,1769,238,245],"offset":[0,0],"originalSize":[238,245],"capInsets":[0,0,0,0]}],[0],0,[0],[0],[0]],[[{"name":"Thuong_37","rect":[3,244,217,186],"offset":[0,0],"originalSize":[217,186],"capInsets":[0,0,0,0]}],[0],0,[0],[0],[1]],[[{"name":"Thuong_9","rect":[1584,677,322,277],"offset":[0,0],"originalSize":[322,277],"capInsets":[0,0,0,0]}],[0],0,[0],[0],[0]],[[{"name":"Thuong_29","rect":[3,1335,230,213],"offset":[0,0],"originalSize":[230,213],"capInsets":[0,0,0,0]}],[0],0,[0],[0],[0]],[[{"name":"Thuong_16","rect":[394,680,370,331],"offset":[0,0],"originalSize":[370,331],"capInsets":[0,0,0,0]}],[0],0,[0],[0],[0]],[[{"name":"Thuong_27","rect":[1189,1593,223,214],"offset":[0,0],"originalSize":[223,214],"capInsets":[0,0,0,0]}],[0],0,[0],[0],[0]],[[{"name":"Thuong_26","rect":[731,1068,294,230],"offset":[0,0],"originalSize":[294,230],"capInsets":[0,0,0,0]}],[0],0,[0],[0],[0]],[[{"name":"Thuong_12","rect":[430,345,398,329],"offset":[0,0],"originalSize":[398,329],"capInsets":[0,0,0,0]}],[0],0,[0],[0],[0]],[[{"name":"Thuong_23","rect":[834,378,342,370],"offset":[0,0],"originalSize":[342,370],"rotated":1,"capInsets":[0,0,0,0]}],[0],0,[0],[0],[0]]]]