[1,["17shiWzetGuY0Yv4NNLFlE","84UsuuZzxPSaRuw9V4n3LV"],["_textureSetter","spriteFrame"],["cc.SpriteFrame",["cc.BitmapFont",["_name","fontSize","_fntConfig"],0]],[[1,0,1,2,4]],[[[{"name":"gold_vinxu-export2x","rect":[0,0,177,126],"offset":[-39.5,1],"originalSize":[256,128],"capInsets":[0,0,0,0]}],[0],0,[0],[0],[0]],[[[0,"gold_vinxu-export2x",50,{"commonHeight":30,"fontSize":50,"atlasName":"gold_vinxu-export2x.png","fontDefDictionary":{"9":{"xOffset":0,"yOffset":0,"xAdvance":180,"rect":{"x":0,"y":0,"width":0,"height":0}},"32":{"xOffset":0,"yOffset":0,"xAdvance":6,"rect":{"x":0,"y":0,"width":0,"height":0}},"36":{"xOffset":0,"yOffset":-3,"xAdvance":20,"rect":{"x":119,"y":0,"width":20,"height":37}},"43":{"xOffset":0,"yOffset":4,"xAdvance":20,"rect":{"x":97,"y":0,"width":20,"height":22}},"44":{"xOffset":0,"yOffset":18,"xAdvance":11,"rect":{"x":51,"y":46,"width":11,"height":15}},"45":{"xOffset":0,"yOffset":12,"xAdvance":12,"rect":{"x":51,"y":33,"width":12,"height":11}},"46":{"xOffset":0,"yOffset":18,"xAdvance":9,"rect":{"x":72,"y":105,"width":9,"height":12}},"47":{"xOffset":0,"yOffset":0,"xAdvance":16,"rect":{"x":161,"y":65,"width":16,"height":30}},"48":{"xOffset":0,"yOffset":0,"xAdvance":21,"rect":{"x":96,"y":33,"width":21,"height":31}},"49":{"xOffset":0,"yOffset":0,"xAdvance":14,"rect":{"x":162,"y":0,"width":14,"height":30}},"50":{"xOffset":0,"yOffset":0,"xAdvance":19,"rect":{"x":141,"y":0,"width":19,"height":30}},"51":{"xOffset":0,"yOffset":0,"xAdvance":19,"rect":{"x":141,"y":32,"width":19,"height":31}},"52":{"xOffset":0,"yOffset":0,"xAdvance":22,"rect":{"x":27,"y":0,"width":22,"height":30}},"53":{"xOffset":0,"yOffset":0,"xAdvance":20,"rect":{"x":119,"y":39,"width":20,"height":31}},"54":{"xOffset":0,"yOffset":0,"xAdvance":21,"rect":{"x":51,"y":0,"width":21,"height":31}},"55":{"xOffset":0,"yOffset":0,"xAdvance":20,"rect":{"x":50,"y":96,"width":20,"height":30}},"56":{"xOffset":0,"yOffset":0,"xAdvance":21,"rect":{"x":73,"y":66,"width":21,"height":31}},"57":{"xOffset":0,"yOffset":0,"xAdvance":21,"rect":{"x":73,"y":33,"width":21,"height":31}},"66":{"xOffset":0,"yOffset":0,"xAdvance":21,"rect":{"x":74,"y":0,"width":21,"height":31}},"68":{"xOffset":0,"yOffset":0,"xAdvance":21,"rect":{"x":96,"y":66,"width":21,"height":31}},"69":{"xOffset":0,"yOffset":0,"xAdvance":18,"rect":{"x":141,"y":65,"width":18,"height":31}},"71":{"xOffset":0,"yOffset":0,"xAdvance":20,"rect":{"x":119,"y":72,"width":20,"height":31}},"75":{"xOffset":0,"yOffset":0,"xAdvance":22,"rect":{"x":26,"y":64,"width":22,"height":30}},"77":{"xOffset":0,"yOffset":0,"xAdvance":25,"rect":{"x":0,"y":0,"width":25,"height":30}},"78":{"xOffset":0,"yOffset":0,"xAdvance":23,"rect":{"x":26,"y":32,"width":23,"height":30}},"80":{"xOffset":0,"yOffset":0,"xAdvance":21,"rect":{"x":50,"y":64,"width":21,"height":30}},"84":{"xOffset":0,"yOffset":0,"xAdvance":22,"rect":{"x":26,"y":96,"width":22,"height":30}},"86":{"xOffset":0,"yOffset":0,"xAdvance":24,"rect":{"x":0,"y":32,"width":24,"height":31}},"88":{"xOffset":0,"yOffset":0,"xAdvance":24,"rect":{"x":0,"y":65,"width":24,"height":30}},"120":{"xOffset":0,"yOffset":6,"xAdvance":21,"rect":{"x":0,"y":97,"width":21,"height":24}}},"kerningDict":{}}]],0,0,[0],[1],[1]]]]