[1,["f6dy8OGvNFTLYAybo29pNG","0cL+JWlN1FM73tftKijHjU","c3w/eE7BtP3L3uldhpvADI","f9Fvy9MvBOqqy3GpQRAiQ9","4f0Mi4bBhPgYMw4fniP+ez","38gWAunhVB0IHG15oy/I0S","9eTBTl0G5H44xdQLT/o/44","87aFJUo2ZGbbbd6fiYxloN","fddoRsgDNETa3iDPbq1pQP","ce/+eiPuBE1pw3OV4LPIc4","a4n+y+TZpOcrP7z8HdyLxJ"],["_textureSetter"],["cc.SpriteFrame"],0,[[[{"name":"ib_vfx_c_add_04","rect":[0,0,648,119],"offset":[0,0],"originalSize":[648,119],"capInsets":[0,0,0,0]}],[0],0,[0],[0],[0]],[[{"name":"ib_vfx_c_add_09","rect":[0,0,648,119],"offset":[0,0],"originalSize":[648,119],"capInsets":[0,0,0,0]}],[0],0,[0],[0],[1]],[[{"name":"ib_vfx_c_add_05","rect":[0,0,648,119],"offset":[0,0],"originalSize":[648,119],"capInsets":[0,0,0,0]}],[0],0,[0],[0],[2]],[[{"name":"ib_vfx_c_add_03","rect":[0,0,648,119],"offset":[0,0],"originalSize":[648,119],"capInsets":[0,0,0,0]}],[0],0,[0],[0],[3]],[[{"name":"ib_vfx_c_add_06","rect":[0,0,648,119],"offset":[0,0],"originalSize":[648,119],"capInsets":[0,0,0,0]}],[0],0,[0],[0],[4]],[[{"name":"ib_vfx_c_add_01","rect":[0,0,648,119],"offset":[0,0],"originalSize":[648,119],"capInsets":[0,0,0,0]}],[0],0,[0],[0],[5]],[[{"name":"ib_vfx_c_add_10","rect":[0,0,648,119],"offset":[0,0],"originalSize":[648,119],"capInsets":[0,0,0,0]}],[0],0,[0],[0],[6]],[[{"name":"ib_vfx_c_add_08","rect":[0,0,648,119],"offset":[0,0],"originalSize":[648,119],"capInsets":[0,0,0,0]}],[0],0,[0],[0],[7]],[[{"name":"ib_vfx_c_add_00","rect":[0,0,648,119],"offset":[0,0],"originalSize":[648,119],"capInsets":[0,0,0,0]}],[0],0,[0],[0],[8]],[[{"name":"ib_vfx_c_add_02","rect":[0,0,648,119],"offset":[0,0],"originalSize":[648,119],"capInsets":[0,0,0,0]}],[0],0,[0],[0],[9]],[[{"name":"ib_vfx_c_add_07","rect":[0,0,648,119],"offset":[0,0],"originalSize":[648,119],"capInsets":[0,0,0,0]}],[0],0,[0],[0],[10]]]]