[1,["09U84xiQ9DybxDHyKkDY5u","e8qpbyzsZM1ZmDopjo5w8U","16IFkD8rlEw4E5RgXV6KSd","ac+0RObglBsKsEnLNWyYlk","9etjSSGIxPKo0vW0ZJxXH+","907MiXkNVPzIDKGbgPiZor","16oBa72OBNSrL3Ah3sRVJs","d8D0zJ+jFMQpvIcdprBlke","14h/PFoq9BSKhjVOUe4b5k","b5SgUV4HtMXJrAmmQk4c+T","01u0i5XrZNbKe8I5Va/V9K","7flc7QVgVIC7cw5G8/3i/v","99wpZvdplHqopWpB9ZS6Mc","1d3viYHl9HwrdISaAEdldQ","d0Si3E31ZIgJRc14Ynpj4G","29/hdvwrhAKqcy2Q3TqSX5","cbX7GJ8wZGUbco3ditd1h2"],["value"],[["cc.AnimationClip",["_name","_duration","sample","curveData"],0,11]],[[0,0,1,2,3,4]],[[0,"BigWin",0.5666666666666667,30,[{},"paths",11,[{"TakeBigWin":{"props":{"active":[{"frame":0.5666666666666667,"value":true}]}},"TakeBigWin/info_board_b":{"props":{"opacity":[{"frame":0,"value":0},{"frame":0.26666666666666666,"value":255}]}},"info_board_vfx_b_screen":{"props":{"active":[{"frame":0,"value":true},{"frame":0.5333333333333333,"value":false}],"opacity":[{"frame":0,"value":0},{"frame":0.26666666666666666,"value":255},{"frame":0.4,"value":255},{"frame":0.5333333333333333,"value":0}]}},"info_board_vfx_d_screen":{"props":{"active":[{"frame":0,"value":true},{"frame":0.5333333333333333,"value":false}],"opacity":[{"frame":0,"value":0},{"frame":0.26666666666666666,"value":150},{"frame":0.4,"value":150},{"frame":0.5333333333333333,"value":0}]}}},"info_board_vfx_e_add",11,[{},"props",11,[{"active":[{"frame":0,"value":true},{"frame":0.3333333333333333,"value":true},{"frame":0.5666666666666667,"value":false}],"opacity":[{"frame":0,"value":0},{"frame":0.2,"value":255},{"frame":0.4,"value":255},{"frame":0.5333333333333333,"value":0}]},"scale",12,[[[{"frame":0},"value",8,[1,0,0,1]],[{"frame":0.2},"value",8,[1,1,1,1]]],11,11]]],"info_board_vfx_f_screen",11,[{},"props",11,[{"active":[{"frame":0,"value":true},{"frame":0.5333333333333333,"value":false}],"opacity":[{"frame":0,"value":0},{"frame":0.26666666666666666,"value":150},{"frame":0.4,"value":150},{"frame":0.5333333333333333,"value":0}]},"scale",12,[[[{"frame":0},"value",8,[1,0,0,1]],[{"frame":0.26666666666666666},"value",8,[1,1.4,1.4,1]]],11,11]]],"info_board_vfx_a_screen_00",11,[{"props":{"active":[{"frame":0,"value":true}]}},"comps",11,[{},"cc.Sprite",11,[{},"spriteFrame",12,[[[{"frame":0},"value",6,0],[{"frame":0.03333333333333333},"value",6,1],[{"frame":0.06666666666666667},"value",6,2],[{"frame":0.1},"value",6,3],[{"frame":0.13333333333333333},"value",6,4],[{"frame":0.16666666666666666},"value",6,5],[{"frame":0.2},"value",6,6],[{"frame":0.23333333333333334},"value",6,7],[{"frame":0.26666666666666666},"value",6,8],[{"frame":0.3},"value",6,9],[{"frame":0.3333333333333333},"value",6,10],[{"frame":0.36666666666666664},"value",6,11],[{"frame":0.4},"value",6,12],[{"frame":0.43333333333333335},"value",6,13],[{"frame":0.4666666666666667},"value",6,14],[{"frame":0.5},"value",6,15],[{"frame":0.5333333333333333},"value",6,16]],11,11,11,11,11,11,11,11,11,11,11,11,11,11,11,11,11]]]]]]]],0,0,[0,0,0,0,0,0,0,0,0,0,0,0,0,0,0,0,0],[0,0,0,0,0,0,0,0,0,0,0,0,0,0,0,0,0],[0,1,2,3,4,5,6,7,8,9,10,11,12,13,14,15,16]]