[1,["0fW62WwM9Dk54uTw2CRZco"],["_textureSetter"],["cc.SpriteFrame"],0,[[[{"name":"fs_vfx_f_16","rect":[335,669,165,165],"offset":[0,0],"originalSize":[195,195],"capInsets":[0,0,0,0]}],[0],0,[0],[0],[0]],[[{"name":"fs_vfx_f_18","rect":[502,1,165,165],"offset":[0,0],"originalSize":[195,195],"capInsets":[0,0,0,0]}],[0],0,[0],[0],[0]],[[{"name":"fs_vfx_f_01","rect":[1,168,165,165],"offset":[0,0],"originalSize":[195,195],"capInsets":[0,0,0,0]}],[0],0,[0],[0],[0]],[[{"name":"fs_vfx_f_13","rect":[335,168,165,165],"offset":[0,0],"originalSize":[195,195],"capInsets":[0,0,0,0]}],[0],0,[0],[0],[0]],[[{"name":"fs_vfx_f_25","rect":[669,168,165,165],"offset":[0,0],"originalSize":[195,195],"capInsets":[0,0,0,0]}],[0],0,[0],[0],[0]],[[{"name":"fs_vfx_f_15","rect":[335,502,165,165],"offset":[0,0],"originalSize":[195,195],"capInsets":[0,0,0,0]}],[0],0,[0],[0],[0]],[[{"name":"fs_vfx_f_08","rect":[168,335,165,165],"offset":[0,0],"originalSize":[195,195],"capInsets":[0,0,0,0]}],[0],0,[0],[0],[0]],[[{"name":"fs_vfx_f_04","rect":[1,669,165,165],"offset":[0,0],"originalSize":[195,195],"capInsets":[0,0,0,0]}],[0],0,[0],[0],[0]],[[{"name":"fs_vfx_f_02","rect":[1,335,165,165],"offset":[0,0],"originalSize":[195,195],"capInsets":[0,0,0,0]}],[0],0,[0],[0],[0]],[[{"name":"fs_vfx_f_10","rect":[168,669,165,165],"offset":[0,0],"originalSize":[195,195],"capInsets":[0,0,0,0]}],[0],0,[0],[0],[0]],[[{"name":"fs_vfx_f_12","rect":[335,1,165,165],"offset":[0,0],"originalSize":[195,195],"capInsets":[0,0,0,0]}],[0],0,[0],[0],[0]],[[{"name":"fs_vfx_f_11","rect":[168,836,165,165],"offset":[0,0],"originalSize":[195,195],"capInsets":[0,0,0,0]}],[0],0,[0],[0],[0]],[[{"name":"fs_vfx_f_24","rect":[669,1,165,165],"offset":[0,0],"originalSize":[195,195],"capInsets":[0,0,0,0]}],[0],0,[0],[0],[0]],[[{"name":"fs_vfx_f_22","rect":[502,669,165,165],"offset":[0,0],"originalSize":[195,195],"capInsets":[0,0,0,0]}],[0],0,[0],[0],[0]],[[{"name":"fs_vfx_f_03","rect":[1,502,165,165],"offset":[0,0],"originalSize":[195,195],"capInsets":[0,0,0,0]}],[0],0,[0],[0],[0]],[[{"name":"fs_vfx_f_17","rect":[335,836,165,165],"offset":[0,0],"originalSize":[195,195],"capInsets":[0,0,0,0]}],[0],0,[0],[0],[0]],[[{"name":"fs_vfx_f_09","rect":[168,502,165,165],"offset":[0,0],"originalSize":[195,195],"capInsets":[0,0,0,0]}],[0],0,[0],[0],[0]],[[{"name":"fs_vfx_f_19","rect":[502,168,165,165],"offset":[0,0],"originalSize":[195,195],"capInsets":[0,0,0,0]}],[0],0,[0],[0],[0]],[[{"name":"fs_vfx_f_20","rect":[502,335,165,165],"offset":[0,0],"originalSize":[195,195],"capInsets":[0,0,0,0]}],[0],0,[0],[0],[0]],[[{"name":"fs_vfx_f_07","rect":[168,168,165,165],"offset":[0,0],"originalSize":[195,195],"capInsets":[0,0,0,0]}],[0],0,[0],[0],[0]],[[{"name":"fs_vfx_f_21","rect":[502,502,165,165],"offset":[0,0],"originalSize":[195,195],"capInsets":[0,0,0,0]}],[0],0,[0],[0],[0]],[[{"name":"fs_vfx_f_14","rect":[335,335,165,165],"offset":[0,0],"originalSize":[195,195],"capInsets":[0,0,0,0]}],[0],0,[0],[0],[0]],[[{"name":"fs_vfx_f_23","rect":[502,836,165,165],"offset":[0,0],"originalSize":[195,195],"capInsets":[0,0,0,0]}],[0],0,[0],[0],[0]],[[{"name":"fs_vfx_f_05","rect":[1,836,165,165],"offset":[0,0],"originalSize":[195,195],"capInsets":[0,0,0,0]}],[0],0,[0],[0],[0]],[[{"name":"fs_vfx_f_06","rect":[168,1,165,165],"offset":[0,0],"originalSize":[195,195],"capInsets":[0,0,0,0]}],[0],0,[0],[0],[0]]]]