[1,["58kRzTGchMmZOxKBScRmTY","017HDk91lIl6GJDPbvjySy","1aU6UbhVRMDYsiOgn4OUoV","ccSkMB8qVGT7xUWnKm+4V+","1fEwiLoaVJxbvK79cq8eet","99zD6xyjxN9oQHR8dj5VJf","8b0Llu1GVMSK5sdqwYCl8/","b5hA7QWT1FTb9GwBEcswXv","bc2O4Zs2pCbblzuxm/B7wY","90VeXYk31JJbVHiD2QwezN","af9/ec8kVCGoqovemau8e3","9bnteM/rhGw40bV+tErpTE","bbmx3p9chCh7G2+YgMe9o3","8fhbEZ8QtDzqhpXh680Cyb","e0A3GhixlJBLT/pcLw/RfR","75xcYUdR1JbLqSpDo5WQFk"],["value"],[["cc.AnimationClip",["_name","_duration","sample","curveData"],0,11]],[[0,0,1,2,3,4]],[[0,"winItemBang",0.85,20,[{},"comps",11,[{},"cc.Sprite",11,[{},"spriteFrame",12,[[[{"frame":0},"value",6,0],[{"frame":0.05},"value",6,1],[{"frame":0.1},"value",6,2],[{"frame":0.15},"value",6,3],[{"frame":0.2},"value",6,4],[{"frame":0.25},"value",6,5],[{"frame":0.3},"value",6,6],[{"frame":0.35},"value",6,7],[{"frame":0.4},"value",6,8],[{"frame":0.45},"value",6,9],[{"frame":0.5},"value",6,10],[{"frame":0.55},"value",6,11],[{"frame":0.6},"value",6,12],[{"frame":0.65},"value",6,13],[{"frame":0.7},"value",6,14],[{"frame":0.75},"value",6,15],{"frame":0.8,"value":null}],11,11,11,11,11,11,11,11,11,11,11,11,11,11,11,11,0]]]]]],0,0,[0,0,0,0,0,0,0,0,0,0,0,0,0,0,0,0],[0,0,0,0,0,0,0,0,0,0,0,0,0,0,0,0],[0,1,2,3,4,5,6,7,8,9,10,11,12,13,14,15]]