[1,["20EyAjjhdEGZ3q8UhNLnb1","8fw1dtqEFJYKe2F/F2byjK","1fPqkRm+pMtpo3D5XDKwu5","71POurmjtCt522CNl6srgx","9es59F7PJImbwpz+0gsV2n","82BTfSfspILpPDmNDaya1H","5aiUHvroFLEKosmd9PqSeK","35LWiqylJD8rs3JOo/1ukv","e5kQw7UVRDUaEJVUrUz7RN","c1B7PLIPBAUbM8YxL08GBI","f0sXxsBo1OPo8wG+QQdoSo","f5/GdGesBDAoZP3pqZtkSC","bdPlVboA5FVpLW2+HzvzJh","a1cVVLzsxBYaFpgODzm1i5","f8aD25LDpIBbmhYoTPHzOt","a0iWxiZINEwL9qBLPlphWY","a9jACRZjRHc5JoXyOjOer/","ebpxhfSrRNe4ngaarhCvzh","a7oiY+VmhBc57ZTiheU7No","46YEzve9tMMpUl67Lf0gnV","3ccqIJTFBEFadHqO9oBzyB","24pACCKYxJ/7fhq/+HxQlO","30crQNzCdLq7f8dUGXr569","26eM4lkClPUKfsuzko2jKK","36B3bvy0NE0KCXCvJsAoIJ","82v6FpfahE8o78K5di9Kfc"],["value"],[["cc.AnimationClip",["_name","_duration","sample","curveData"],0,11]],[[0,0,1,2,3,4]],[[0,"ib_vfx_g",1.35,20,[{},"comps",11,[{},"cc.Sprite",11,[{},"spriteFrame",12,[[[{"frame":0},"value",6,0],[{"frame":0.05},"value",6,1],[{"frame":0.1},"value",6,2],[{"frame":0.15},"value",6,3],[{"frame":0.2},"value",6,4],[{"frame":0.25},"value",6,5],[{"frame":0.3},"value",6,6],[{"frame":0.35},"value",6,7],[{"frame":0.4},"value",6,8],[{"frame":0.45},"value",6,9],[{"frame":0.5},"value",6,10],[{"frame":0.55},"value",6,11],[{"frame":0.6},"value",6,12],[{"frame":0.65},"value",6,13],[{"frame":0.7},"value",6,14],[{"frame":0.75},"value",6,15],[{"frame":0.8},"value",6,16],[{"frame":0.85},"value",6,17],[{"frame":0.9},"value",6,18],[{"frame":0.95},"value",6,19],[{"frame":1},"value",6,20],[{"frame":1.05},"value",6,21],[{"frame":1.1},"value",6,22],[{"frame":1.15},"value",6,23],[{"frame":1.2},"value",6,24],[{"frame":1.25},"value",6,25],{"frame":1.3,"value":null}],11,11,11,11,11,11,11,11,11,11,11,11,11,11,11,11,11,11,11,11,11,11,11,11,11,11,0]]]]]],0,0,[0,0,0,0,0,0,0,0,0,0,0,0,0,0,0,0,0,0,0,0,0,0,0,0,0,0],[0,0,0,0,0,0,0,0,0,0,0,0,0,0,0,0,0,0,0,0,0,0,0,0,0,0],[0,1,2,3,4,5,6,7,8,9,10,11,12,13,14,15,16,17,18,19,20,21,22,23,24,25]]