[1,["ecgtL1jKZDRZAYq6nJi3Rh"],["_textureSetter"],["cc.SpriteFrame"],0,[[[{"name":"badge_on","rect":[49,285,46,46],"offset":[0,0],"originalSize":[46,46],"capInsets":[0,0,0,0]}],[0],0,[0],[0],[0]],[[{"name":"7","rect":[75,333,14,23],"offset":[0,0],"originalSize":[14,23],"rotated":1,"capInsets":[0,0,0,0]}],[0],0,[0],[0],[0]],[[{"name":"badge_off","rect":[1,285,46,46],"offset":[0,0],"originalSize":[46,46],"capInsets":[0,0,0,0]}],[0],0,[0],[0],[0]],[[{"name":"2","rect":[26,333,15,22],"offset":[0,0],"originalSize":[15,22],"rotated":1,"capInsets":[0,0,0,0]}],[0],0,[0],[0],[0]],[[{"name":"9","rect":[97,285,17,23],"offset":[0,0],"originalSize":[17,23],"rotated":1,"capInsets":[0,0,0,0]}],[0],0,[0],[0],[0]],[[{"name":"6","rect":[97,304,17,22],"offset":[0,0],"originalSize":[17,22],"rotated":1,"capInsets":[0,0,0,0]}],[0],0,[0],[0],[0]],[[{"name":"5","rect":[119,323,13,23],"offset":[0,0],"originalSize":[13,23],"capInsets":[0,0,0,0]}],[0],0,[0],[0],[0]],[[{"name":"8","rect":[100,323,17,22],"offset":[0,0],"originalSize":[17,22],"capInsets":[0,0,0,0]}],[0],0,[0],[0],[0]],[[{"name":"1","rect":[122,285,11,22],"offset":[0,0],"originalSize":[11,22],"capInsets":[0,0,0,0]}],[0],0,[0],[0],[0]],[[{"name":"3","rect":[50,333,14,23],"offset":[0,0],"originalSize":[14,23],"rotated":1,"capInsets":[0,0,0,0]}],[0],0,[0],[0],[0]],[[{"name":"4","rect":[1,333,15,23],"offset":[0,0],"originalSize":[15,23],"rotated":1,"capInsets":[0,0,0,0]}],[0],0,[0],[0],[0]]]]