[1,["d1QZJXvLtGboPp2q5nMdHS"],["_textureSetter"],["cc.SpriteFrame"],0,[[[{"name":"wh_vfx_f_add_04_08","rect":[1,209,204,560],"offset":[2,0],"originalSize":[210,560],"rotated":1,"capInsets":[0,0,0,0]}],[0],0,[0],[0],[0]],[[{"name":"wh_vfx_f_add_04_03","rect":[1,623,208,486],"offset":[1,-2],"originalSize":[210,560],"capInsets":[0,0,0,0]}],[0],0,[0],[0],[0]],[[{"name":"wh_vfx_f_add_04_11","rect":[771,1,184,560],"offset":[2,0],"originalSize":[210,560],"capInsets":[0,0,0,0]}],[0],0,[0],[0],[0]],[[{"name":"wh_vfx_f_add_04_04","rect":[1,1125,206,542],"offset":[2,-1],"originalSize":[210,560],"rotated":1,"capInsets":[0,0,0,0]}],[0],0,[0],[0],[0]],[[{"name":"wh_vfx_f_add_04_05","rect":[1,415,206,554],"offset":[2,-1],"originalSize":[210,560],"rotated":1,"capInsets":[0,0,0,0]}],[0],0,[0],[0],[0]],[[{"name":"wh_vfx_f_add_04_02","rect":[211,623,210,426],"offset":[0,-5],"originalSize":[210,560],"capInsets":[0,0,0,0]}],[0],0,[0],[0],[0]],[[{"name":"wh_vfx_f_add_04_06","rect":[1,1,206,560],"offset":[2,0],"originalSize":[210,560],"rotated":1,"capInsets":[0,0,0,0]}],[0],0,[0],[0],[0]],[[{"name":"wh_vfx_f_add_04_10","rect":[761,563,202,560],"offset":[2,0],"originalSize":[210,560],"capInsets":[0,0,0,0]}],[0],0,[0],[0],[0]],[[{"name":"wh_vfx_f_add_04_09","rect":[557,563,202,560],"offset":[2,0],"originalSize":[210,560],"capInsets":[0,0,0,0]}],[0],0,[0],[0],[0]],[[{"name":"wh_vfx_f_add_04_07","rect":[563,1,206,560],"offset":[2,0],"originalSize":[210,560],"capInsets":[0,0,0,0]}],[0],0,[0],[0],[0]]]]