[1,["ecpdLyjvZBwrvm+cedCcQy","4ei/A43uRGT7uAS4NgN5xw","44Yl9ei/xIlpWcsJgkkYte","b4h2odnQlI+IYhKwTnPhz+","1bCFdbf8lE16KlY5DfqqQJ","e6cxVZ909HMYa3eJUj5EVg","a9DxfHio5CL7LeX0CS8/74","1fSdbYxddCXIxdD0xultiY","a2MjXRFdtLlYQ5ouAFv/+R","a9G21iRxxJnaHjH/YfII2r","22BWlahk1DH73sHlUt4K/S","95JxoG5kxJMrk1+9ErxrQL","43b3qzShBL/IGuq4iqz2Mn","695CORabdBkoKQXPi+vxrn","0ah6JDYtBD7Y8tX+pfWmU8","1701XBaphDCp0dB7uXuA+B","caTq7fCBlG3bdVxvLmu4Iv","6cTrI3ys1OELnnuKXptORQ","72QK1zAoFFo6voX2mJjWfR","76tIiL5V1Psqsj8mQB4kyq","31dJv/Sr5Mja5xBDkmlbwE","8fIgbOklZA+q4d+a+YHUhL","8ekKrxWUdJzKz5kuKn4xdq","fcTek5XB1BxIYcKAt4iRGU","05/1AnzhtLSKXFtUXs7dAX","fdFnZ7X2FFa5Pi1QItFpZE","e73lB1wJVORoxusA5sJJJc","573/fqr7lExJdV2tgRDiL4","9aXfaucL5J2IGlIqQ0KA2x","afL8sUAgFNsLntmuIp17ay","56Aath9ZNGkIyizse3pA4R","f0BIwQ8D5Ml7nTNQbh1YlS","2546E8usVISLD6nex3vghi","adi/PcQ2FOW68LaUI2FCqD","e1P9ui7JRI67uXaLd0GjYk","e59WxB8LhEYJybPW/lfY+v","ac7T54maZNDIGm8eF9jGXW","fbp9DD0ydMna7dTQ6U25Jx","e7ruybRcZGa6QjxGXgSn9u","0c9SqPcuFFlaGbfY5/jMYa","bb50BqCXFCO7VATMyrf+qK","c6yEcUhm1Pwbb0WekI9EBi","c18ReNAKVPz4NEYXHgAh4l","ddSG/CF/lJy4rYoHf1tR2+","2atw0SNCJImY0kZIA+SbpY","dcYjAsFmBLtYSqiC9T5tF8","51VbaTpJNDc7fGfgMttSVM","33cQSR8MhBrr1JTZCkEU1T","737Ag6olBMProo6wLbD84l","65WjbrZ0VHxbsAFCkGwvlG","31gt1u0CRIdbwRBGVHebhr","53JI60SBBEdYWhHgID68Px","f973S/PQFMjbNsReJQVKAw","7chTBGXgBD/6w3G0G8Ke97","e2BPZXuvdFebufUA7tinyo","6e2y2tx2FLuYcw7JeA/DVo","b0QYz15DBLVr/Ybh8CNk5n","b2YLIIWAdL15x7+LHYMe2C","44pnJJM8pECZStGk2rpiO0","da11ff3Y1JbbgrrWzEZC6q","cfD7GsovRAo724Qc3/svVM","e9s2UQ++hMq5ENZcSiYCkZ","124kY9Y39B2reXLaLZe/dl","bb90OwE1pN/6EA9sTN5yis","a8al7bgcNKn5jxzMYZ1U8C","c2g6eM21VG94Y+ja7uNCW9","25bhtRxK9PEojlBmCyFUgJ","6dINOAYWtHlIhBj2yb7UX3","43z0ySnb9CTqc5xhF8x2/8","8bvkcO6jRE5rd1PN0Pkv4r","5eUhn6pnZIqr70I8AbePWK","e97GVMl6JHh5Ml5qEDdSGa","29FYIk+N1GYaeWH/q1NxQO","3c7wySBY5KPqiZmym1QJuT"],["node","_spriteFrame","_defaultClip","_parent","_textureSetter","_file","root","btnFast","lb_Money","superWin","megaWin","bigWin","data","atlas","_N$normalSprite","_N$pressedSprite","_N$hoverSprite","_N$disabledSprite"],[["cc.Node",["_name","_opacity","_active","_prefab","_parent","_components","_contentSize","_trs","_children","_anchorPoint","_color","_eulerAngles"],0,4,1,9,5,7,2,5,5,5],["cc.Sprite",["_sizeMode","_dstBlendFactor","node","_materials","_spriteFrame"],1,1,3,6],["cc.AnimationClip",["_name","_duration","wrapMode","curveData"],0,11],["cc.Node",["_name","_active","_parent","_children","_components","_prefab","_contentSize","_trs"],1,1,2,2,4,5,7],["cc.Animation",["playOnLoad","node","_clips","_defaultClip"],2,1,3,6],"cc.SpriteFrame",["cc.AnimationClip",["_name","_duration","wrapMode","curveData","sample"],-2],["cc.PrefabInfo",["fileId","root","asset"],2,1,1],["cc.Prefab",["_name"],2],["cc.Node",["_name","_parent","_components","_prefab","_contentSize"],2,1,12,4,5],["c06aeGh69JJKYu1D8xtM1Fn",["node"],3,1],["0fe979xx7FEZbDjGfE4jDJD",["node","bigWin","megaWin","superWin","lb_Money","btnFast"],3,1,1,1,1,1,1],["cc.Widget",["_alignFlags","_originalWidth","_originalHeight","node"],0,1],["26495mkYd9K87r1dH28RUj3",["sample","node","listFrame"],2,1,3],["cc.ParticleSystem",["_srcBlendFactor","_dstBlendFactor","_custom","totalParticles","emissionRate","life","lifeVar","angle","angleVar","startSize","endSize","endSpinVar","_positionType","speed","speedVar","tangentialAccel","node","_materials","_startColor","_startColorVar","_endColor","_endColorVar","posVar","gravity","_file","_spriteFrame"],-13,1,3,8,8,8,8,5,5,6,6],["ef6cdgak0JA7Klp9LwbTgyF",["tempReplaceAtlas","isPrefix","_string","_maxWidth","_maxWidthSpecialChar","_offYSpeciChar","_offYChar","listFS","node"],-5,1],["cc.Button",["node","clickEvents","_N$normalColor","_N$pressedColor","_N$disabledColor","_N$target"],3,1,9,5,5,5,1],["cc.ClickEvent",["_componentId","handler","target"],1,1]],[[7,0,1,2,2],[1,2,3,4,1],[0,0,4,5,3,6,7,2],[1,1,2,3,4,2],[1,1,0,2,3,4,3],[0,0,1,4,5,3,6,7,3],[0,0,4,8,3,6,9,7,2],[0,0,4,5,3,6,9,2],[4,0,1,2,3,2],[0,0,4,5,3,6,9,7,2],[1,0,2,3,4,2],[2,0,1,3,3],[6,0,1,4,2,3,6],[6,0,1,2,3,5],[0,0,1,4,5,3,10,6,7,3],[0,0,4,8,5,3,2],[0,0,4,8,5,3,6,7,2],[0,0,4,5,3,6,2],[0,0,4,5,3,6,7,11,2],[4,1,2,1],[2,0,2],[0,0,8,3,6,2],[0,0,8,5,3,2],[0,0,4,8,5,3,6,2],[0,0,4,5,3,6,9,7,11,2],[0,0,2,1,4,5,3,10,6,7,4],[0,0,4,8,3,7,2],[0,0,4,5,3,2],[3,0,1,2,3,4,5,3],[13,0,1,2,2],[14,0,1,2,3,4,5,6,7,8,9,10,11,12,13,14,15,16,17,18,19,20,21,22,23,24,25,17],[2,0,1,2,3,4],[8,0,2],[0,0,8,5,3,6,2],[0,0,4,8,3,2],[0,0,8,3,6,7,2],[0,0,4,8,5,3,7,2],[0,0,4,8,5,3,6,9,7,2],[0,0,1,4,5,3,10,6,3],[0,0,1,4,5,3,6,7,11,3],[0,0,2,4,8,3,6,3],[3,0,2,3,4,5,6,7,2],[3,0,2,3,4,5,6,2],[9,0,1,2,3,4,2],[10,0,1],[11,0,1,2,3,4,5,1],[7,1,2,1],[4,1,1],[12,0,1,2,3,4],[15,0,1,2,3,4,5,6,7,8,9],[16,0,1,2,3,4,5,1],[17,0,1,2,3]],[[[[11,"MegaWinStart",0.35,[{},"paths",11,[{"bw_vfx_e_screen_01":{"props":{"opacity":[{"frame":0,"value":0},{"frame":0.16666666666666666,"value":255}]}}},"Flag",11,[{},"props",11,[{},"scale",12,[[[{"frame":0},"value",8,[1,0,0,1]],[{"frame":0.16666666666666666},"value",8,[1,1,1,1]]],11,11]]],"Car",11,[{},"props",11,[{},"scale",12,[[[{"frame":0},"value",8,[1,0,0,1]],[{"frame":0.16666666666666666},"value",8,[1,1,1,1]]],11,11]]],"Car/bw_vfx_f_add_01",11,[{},"props",11,[{},"scale",12,[[[{"frame":0},"value",8,[1,1,1,1]],[{"frame":0.16666666666666666},"value",8,[1,0.8,0.8,1]],[{"frame":0.26666666666666666},"value",8,[1,1.1,1.1,1]],[{"frame":0.35},"value",8,[1,1,1,1]]],11,11,11,11]]]]]]],0,0,[],[],[]],[[[12,"LightFlash",1.7,50,2,{"paths":{"bw_vfx_i_screen_01":{"props":{"opacity":[{"frame":0,"value":0},{"frame":0.3,"value":0},{"frame":0.6,"value":200},{"frame":0.9,"value":0}]}},"c8e48e72-5566-4935-b22c-ea87154a1e24":{"props":{"opacity":[{"frame":0.8,"value":0},{"frame":1.1,"value":255},{"frame":1.4,"value":0}]}},"bw_vfx_i_screen_02":{"props":{"opacity":[{"frame":0,"value":0},{"frame":0.3,"value":200},{"frame":0.6,"value":0}]}},"c8e48e72-5566-4935-b22c-ea87154a1e24 copy":{"props":{"opacity":[{"frame":1.1,"value":0},{"frame":1.4,"value":255},{"frame":1.7,"value":0}]}}}}]],0,0,[],[],[]],[[[11,"BigWinStart",5,[{},"paths",11,[{"bw_bg_03_screen-001":{"props":{"opacity":[{"frame":0,"value":0},{"frame":0.06666666666666667,"value":255},{"frame":0.4166666666666667,"value":0}]}},"Car/bw_particle/bw_particle_a_screen_01":{"props":{"opacity":[{"frame":0,"value":0},{"frame":0.06666666666666667,"value":255},{"frame":0.6666666666666666,"value":0}]}},"Car/bw_particle/bw_particle_a_screen_02":{"props":{"opacity":[{"frame":0.6666666666666666,"value":0},{"frame":0.7333333333333333,"value":255},{"frame":1.3333333333333333,"value":0}]}},"Car/bw_particle/bw_particle_a_screen_03":{"props":{"opacity":[{"frame":1.1666666666666667,"value":0},{"frame":1.2333333333333334,"value":255},{"frame":1.8333333333333333,"value":0},{"frame":2.3333333333333335,"value":0},{"frame":2.4,"value":255},{"frame":3.3,"value":0},{"frame":4.35,"value":0},{"frame":4.416666666666667,"value":255},{"frame":5,"value":0}]}},"Car/bw_particle/bw_particle_a_screen_04":{"props":{"opacity":[{"frame":0.3333333333333333,"value":0},{"frame":0.4,"value":255},{"frame":1,"value":0},{"frame":1.5,"value":0},{"frame":1.5666666666666667,"value":255},{"frame":2.466666666666667,"value":0},{"frame":3.5166666666666666,"value":0},{"frame":3.5833333333333335,"value":255},{"frame":4.166666666666667,"value":0}]}},"Car/bw_particle/bw_particle_a_screen_05":{"props":{"opacity":[{"frame":0.65,"value":0},{"frame":0.7166666666666667,"value":255},{"frame":1.3166666666666667,"value":0},{"frame":1.8166666666666667,"value":0},{"frame":1.8833333333333333,"value":255},{"frame":2.783333333333333,"value":0},{"frame":3.8333333333333335,"value":0},{"frame":3.9,"value":255},{"frame":4.483333333333333,"value":0}]}},"Car/bw_particle/bw_particle_a_screen_06":{"props":{"opacity":[{"frame":0.31666666666666665,"value":0},{"frame":0.38333333333333336,"value":255},{"frame":0.9833333333333333,"value":0},{"frame":1.4833333333333334,"value":0},{"frame":1.55,"value":255},{"frame":2.45,"value":0},{"frame":3.5,"value":0},{"frame":3.566666666666667,"value":255},{"frame":4.15,"value":0}]}},"Car/bw_particle/bw_particle_a_screen_07":{"props":{"opacity":[{"frame":1,"value":0},{"frame":1.0666666666666667,"value":255},{"frame":1.6666666666666667,"value":0},{"frame":2.1666666666666665,"value":0},{"frame":2.2333333333333334,"value":255},{"frame":3.1333333333333333,"value":0},{"frame":4.183333333333334,"value":0},{"frame":4.25,"value":255},{"frame":4.833333333333333,"value":0}]}},"Car/bw_particle/bw_particle_a_screen_08":{"props":{"opacity":[{"frame":0.8333333333333334,"value":0},{"frame":0.9,"value":255},{"frame":1.5,"value":0},{"frame":2,"value":0},{"frame":2.066666666666667,"value":255},{"frame":2.966666666666667,"value":0},{"frame":4.016666666666667,"value":0},{"frame":4.083333333333333,"value":255},{"frame":4.666666666666667,"value":0}]}},"Car/bw_particle/bw_particle_a_screen_09":{"props":{"opacity":[{"frame":0.5,"value":0},{"frame":0.5666666666666667,"value":255},{"frame":1.1666666666666667,"value":0},{"frame":1.6666666666666667,"value":0},{"frame":1.7333333333333334,"value":255},{"frame":2.6333333333333333,"value":0},{"frame":3.683333333333333,"value":0},{"frame":3.75,"value":255},{"frame":4.333333333333333,"value":0}]}},"Car/Flash":{"props":{"opacity":[{"frame":0,"value":0},{"frame":0.06666666666666667,"value":255},{"frame":0.6666666666666666,"value":0},{"frame":1.1666666666666667,"value":0},{"frame":1.2333333333333334,"value":255}]}}},"default_btn_normal",11,[{},"props",11,[{"opacity":[{"frame":0,"value":121},{"frame":0.06666666666666667,"value":125}]},"color",12,[[[{"frame":0},"value",8,[4,4278190080]],[{"frame":0.06666666666666667},"value",8,[4,4294759431]],[{"frame":0.4166666666666667},"value",8,[4,4278190080]]],11,11,11]]],"Car",11,[{},"props",11,[{},"scale",12,[[[{"frame":0},"value",8,[1,0,0,1]],[{"frame":0.16666666666666666},"value",8,[1,1.3,1.3,1]]],11,11]]]]]]],0,0,[],[],[]],[[[20,"SuperWinShow"]],0,0,[],[],[]],[[[12,"Flag",4.5,40,2,{"paths":{"mw_b":{"props":{"angle":[{"frame":0,"value":0},{"frame":0.75,"value":10},{"frame":1.5,"value":0},{"frame":2.25,"value":10},{"frame":3,"value":0},{"frame":3.75,"value":10},{"frame":4.5,"value":0}]}},"mw_b copy":{"props":{"angle":[{"frame":0,"value":0},{"frame":0.75,"value":-10},{"frame":1.5,"value":0},{"frame":2.125,"value":-10},{"frame":2.875,"value":0},{"frame":3.5,"value":-10},{"frame":4.5,"value":0}]}}}}]],0,0,[],[],[]],[[{"name":"blurPurple","rect":[0,0,379,819],"offset":[0,0],"originalSize":[379,819],"capInsets":[0,0,0,0]}],[5],0,[0],[4],[32]],[[[32,"BigWin"],[33,"BigWin",[-9,-10,-11,-12,-13,-14],[[44,-2],[45,-8,-7,-6,-5,-4,-3]],[46,-1,0],[5,720,1280]],[21,"Car",[-15,-16,-17,-18,-19,-20,-21,-22,-23,-24,-25],[0,"bb6x5y7nVCIqKe79hZAz/d",1,0],[5,100,100]],[41,"LbMonoSpace",1,[-27,-28,-29,-30,-31,-32,-33,-34,-35,-36],[-26],[0,"8baQWGm6BOjJmZNUBzfjH6",1,0],[5,840,0],[0,-46.491,0,0,0,0,1,0.9,0.9,1]],[21,"bw_particle",[-37,-38,-39,-40,-41,-42,-43,-44,-45,-46],[0,"a3dO0hY3NMt7N9LIFQV6RH",1,0],[5,234,98]],[28,"SuperWin",false,1,[-48,-49,-50,-51,-52,-53,-54,-55,-56],[-47],[0,"ecU2a8KTVDXJjRXvKDcqdI",1,0]],[28,"MegaWin",false,1,[-58,-59,-60,2,-61,-62,-63,-64],[-57],[0,"5dfQmj3qdFUZzDFdvTsJpu",1,0]],[34,"Car",5,[-65,-66,-67,-68,-69,-70,-71,-72],[0,"6caPdb6+pHX6mxdhVqTd0A",1,0]],[35,"Car",[-73,-74,-75,-76,-77,4,-78],[0,"78+12A+hxKgosO24hlSUkn",1,0],[5,100,100],[0,0,0,0,0,0,1,1.3,1.3,1]],[42,"BigWin",1,[-80,-81,8,-82,-83],[-79],[0,"01HRabtOVOCp47BZfZwFpZ",1,0],[5,100,100]],[22,"LighFlash",[-85,-86,-87,-88],[[8,true,-84,[47],46]],[0,"9bL3wQ0B1DUrthepNwbme4",1,0]],[36,"Flag",5,[-90,-91,-92,-93],[[8,true,-89,[130],129]],[0,"61lk8KsNpAda0rZdPAF+hM",1,0],[0,-79.826,0,0,0,0,1,1,1,1]],[15,"Lighting",5,[-95,-96,-97,-98],[[8,true,-94,[179],178]],[0,"e6wF74HstGDZurBZUj5UWb",1,0]],[22,"Flash",[-100,-101,-102],[[8,true,-99,[99],98]],[0,"8fm7w1fxhG/7RcmycHvh5p",1,0]],[16,"mw_g",6,[-105,-106],[[1,-103,[107],108],[8,true,-104,[110],109]],[0,"7e39UPa1BF95cQ6sbeC6Fb",1,0],[5,160,191],[0,290.151,0,0,0,0,1,1,1,1]],[23,"Flag",8,[-108,-109],[[8,true,-107,[9],8]],[0,"97kVVUXcpBIJUe/m6cTZfr",1,0],[5,100,100]],[15,"Flag",6,[-111,-112],[[8,true,-110,[67],66]],[0,"77KaUX/W9JVLxl8NDcKjDH",1,0]],[15,"Flash",5,[-114,-115],[[8,true,-113,[163],162]],[0,"cf4qKF1i9D1ZvyImxQDdw5",1,0]],[16,"smw_g",5,[-117,-118],[[10,0,-116,[168],169]],[0,"04rgrv7+VLnKPKIPRvQKcv",1,0],[5,431.578947,398.496241],[0,448.355,0,0,0,0,1,1,1,1]],[43,"btnFast",1,[[-119,[48,45,720,1280,-120]],1,4],[0,"a2RO4xYktAWLFM440QAotj",1,0],[5,720,1280]],[23,"Flash",8,[10],[[47,-121]],[0,"261r7OynJADasTj+RKiGaK",1,0],[5,100,100]],[17,"bw_vfx_e_screen_01",6,[[4,1,0,-122,[56],57],[29,3,-123,[58,59,60,61]]],[0,"5cSokf58dGGrqOwQUZWzsa",1,0],[5,745.2,1614.6]],[37,"bw_vfx_f_add_01",2,[-125],[[4,1,0,-124,[76],77]],[0,"6b9aZTGDZKxpQjI82xsmGh",1,0],[5,701.5092,629.51499],[0,0.5,0.4],[0,-2.089,0,0,0,0,1,1,1,1]],[17,"bw_vfx_e_screen_01",5,[[4,1,0,-126,[115],116],[29,3,-127,[117,118,119,120]]],[0,"b1X9A6TW1J/7yLI/7EQtwS",1,0],[5,745.2,1614.6]],[2,"bw_vfx_a_screen_02",7,[[3,1,-128,[141],142],[8,true,-129,[144],143]],[0,"3dJzQdw51H4raVOtLw2ky0",1,0],[5,324,192],[212.632,-235.977,0,0,0,0,1,2,2,1]],[2,"bw_vfx_a_screen_03",7,[[3,1,-130,[145],146],[8,true,-131,[148],147]],[0,"2eSdckAKBOkLzDN03YOWVG",1,0],[5,324,192],[-154.189,-235.977,0,0,0,0,1,2,2,1]],[16,"bw_vfx_f_add_02",5,[-133],[[4,1,0,-132,[153],154]],[0,"34VIExlB1IvKO30GBH6TgR",1,0],[5,859.483,859.953],[8.3715,78.0115,0,0,0,0,1,1,1,1]],[38,"default_btn_normal",121,9,[[10,0,-134,[0],1]],[0,"6bwMqyGcVNg4GNw6iRTsRp",1,0],[4,4278190080],[5,720,1280]],[2,"bw_bg_03_screen",9,[[4,1,0,-135,[2],3]],[0,"70wctf7spGy6OAWHcUrAYn",1,0],[5,720,1334],[0,0,0,0,0,0,1,1.5,1.5,1]],[24,"bw_b-001",15,[[1,-136,[4],5]],[0,"db+Yg6jUxKVIpPcIDRKz8J",1,0],[5,343,242],[0,1,0],[-57.242,31.289,0,0,0,0.043619387365336,0.9990482215818578,-1,1,1],[1,0,0,5]],[24,"bw_b",15,[[1,-137,[6],7]],[0,"07XjwYiPlO0Z0CbnGA7gDC",1,0],[5,343,242],[0,1,0],[44.772,30.588,0,0,0,-0.043619387365336,0.9990482215818578,1,1,1],[1,0,0,-5]],[2,"bw_a",8,[[1,-138,[10],11]],[0,"89HHYiywZHQYXSvlpPrhcQ",1,0],[5,461,354],[0,-5.343,0,0,0,0,1,1,1,1]],[2,"bw_c",8,[[1,-139,[12],13]],[0,"29AXNQav5Mh6jkf41pej/k",1,0],[5,540,469],[0,-5.343,0,0,0,0,1,1,1,1]],[2,"bw_d",8,[[1,-140,[14],15]],[0,"71OU8g9SlMc4IeXLYrWNCL",1,0],[5,540,838],[0,-5.343,0,0,0,0,1,1,1,1]],[2,"bw_h_02",8,[[3,1,-141,[16],17]],[0,"78sE1JKChN56tFQAEIt2Y+",1,0],[5,324,151],[-20.001,-187.903,0,0,0,0,1,2,2,1]],[5,"bw_particle_a_screen_01",0,4,[[3,1,-142,[18],19]],[0,"6bDOI2VWlIV6maGWh0Mlx7",1,0],[5,234,98],[314.201,-16.859,0,0,0,0,1,1,1,1]],[5,"bw_particle_a_screen_02",0,4,[[3,1,-143,[20],21]],[0,"67Yo+GxptKpZZ3+4+Bq2ku",1,0],[5,234,98],[282.015,93.495,0,0,0,0,1,1,1,1]],[5,"bw_particle_a_screen_03",0,4,[[3,1,-144,[22],23]],[0,"3cJOVdEFFI8qGaE1NOTKiw",1,0],[5,234,98],[151.737,254.427,0,0,0,0,1,1,1,1]],[5,"bw_particle_a_screen_04",0,4,[[3,1,-145,[24],25]],[0,"6drYG4bZJHBa9L/8oSbVit",1,0],[5,234,98],[-237.565,142.541,0,0,0,0,1,1,1,1]],[5,"bw_particle_a_screen_05",0,4,[[3,1,-146,[26],27]],[0,"a6dg6VTtFDeYFdVUuUwO/u",1,0],[5,234,98],[-223.771,1.534,0,0,0,0,1,1,1,1]],[5,"bw_particle_a_screen_06",0,4,[[3,1,-147,[28],29]],[0,"bdzawG4rZIsJPMirrTR/D8",1,0],[5,234,98],[-300.405,-65.904,0,0,0,0,1,1,1,1]],[5,"bw_particle_a_screen_07",0,4,[[3,1,-148,[30],31]],[0,"3dpyk9WjVF04XN5Nv4OSI0",1,0],[5,234,98],[-300.405,65.907,0,0,0,0,1,1,1,1]],[5,"bw_particle_a_screen_08",0,4,[[3,1,-149,[32],33]],[0,"7845L1629HNLKG3hGX8DW1",1,0],[5,234,98],[326.462,32.187,0,0,0,0,1,1,1,1]],[5,"bw_particle_a_screen_09",0,4,[[3,1,-150,[34],35]],[0,"6fJttyngNHf44v0v3o1Or7",1,0],[5,234,98],[-112.117,233.143,0,0,0,0,1,1,1,1]],[5,"bw_particle_a_screen_10",0,4,[[3,1,-151,[36],37]],[0,"ec2J78utpHQ5hdUBZSQAgr",1,0],[5,234,98],[-1.952,191.021,0,0,0,0,1,1,1,1]],[5,"bw_vfx_i_screen_01",200,10,[[3,1,-152,[38],39]],[0,"f2JlGMePhAeYBZ9KLhsQ1H",1,0],[5,379,819],[-26.786154,-562.51,0,0,0,0,1,3.846154,2.307692,1]],[5,"bw_vfx_i_screen_02",0,10,[[3,1,-153,[40],41]],[0,"e84K3zoC9PN4BzEVDRmpaD",1,0],[5,379,819],[-33.675,364.143,0,0,0,0,1,2.307692,2.307692,1]],[5,"c8e48e72-5566-4935-b22c-ea87154a1e24",0,10,[[3,1,-154,[42],43]],[0,"8eFujPXkdPQK6LU5264NRn",1,0],[5,751,503],[-391.956,310.638,0,0,0,0,1,1,2,1]],[39,"c8e48e72-5566-4935-b22c-ea87154a1e24 copy",200,10,[[3,1,-155,[44],45]],[0,"52fkqs9cFDSrheYmNfAKMx",1,0],[5,751,503],[362.799,199.344,0,0,0,0.7071067811865475,0.7071067811865476,2,2,1],[1,0,0,90]],[5,"bw_bg_03_screen-001",0,9,[[4,1,0,-156,[48],49]],[0,"4aYbacYatDl6QCvKFolNh8",1,0],[5,720,1334],[0,0,0,0,0,0,1,1.95,1.95,1.95]],[2,"bw",9,[[1,-157,[50],51]],[0,"8elD9up91FU5rhiENA6uPg",1,0],[5,581,215],[0,119.7586,0,0,0,0,1,1.3,1.3,1]],[19,9,[52,53]],[25,"default_btn_normal",false,121,6,[[10,0,-158,[54],55]],[0,"c4Vd8HgTRMI7mD4Vd2TwvS",1,0],[4,4292280565],[5,720,1280],[0,0,0,0,0,0,1,1.3,1.3,1]],[9,"mw_b",16,[[1,-159,[62],63]],[0,"6cOFCFKC5MdYOMOBKW4i5Y",1,0],[5,288,363],[0,0,0.3],[73.621,97.439,0,0,0,0,1,1,1,1]],[9,"mw_b copy",16,[[1,-160,[64],65]],[0,"76iEOAvG1HCpvrS0EDMrsa",1,0],[5,288,363],[0,0,0.3],[-90.943,97.439,0,0,0,0,1,-1,1,1]],[2,"bw_vfx_d_screen_01",2,[[3,1,-161,[68],69]],[0,"f6C9qsI6ZIo7HFaPPmzytd",1,0],[5,340,340],[0,-4.035,0,0,0,0,1,4,4,1]],[2,"mw_c",2,[[1,-162,[70],71]],[0,"66xBGljGtBR6FPLxSWFPpA",1,0],[5,540,601],[0,-451.798,0,0,0,0,1,1,1,1]],[2,"mw_a",2,[[10,0,-163,[72],73]],[0,"f1rXR43JVPdr54uJe/mhd9",1,0],[5,621.11,539.98],[0,-122.746,0,0,0,0,1,1,1,1]],[2,"mw_e",22,[[10,0,-164,[74],75]],[0,"a9NXIZ/jZPqqyKSyiHMvu/",1,0],[5,567.91,420.28],[0,48.29,0,0,0,0,1,1,1,1]],[2,"bw_h_02",2,[[4,1,0,-165,[78],79]],[0,"acJBQLnptAlqSkncw81HLL",1,0],[5,719.99928,335.55522],[0,-351.556,0,0,0,0,1,1,1,1]],[2,"bw_vfx_b_screen_02",2,[[4,1,0,-166,[80],81]],[0,"416tpB/LRJOpYlcIxjxOPB",1,0],[5,431.892,255.936],[-204.857,-177.749,0,0,0,0,1,1.2,1.2,1]],[2,"bw_vfx_b_screen_03",2,[[4,1,0,-167,[82],83]],[0,"e6z1Ja/blCKJpwcZlcrKrp",1,0],[5,431.892,255.936],[244.923,-176.636,0,0,0,0,1,1.2,1.2,1]],[2,"bw_vfx_a_screen_02",2,[[3,1,-168,[84],85]],[0,"9cU+lKgs5AbrdA4qCnA5IC",1,0],[5,560,250],[0,-156.339,0,0,0,0,1,1,1,1]],[2,"bw_vfx_b_screen_01",2,[[3,1,-169,[86],87]],[0,"52ws8AQQVJaadP1FU7qz58",1,0],[5,324,192],[-277.33,-130.037,0,0,0,0,1,1,1,1]],[2,"bw_vfx_b_screen_04",2,[[3,1,-170,[88],89]],[0,"4eNiCamdBOF5XEAw3SUln3",1,0],[5,324,192],[73.993,-288.132,0,0,0,0,1,1,1,1]],[2,"mw_d",2,[[1,-171,[90],91]],[0,"e9Kuu+XE1F+41t/YZdxH6h",1,0],[5,540,960],[0,0,0,0,0,0,1,1.5,1.5,1]],[40,"FlashLight",false,6,[13],[0,"1656U07mNA3YFXHX6Zuw/G",1,0],[5,100,100]],[14,"600301aa-3357-4a10-b086-84f011fa32ba",150,13,[[1,-172,[92],93]],[0,"73LNJxnxxCpZJoeUfSYxZz",1,0],[4,4294901974],[5,61,61],[36.453,-403.822,0,0,0,0,1,25,25,1]],[14,"600301aa-3357-4a10-b086-84f011fa32ba-001",150,13,[[1,-173,[94],95]],[0,"2d0g6t2MhAEYa6NwoCyavk",1,0],[4,4294901974],[5,61,61],[-430.062,575.584,0,0,0,0,1,25,25,1]],[25,"600301aa-3357-4a10-b086-84f011fa32ba-002",false,150,13,[[1,-174,[96],97]],[0,"c9VcHRhflCs4Lbg46YVOVL",1,0],[4,4294901974],[5,61,61],[450.049,583.011,0,0,0,0,1,25,25,1]],[26,"bw_particle",6,[-175],[0,"dek2JlOJNKvKSwgLwa0dTf",1,0],[11.573,-5.787,0,0,0,0,1,1,1,1]],[27,"Particle2D",70,[[30,771,1,true,7,50,0.20000000298023224,0.5,0,0,200,200,0.1,1,0,0,0,-176,[100],[4,3372220415],[4,0],[4,16777215],[4,0],[0,400,300],[0,0.25,0.8600000143051147],101,102]],[0,"43mMyYrwdB/Y6pkx8M99CJ",1,0]],[2,"bw_vfx_c_screen_01",14,[[4,1,0,-177,[103],104]],[0,"92eHnfAMpEfK3c898tiV5P",1,0],[5,164.489462,214.936473],[-11.1555,12.2945,0,0,0,0,1,1.3333,1.333,1]],[2,"bw_vfx_c_screen_02",14,[[4,1,0,-178,[105],106]],[0,"c1+6N3zDJEzqMZoqpjvmU1",1,0],[5,217.308,252.349],[8.282,15.1905,0,0,0,0,1,1,1,1]],[2,"mw",6,[[1,-179,[111],112]],[0,"07FUOWflxFyr1dxrs3mZDx",1,0],[5,546,335],[0,151.572,0,0,0,0,1,1,1,1]],[19,6,[113,114]],[9,"smw_b_02",11,[[1,-180,[121],122]],[0,"d7OYw8+yNAE6ASf+7yTOG1",1,0],[5,267,316],[0,1,-0.2],[0,362.811,0,0,0,0,1,1,1,1]],[9,"smw_b_03",11,[[1,-181,[123],124]],[0,"0ftJxxz/FIHYm2Q0SoGri9",1,0],[5,267,316],[0,1,-0.2],[0,362.811,0,0,0,0,1,-1,1,1]],[9,"smw_b",11,[[1,-182,[125],126]],[0,"6cusuFOfJBZKZusbEtWt2f",1,0],[5,393,353],[0,1,0.3],[0,330.635,0,0,0,0,1,1,1,1]],[9,"smw_b-001",11,[[1,-183,[127],128]],[0,"f0pL8+5KdJ7KVO5zw2/CQ4",1,0],[5,393,353],[0,1,0.3],[0,330.635,0,0,0,0,1,-1,1,1]],[17,"smw_f_screen",7,[[4,1,0,-184,[131],132]],[0,"811PpoqclIIaqNLDo3jx/8",1,0],[5,719.982,1219.695]],[2,"smw_d_01",7,[[1,-185,[133],134]],[0,"0dkC+DGzdDZIoN8VIMYYpg",1,0],[5,540,1170],[0,0,0,0,0,0,1,1.333,1.333,1]],[2,"smw_c",7,[[4,1,0,-186,[135],136]],[0,"0bnDQWBntP54QOEj+oPM/e",1,0],[5,719.82,781.138],[9.8,-472.268,0,0,0,0,1,1,1,1]],[2,"smw_a",7,[[1,-187,[137],138]],[0,"c7Qjf+OTxKC7EfuS4cNuKC",1,0],[5,538,487],[0,-193.084,0,0,0,0,1,1,1,1]],[2,"smw_d_02",7,[[1,-188,[139],140]],[0,"75X21stTZMQ6DguD1rf8RH",1,0],[5,540,1170],[0,0,0,0,0,0,1,1.333,1.333,1]],[2,"bw_h_03",7,[[3,1,-189,[149],150]],[0,"48l2s9TJhKmIU7CX45mRmu",1,0],[5,324,151],[0,-456.881,0,0,0,0,1,3,3,1]],[2,"smw_e",26,[[10,0,-190,[151],152]],[0,"b7HV4lhsVEi7Zco71gs1Th",1,0],[5,675.831,493.21],[-8.3715,5.2895,0,0,0,0,1,1,1,1]],[26,"bw_particle",5,[-191],[0,"9b9rV0jcpPYJG5VKXi8/5f",1,0],[11.573,-5.787,0,0,0,0,1,1,1,1]],[27,"Particle2D",87,[[30,771,1,true,7,50,0.20000000298023224,0.5,0,0,200,200,0.1,1,0,0,0,-192,[155],[4,3372220415],[4,0],[4,16777215],[4,0],[0,400,300],[0,0.25,0.8600000143051147],156,157]],[0,"b1FcFH9W5C7qEhXaPVrUOk",1,0]],[14,"f4204293-f2f1-4b25-81eb-0a6cb2847564",125,17,[[1,-193,[158],159]],[0,"c4SEozNHRJz6zjIZrJxvoU",1,0],[4,4294902005],[5,61,61],[-22.639,164.78,0,0,0,0,1,20,20,1]],[14,"f4204293-f2f1-4b25-81eb-0a6cb2847565",125,17,[[1,-194,[160],161]],[0,"e4cZx2ZiFLfKxV65M2kODM",1,0],[4,4294902005],[5,61,61],[86.126,-398.219,0,0,0,0,1,20,20,1]],[2,"bw_vfx_c_screen_03",18,[[4,1,0,-195,[164],165]],[0,"c4zxg21UhBf6EDalJOh+/A",1,0],[5,406.385585,494.955739],[3.944,-2.48,0,0,0,0,1,1.3333,1.3333,1]],[2,"bw_vfx_c_screen_04",18,[[4,1,0,-196,[166],167]],[0,"7bMDn3Wx9BX4LJTAnRDJh7",1,0],[5,578.181,639.045],[0.6895,7.8855,0,0,0,0,1,1,1,1]],[18,"bw_vfx_f_screen",12,[[3,1,-197,[170],171]],[0,"ecXEakjP5AyLe4HUIs/60A",1,0],[5,215,273],[-135.786,151.619,0,0,0,0.7071067811865475,0.7071067811865476,2,2,1],[1,0,0,90]],[18,"bw_vfx_f_screen-001",12,[[3,1,-198,[172],173]],[0,"38FRD3u55IFZq/3+khNZEg",1,0],[5,215,273],[-241.722,-26.105,0,0,0,0.7071067811865475,0.7071067811865476,2,2,1],[1,0,0,90]],[2,"bw_vfx_f_screen-002",12,[[3,1,-199,[174],175]],[0,"eap42xhCVFdImOEexxAqaV",1,0],[5,215,273],[155.761,93.709,0,0,0,0,1,2,2,1]],[18,"bw_vfx_f_screen-003",12,[[3,1,-200,[176],177]],[0,"d6u0BiXw1K8qXYMe0/8o3m",1,0],[5,215,273],[206.242,-194.093,0,0,0,-0.6427876096865393,0.766044443118978,2,2,1],[1,0,0,-80]],[2,"smw",5,[[1,-201,[180],181]],[0,"daevcCSU9OIbA0N9OR3dA0",1,0],[5,559,316],[12.7,146.616,0,0,0,0,1,1,1,1]],[19,5,[182,183]],[2,"bw_vfx_a_screen_01",1,[[3,1,-202,[184],185]],[0,"95UuflvLxG4bmhUDnolN48",1,0],[5,281,128],[0,-14.4482,0,0,0,0,1,3,3,1]],[6,"1",3,[-203],[0,"5egA5Y995L7qP2qeJVpuoi",1,0],[5,90,0],[0,0.5,0],[-375,-50,0,0,0,0,1,1,1,1]],[7,"New Node",100,[[1,-204,[186],187]],[0,"7d7UZf11RPTpIWZOnvqf3e",1,0],[5,88,134],[0,0.5,0]],[6,"0",3,[-205],[0,"f3lWSQrZZDyrVllNfEGQzE",1,0],[5,90,0],[0,0.5,0],[-285,-50,0,0,0,0,1,1,1,1]],[7,"New Node",102,[[1,-206,[188],189]],[0,"4alvHu17dG8I+xMXZNd+A7",1,0],[5,120,134],[0,0.5,0]],[6,".",3,[-207],[0,"5boVv6BfpARKBYmf76ZphY",1,0],[5,60,0],[0,0.5,0],[-210,-50,0,0,0,0,1,1,1,1]],[7,"New Node",104,[[1,-208,[190],191]],[0,"b6NCj6MA1PpLfiiWDl4Afh",1,0],[5,46,43],[0,0.5,0]],[6,"0",3,[-209],[0,"e1SBhPV79LnYWuHc7jQin5",1,0],[5,90,0],[0,0.5,0],[-135,-50,0,0,0,0,1,1,1,1]],[7,"New Node",106,[[1,-210,[192],193]],[0,"c4GJneRL1Fq7XHsVN2+aGO",1,0],[5,120,134],[0,0.5,0]],[6,"0",3,[-211],[0,"6chBDO5rNIXJXLZOxR1xCi",1,0],[5,90,0],[0,0.5,0],[-45,-50,0,0,0,0,1,1,1,1]],[7,"New Node",108,[[1,-212,[194],195]],[0,"d1SYcEbEFOKbEpYVrD2nNM",1,0],[5,120,134],[0,0.5,0]],[6,"0",3,[-213],[0,"464S27qvhGoZt4lRvhgPTY",1,0],[5,90,0],[0,0.5,0],[45,-50,0,0,0,0,1,1,1,1]],[7,"New Node",110,[[1,-214,[196],197]],[0,"d2oLW5dZFPdou8iIJZ283Z",1,0],[5,120,134],[0,0.5,0]],[6,".",3,[-215],[0,"ac3yNjknBCWpOaiVaPs8E1",1,0],[5,60,0],[0,0.5,0],[120,-50,0,0,0,0,1,1,1,1]],[7,"New Node",112,[[1,-216,[198],199]],[0,"a3zh6qse1MsZDc1wG5b4aL",1,0],[5,46,43],[0,0.5,0]],[6,"0",3,[-217],[0,"ceFWU3qW9GF7dbyNzPORfb",1,0],[5,90,0],[0,0.5,0],[195,-50,0,0,0,0,1,1,1,1]],[7,"New Node",114,[[1,-218,[200],201]],[0,"46Khh2ymlN6plobGeTaPB+",1,0],[5,120,134],[0,0.5,0]],[6,"0",3,[-219],[0,"044h8NRitBcIWZxvU8piyu",1,0],[5,90,0],[0,0.5,0],[285,-50,0,0,0,0,1,1,1,1]],[7,"New Node",116,[[1,-220,[202],203]],[0,"9aEpWxMXxHBLYutmEeUlfP",1,0],[5,120,134],[0,0.5,0]],[6,"0",3,[-221],[0,"e6JbEcOdlLxoJhupUgQR2W",1,0],[5,90,0],[0,0.5,0],[375,-50,0,0,0,0,1,1,1,1]],[7,"New Node",118,[[1,-222,[204],205]],[0,"a2PRe3YBFGTYeRgP3EvuC/",1,0],[5,120,134],[0,0.5,0]],[49,"bw_",true,"10.000.000",90,60,-50,-50,[null,null,null,null,null,null,null,null,null,null,null,null],3],[50,19,[[51,"0fe979xx7FEZbDjGfE4jDJD","onClickBtnShowFast",1]],[4,4293322470],[4,4291348680],[4,3363338360],19]],0,[0,6,1,0,0,1,0,7,121,0,8,120,0,9,98,0,10,75,0,11,51,0,0,1,0,-1,9,0,-2,6,0,-3,5,0,-4,99,0,-5,3,0,-6,19,0,-1,55,0,-2,56,0,-3,57,0,-4,22,0,-5,59,0,-6,60,0,-7,61,0,-8,62,0,-9,63,0,-10,64,0,-11,65,0,-1,120,0,-1,100,0,-2,102,0,-3,104,0,-4,106,0,-5,108,0,-6,110,0,-7,112,0,-8,114,0,-9,116,0,-10,118,0,-1,35,0,-2,36,0,-3,37,0,-4,38,0,-5,39,0,-6,40,0,-7,41,0,-8,42,0,-9,43,0,-10,44,0,-1,98,0,-1,23,0,-2,11,0,-3,7,0,-4,26,0,-5,87,0,-6,17,0,-7,18,0,-8,12,0,-9,97,0,-1,75,0,-1,52,0,-2,21,0,-3,16,0,-5,66,0,-6,70,0,-7,14,0,-8,74,0,-1,80,0,-2,81,0,-3,82,0,-4,83,0,-5,84,0,-6,24,0,-7,25,0,-8,85,0,-1,15,0,-2,31,0,-3,32,0,-4,33,0,-5,34,0,-7,20,0,-1,51,0,-1,27,0,-2,28,0,-4,49,0,-5,50,0,0,10,0,-1,45,0,-2,46,0,-3,47,0,-4,48,0,0,11,0,-1,76,0,-2,77,0,-3,78,0,-4,79,0,0,12,0,-1,93,0,-2,94,0,-3,95,0,-4,96,0,0,13,0,-1,67,0,-2,68,0,-3,69,0,0,14,0,0,14,0,-1,72,0,-2,73,0,0,15,0,-1,29,0,-2,30,0,0,16,0,-1,53,0,-2,54,0,0,17,0,-1,89,0,-2,90,0,0,18,0,-1,91,0,-2,92,0,-1,121,0,0,19,0,0,20,0,0,21,0,0,21,0,0,22,0,-1,58,0,0,23,0,0,23,0,0,24,0,0,24,0,0,25,0,0,25,0,0,26,0,-1,86,0,0,27,0,0,28,0,0,29,0,0,30,0,0,31,0,0,32,0,0,33,0,0,34,0,0,35,0,0,36,0,0,37,0,0,38,0,0,39,0,0,40,0,0,41,0,0,42,0,0,43,0,0,44,0,0,45,0,0,46,0,0,47,0,0,48,0,0,49,0,0,50,0,0,52,0,0,53,0,0,54,0,0,55,0,0,56,0,0,57,0,0,58,0,0,59,0,0,60,0,0,61,0,0,62,0,0,63,0,0,64,0,0,65,0,0,67,0,0,68,0,0,69,0,-1,71,0,0,71,0,0,72,0,0,73,0,0,74,0,0,76,0,0,77,0,0,78,0,0,79,0,0,80,0,0,81,0,0,82,0,0,83,0,0,84,0,0,85,0,0,86,0,-1,88,0,0,88,0,0,89,0,0,90,0,0,91,0,0,92,0,0,93,0,0,94,0,0,95,0,0,96,0,0,97,0,0,99,0,-1,101,0,0,101,0,-1,103,0,0,103,0,-1,105,0,0,105,0,-1,107,0,0,107,0,-1,109,0,0,109,0,-1,111,0,0,111,0,-1,113,0,0,113,0,-1,115,0,0,115,0,-1,117,0,0,117,0,-1,119,0,0,119,0,12,1,2,3,6,4,3,8,8,3,9,10,3,20,13,3,66,222],[0,0,0,0,0,0,0,0,0,0,0,0,0,0,0,0,0,0,0,0,0,0,0,0,0,0,0,0,0,0,0,0,0,0,0,0,0,0,0,0,0,0,0,0,0,0,0,0,0,0,0,0,0,0,0,0,0,0,0,0,0,0,0,0,0,0,0,0,0,0,0,0,0,0,0,0,0,0,0,0,0,0,0,0,0,0,0,0,0,0,0,0,0,0,0,0,0,0,0,0,0,0,0,0,0,0,0,0,0,0,0,0,0,0,0,0,0,0,0,0,0,0,0,0,0,0,0,0,0,0,0,0,0,0,0,0,0,0,0,0,0,0,0,0,0,0,0,0,0,0,0,0,0,0,0,0,0,0,0,0,0,0,0,0,0,0,0,0,0,0,0,0,0,0,0,0,0,0,0,0,0,0,0,0,0,0,0,0,0,0,0,0,0,0,0,0,0,0,0,0,0,0,0,0,0,0,51,75,120,121,121,121,121],[-1,1,-1,1,-1,1,-1,1,2,-1,-1,1,-1,1,-1,1,-1,1,-1,1,-1,1,-1,1,-1,1,-1,1,-1,1,-1,1,-1,1,-1,1,-1,1,-1,1,-1,1,-1,1,-1,1,2,-1,-1,1,-1,1,-1,-2,-1,1,-1,1,-1,-2,-3,-4,-1,1,-1,1,2,-1,-1,1,-1,1,-1,1,-1,1,-1,1,-1,1,-1,1,-1,1,-1,1,-1,1,-1,1,-1,1,-1,1,-1,1,-1,1,2,-1,-1,5,1,-1,1,-1,1,-1,1,2,-1,-1,1,-1,-2,-1,1,-1,-2,-3,-4,-1,1,-1,1,-1,1,-1,1,2,-1,-1,1,-1,1,-1,1,-1,1,-1,1,-1,1,2,-1,-1,1,2,-1,-1,1,-1,1,-1,1,-1,5,1,-1,1,-1,1,2,-1,-1,1,-1,1,-1,1,-1,1,-1,1,-1,1,-1,1,2,-1,-1,1,-1,-2,-1,1,-1,1,-1,1,-1,1,-1,1,-1,1,-1,1,-1,1,-1,1,-1,1,-1,1,2,2,13,14,15,16,17],[0,8,0,9,0,10,0,10,11,11,0,33,0,34,0,35,0,36,0,1,0,1,0,1,0,1,0,1,0,1,0,1,0,1,0,1,0,1,0,12,0,12,0,13,0,13,14,14,0,9,0,37,15,38,0,8,0,4,4,16,17,18,0,19,0,19,20,20,0,39,0,40,0,41,0,42,0,43,0,44,0,1,0,1,0,45,0,5,0,5,0,46,0,3,0,3,0,3,21,21,0,22,47,0,48,0,49,0,50,23,23,0,51,24,52,0,4,4,16,17,18,0,25,0,25,0,26,0,26,27,27,0,53,0,54,0,55,0,56,0,57,0,5,6,6,0,5,6,6,0,58,0,59,0,60,0,22,61,0,3,0,3,28,28,0,62,0,63,0,64,0,7,0,7,0,7,0,7,29,29,0,65,66,67,0,68,0,69,0,2,0,30,0,2,0,2,0,2,0,30,0,2,0,2,0,2,15,24,70,31,71,31,72]],[[[12,"FlagSuperWin",1.575,40,2,{"paths":{"smw_b_02":{"props":{"angle":[{"frame":0.1,"value":0},{"frame":0.75,"value":15},{"frame":1.575,"value":0}]}},"smw_b_03":{"props":{"angle":[{"frame":0.1,"value":0},{"frame":0.75,"value":-15},{"frame":1.575,"value":0}]}},"smw_b":{"props":{"angle":[{"frame":0,"value":0},{"frame":0.65,"value":-10},{"frame":1.475,"value":0}]}},"smw_b-001":{"props":{"angle":[{"frame":0,"value":0},{"frame":0.65,"value":15},{"frame":1.475,"value":0}]}}}}]],0,0,[],[],[]],[[[20,"SuperWinLoop"]],0,0,[],[],[]],[[[31,"FlashLight",1,2,[{},"paths",11,[{"600301aa-3357-4a10-b086-84f011fa32ba-001":{"props":{"opacity":[{"frame":0,"value":0},{"frame":0.3333333333333333,"value":0},{"frame":0.6666666666666666,"value":150},{"frame":1,"value":0}]}},"600301aa-3357-4a10-b086-84f011fa32ba-002":{"props":{"opacity":[{"frame":0,"value":0},{"frame":0.23333333333333334,"value":0},{"frame":0.5833333333333334,"value":150},{"frame":0.9166666666666666,"value":0}]}}},"600301aa-3357-4a10-b086-84f011fa32ba",11,[{},"props",11,[{"opacity":[{"frame":0,"value":0},{"frame":0.3333333333333333,"value":175},{"frame":0.6666666666666666,"value":0}]},"color",12,[[[{"frame":0},"value",8,[4,4294901974]],[{"frame":0.3333333333333333},"value",8,[4,4294901974]],[{"frame":0.6666666666666666},"value",8,[4,4294901974]]],11,11,11]]]]]]],0,0,[],[],[]],[[[12,"Flag",1.9069767441860466,43,2,{"paths":{"bw_b-001":{"props":{"angle":[{"frame":0,"value":5},{"frame":0.9302325581395349,"value":-5},{"frame":1.9069767441860466,"value":5}]}},"bw_b":{"props":{"angle":[{"frame":0,"value":-5},{"frame":0.6976744186046512,"value":5},{"frame":1.9069767441860466,"value":-5}]}}}}]],0,0,[],[],[]],[[[13,"FlashSuperWin",1,2,{"paths":{"f4204293-f2f1-4b25-81eb-0a6cb2847564":{"props":{"opacity":[{"frame":0,"value":0},{"frame":0.3333333333333333,"value":0},{"frame":0.6666666666666666,"value":150},{"frame":1,"value":0}]}},"f4204293-f2f1-4b25-81eb-0a6cb2847565":{"props":{"opacity":[{"frame":0,"value":0},{"frame":0.3333333333333333,"value":150},{"frame":0.6666666666666666,"value":0}]}}}}]],0,0,[],[],[]],[[[13,"bw_vfx_a_screen_02",1,2,{"props":{"opacity":[{"frame":0,"value":150},{"frame":0.5,"value":255},{"frame":1,"value":0}]}}]],0,0,[],[],[]],[[[13,"Lighting",1.8333333333333333,2,{"paths":{"bw_vfx_f_screen":{"props":{"opacity":[{"frame":0,"value":0},{"frame":0.3333333333333333,"value":0},{"frame":0.5,"value":255},{"frame":0.6666666666666666,"value":0}]}},"bw_vfx_f_screen-001":{"props":{"opacity":[{"frame":0,"value":0},{"frame":0.3333333333333333,"value":0},{"frame":0.6666666666666666,"value":0},{"frame":0.8333333333333334,"value":255},{"frame":1,"value":0}]}},"bw_vfx_f_screen-002":{"props":{"opacity":[{"frame":0,"value":0},{"frame":1.0166666666666666,"value":0},{"frame":1.1666666666666667,"value":255},{"frame":1.3333333333333333,"value":0}]}},"bw_vfx_f_screen-003":{"props":{"opacity":[{"frame":0,"value":0},{"frame":1.5,"value":0},{"frame":1.6666666666666667,"value":255},{"frame":1.8333333333333333,"value":0}]}}}}]],0,0,[],[],[]],[[{"name":"600301aa-3357-4a10-b086-84f011fa32ba","rect":[2,2,61,61],"offset":[0.5,-0.5],"originalSize":[64,64],"capInsets":[0,0,0,0]}],[5],0,[0],[4],[73]],[[[11,"BigWinLoop",5,[{},"paths",11,[{"default_btn_normal":{"props":{"opacity":[{"frame":0,"value":121}]}}},"Car",11,[{},"props",11,[{},"scale",12,[[[{"frame":0},"value",8,[1,1.3,1.3,1]],[{"frame":5},"value",8,[1,1.4,1.4,1]]],11,11]]]]]]],0,0,[],[],[]],[[[11,"MegaWinLoop",5.166666666666667,[{},"paths",11,[{"Car/bw_vfx_b_screen_02":{"props":{"opacity":[{"frame":0,"value":255},{"frame":0.3333333333333333,"value":100},{"frame":0.5,"value":255},{"frame":0.6666666666666666,"value":255},{"frame":1,"value":100},{"frame":1.1666666666666667,"value":255},{"frame":1.3333333333333333,"value":255},{"frame":1.6666666666666667,"value":100},{"frame":1.8333333333333333,"value":255},{"frame":2,"value":255},{"frame":2.3333333333333335,"value":100},{"frame":2.5,"value":255},{"frame":2.6666666666666665,"value":255},{"frame":3,"value":100},{"frame":3.1666666666666665,"value":255},{"frame":3.3333333333333335,"value":255},{"frame":3.6666666666666665,"value":100},{"frame":3.8333333333333335,"value":255},{"frame":4,"value":255},{"frame":4.333333333333333,"value":100},{"frame":4.5,"value":255},{"frame":4.666666666666667,"value":255},{"frame":5.016666666666667,"value":100},{"frame":5.166666666666667,"value":255}]}},"Car/bw_vfx_b_screen_03":{"props":{"opacity":[{"frame":0,"value":255},{"frame":0.3333333333333333,"value":100},{"frame":0.5,"value":255},{"frame":0.6666666666666666,"value":255},{"frame":1,"value":100},{"frame":1.1666666666666667,"value":255},{"frame":1.3333333333333333,"value":255},{"frame":1.6666666666666667,"value":100},{"frame":1.8333333333333333,"value":255},{"frame":2,"value":255},{"frame":2.3333333333333335,"value":100},{"frame":2.5,"value":255},{"frame":2.6666666666666665,"value":255},{"frame":3,"value":100},{"frame":3.1666666666666665,"value":255},{"frame":3.3333333333333335,"value":255},{"frame":3.6666666666666665,"value":100},{"frame":3.8333333333333335,"value":255},{"frame":4,"value":255},{"frame":4.333333333333333,"value":100},{"frame":4.5,"value":255},{"frame":4.666666666666667,"value":255},{"frame":5.016666666666667,"value":100},{"frame":5.166666666666667,"value":255}]}},"Car/bw_vfx_a_screen_02":{"props":{"opacity":[{"frame":0,"value":0},{"frame":1,"value":0},{"frame":1.5,"value":255},{"frame":2,"value":0},{"frame":2.8333333333333335,"value":0},{"frame":3.3333333333333335,"value":255},{"frame":3.8333333333333335,"value":0},{"frame":4.333333333333333,"value":0}]}},"Car/bw_vfx_b_screen_01":{"props":{"opacity":[{"frame":0,"value":0},{"frame":1,"value":0},{"frame":1.1666666666666667,"value":255},{"frame":1.5,"value":0},{"frame":4,"value":0},{"frame":4.166666666666667,"value":255},{"frame":4.666666666666667,"value":0},{"frame":5.166666666666667,"value":0}]}},"Car/bw_vfx_b_screen_04":{"props":{"opacity":[{"frame":0,"value":0},{"frame":1.5,"value":0},{"frame":1.6666666666666667,"value":255},{"frame":2.1666666666666665,"value":0},{"frame":4,"value":0},{"frame":4.166666666666667,"value":255},{"frame":4.65,"value":0}]}}},"Car",11,[{},"props",11,[{},"scale",12,[[[{"frame":0},"value",8,[1,1,1,1]],[{"frame":5},"value",8,[1,1.1,1.1,1]]],11,11]]]]]]],0,0,[],[],[]],[[[13,"mw_g",1,2,{"paths":{"bw_vfx_c_screen_01":{"props":{"opacity":[{"frame":0,"value":0},{"frame":0.3333333333333333,"value":255},{"frame":0.5,"value":0},{"frame":1,"value":0}]}},"bw_vfx_c_screen_02":{"props":{"opacity":[{"frame":0,"value":0},{"frame":0.25,"value":0},{"frame":0.5833333333333334,"value":255},{"frame":0.75,"value":0}]}}}}]],0,0,[],[],[]]]]