[1,["9350e0V1JGh4caF/RjdITS","7bkbd/evZCH49v8V3H2qTU","0cpYlwMotGG5WcxJNHZNYZ","a4XpGpxklAzpg5JDtVCZPg","3bWCxdESZGzIe5oJp0P9N6"],["start_pressed","free_spin_won","start","feature_loading","_textureSetter"],["cc.SpriteFrame",["cc.SpriteAtlas",["_name","_spriteFrames"],2,11]],[[1,0,1,2]],[[[[0,"Alats43.plist",[{},"start_pressed",6,0,"free_spin_won",6,1,"start",6,2,"feature_loading",6,3]]],0,0,[0,0,0,0],[0,1,2,3],[0,1,2,3]],[[{"name":"start_pressed","rect":[1,1,220,68],"offset":[0,0],"originalSize":[220,68],"capInsets":[0,0,0,0]}],[0],0,[0],[4],[4]]]]