[1,["edxAY98t1AsriWtLYSUdyc"],["_textureSetter"],["cc.SpriteFrame"],0,[[[{"name":"scatter_vfx_a_04","rect":[233,1,41,55],"offset":[-39,38],"originalSize":[125,145],"capInsets":[0,0,0,0]}],[0],0,[0],[0],[0]],[[{"name":"scatter_vfx_a_06","rect":[104,159,89,103],"offset":[-15,13],"originalSize":[125,145],"rotated":1,"capInsets":[0,0,0,0]}],[0],0,[0],[0],[0]],[[{"name":"scatter_vfx_a_02","rect":[104,110,3,3],"offset":[-61,71],"originalSize":[125,145],"capInsets":[0,0,0,0]}],[0],0,[0],[0],[0]],[[{"name":"scatter_vfx_a_11","rect":[1,227,47,89],"offset":[31,-16],"originalSize":[125,145],"rotated":1,"capInsets":[0,0,0,0]}],[0],0,[0],[0],[0]],[[{"name":"scatter_vfx_a_07","rect":[1,1,109,107],"offset":[-3,11],"originalSize":[125,145],"capInsets":[0,0,0,0]}],[0],0,[0],[0],[0]],[[{"name":"scatter_vfx_a_05","rect":[209,159,59,83],"offset":[-30,23],"originalSize":[125,145],"capInsets":[0,0,0,0]}],[0],0,[0],[0],[0]],[[{"name":"scatter_vfx_a_01","rect":[104,110,3,3],"offset":[-61,71],"originalSize":[125,145],"capInsets":[0,0,0,0]}],[0],0,[0],[0],[0]],[[{"name":"scatter_vfx_a_09","rect":[112,1,87,119],"offset":[10,3],"originalSize":[125,145],"rotated":1,"capInsets":[0,0,0,0]}],[0],0,[0],[0],[0]],[[{"name":"scatter_vfx_a_08","rect":[1,110,101,115],"offset":[2,6],"originalSize":[125,145],"capInsets":[0,0,0,0]}],[0],0,[0],[0],[0]],[[{"name":"scatter_vfx_a_10","rect":[112,90,67,119],"offset":[21,-1],"originalSize":[125,145],"rotated":1,"capInsets":[0,0,0,0]}],[0],0,[0],[0],[0]],[[{"name":"scatter_vfx_a_03","rect":[104,110,3,3],"offset":[-61,71],"originalSize":[125,145],"capInsets":[0,0,0,0]}],[0],0,[0],[0],[0]]]]