[1,["a7vSuwgFRPP5W6RROhFVrr","0eRnP1IRFNC5IqTLN9da8C","34bmTgpv5KH7eaMtYaejS9","641j8tAERMBaorT90q/qZj","28Mo2/kG1JdaItFmYa5n6D","78HjhL88xDrJGWRuJ9Vsnj","41RVsvwxVIR5lk+YmPih/W","04DljzvRhLzqRUjKvJ/UK7","bdGY0HuqBKU4yamUhEyXWZ","d0VAoZp2NF2Y4LaCozfmRt","8fSxxQBCZEFoA5aQf1Aisc","c1NpV6KxhLTrOXNC9Cwk9t","8eqEafzYZO/618H6KUEFGz","8acVsZU7FKOL/PnQtFKGSG","35WSvXzn9I1JlKcXp93Iyi"],["value"],[["cc.AnimationClip",["_name","_duration","speed","wrapMode","curveData"],-1,11]],[[0,0,1,2,3,4,5]],[[0,"wincoin",0.26666666666666666,0.5,2,[{"props":{"opacity":[{"frame":0,"value":255},{"frame":0.25,"value":255},{"frame":0.26666666666666666,"value":0}]}},"comps",11,[{},"cc.Sprite",11,[{},"spriteFrame",12,[[[{"frame":0},"value",6,0],[{"frame":0.016666666666666666},"value",6,1],[{"frame":0.03333333333333333},"value",6,2],[{"frame":0.05},"value",6,3],[{"frame":0.06666666666666667},"value",6,4],[{"frame":0.08333333333333333},"value",6,5],[{"frame":0.1},"value",6,6],[{"frame":0.11666666666666667},"value",6,7],[{"frame":0.13333333333333333},"value",6,8],[{"frame":0.15},"value",6,9],[{"frame":0.16666666666666666},"value",6,10],[{"frame":0.18333333333333332},"value",6,11],[{"frame":0.2},"value",6,12],[{"frame":0.21666666666666667},"value",6,13],[{"frame":0.23333333333333334},"value",6,14]],11,11,11,11,11,11,11,11,11,11,11,11,11,11,11]]]]]],0,0,[0,0,0,0,0,0,0,0,0,0,0,0,0,0,0],[0,0,0,0,0,0,0,0,0,0,0,0,0,0,0],[0,1,2,3,4,5,6,7,8,9,10,11,12,13,14]]