[1,["d43jIOjjJGIKxIdGXlIBoQ","c4v3MhWQxKrIgK3x1nu48c","1bBcqXPoRKmbTPTX4JYYHW","f6n0ILr/hI9LiuoyTBZfmG","26B6/lgN1GVrgFs3X428Xf","35Qq/0l/hGyKPxJ6CTefry","94jYhhH71NE55ocOWpjyJs","27liZjxctFvrX16zGOPNvc","014iMMVY1KhJO5+k0cFg8+","e0/22iW8FD6aTRE0gCctWg","7fT8+EPXJDCo49ZRrPqBXS","e5IZ8G4/BO3JEBS5d45Hbt","c5/ftgx5BDK4pH/J83/Eh2"],["_textureSetter","infoboard_lv02_vfx_j_add","infoboard_vfx_b_add","infoboard_lv02_vfx_a_add","infoboard_lv02_vfx_c_add","infoboard_lv02_vfx_b_add","infoboard_vfx_a_screen_bonus","infoboard_lv02_vfx_e_add","infoboard_vfx_d_add","infoboard_vfx_d_add_bonus","infoboard_lv02_vfx_c_add_2","infoboard_vfx_c_screen","infoboard_vfx_a_screen"],["cc.SpriteFrame",["cc.SpriteAtlas",["_name","_spriteFrames"],2,11]],[[1,0,1,2]],[[[{"name":"infoboard_vfx_d_add","rect":[1,877,432,60],"offset":[0,0],"originalSize":[432,60],"capInsets":[0,0,0,0]}],[0],0,[0],[0],[0]],[[{"name":"infoboard_vfx_b_add","rect":[462,435,432,80],"offset":[0,0],"originalSize":[432,80],"rotated":1,"capInsets":[0,0,0,0]}],[0],0,[0],[0],[0]],[[[0,"Alats27.plist",[{},"infoboard_lv02_vfx_j_add",6,0,"infoboard_vfx_b_add",6,1,"infoboard_lv02_vfx_a_add",6,2,"infoboard_lv02_vfx_c_add",6,3,"infoboard_lv02_vfx_b_add",6,4,"infoboard_vfx_a_screen_bonus",6,5,"infoboard_lv02_vfx_e_add",6,6,"infoboard_vfx_d_add",6,7,"infoboard_vfx_d_add_bonus",6,8,"infoboard_lv02_vfx_c_add_2",6,9,"infoboard_vfx_c_screen",6,10,"infoboard_vfx_a_screen",6,11]]],0,0,[0,0,0,0,0,0,0,0,0,0,0,0],[1,2,3,4,5,6,7,8,9,10,11,12],[1,2,3,4,5,6,7,8,9,10,11,12]],[[{"name":"infoboard_lv02_vfx_j_add","rect":[119,1,374,374],"offset":[0,0],"originalSize":[374,374],"capInsets":[0,0,0,0]}],[0],0,[0],[0],[0]],[[{"name":"infoboard_vfx_d_add_bonus","rect":[1,811,432,64],"offset":[0,0],"originalSize":[432,64],"capInsets":[0,0,0,0]}],[0],0,[0],[0],[0]],[[{"name":"infoboard_vfx_c_screen","rect":[119,377,432,245],"offset":[0,0],"originalSize":[432,245],"rotated":1,"capInsets":[0,0,0,0]}],[0],0,[0],[0],[0]],[[{"name":"infoboard_lv02_vfx_a_add","rect":[495,1,432,219],"offset":[0,0],"originalSize":[432,219],"rotated":1,"capInsets":[0,0,0,0]}],[0],0,[0],[0],[0]]]]