[1,["51pLw0WN5MUJwHKBjr4xxj","37rcS4IuZDhYTWrq/HzhKC","e93HLr6sJPrLDpL5jZI+eP","ee7cLOR2BEearsDRisSA08","9aMN/FlmJHUJCt2HDnebZW","ec7I9y0/hD55846z4w/l50","46gSa14kpOaoUDMFMHcy60","daUYKMgtZCWoOXuA9tdQ4G","50Zqz8i1BD0oXHA3JE9y8b","d7HcXh8/NIzpDV8zcrEtOJ","74OUtMrlFF/oegI9Wk9tsz","c6xy0rK05Bc7+Bf8++Nnf1","71ISn7hCVEcYRT3VclO92v"],["value"],[["cc.AnimationClip",["_name","_duration","sample","wrapMode","curveData"],-1,11]],[[0,0,1,2,3,4,5]],[[0,"tuyetroi",0.8666666666666667,15,2,[{},"comps",11,[{},"cc.Sprite",11,[{},"spriteFrame",12,[[[{"frame":0},"value",6,0],[{"frame":0.06666666666666667},"value",6,1],[{"frame":0.13333333333333333},"value",6,2],[{"frame":0.2},"value",6,3],[{"frame":0.26666666666666666},"value",6,4],[{"frame":0.3333333333333333},"value",6,5],[{"frame":0.4},"value",6,6],[{"frame":0.4666666666666667},"value",6,7],[{"frame":0.5333333333333333},"value",6,8],[{"frame":0.6},"value",6,9],[{"frame":0.6666666666666666},"value",6,10],[{"frame":0.7333333333333333},"value",6,11],[{"frame":0.8},"value",6,12]],11,11,11,11,11,11,11,11,11,11,11,11,11]]]]]],0,0,[0,0,0,0,0,0,0,0,0,0,0,0,0],[0,0,0,0,0,0,0,0,0,0,0,0,0],[0,1,2,3,4,5,6,7,8,9,10,11,12]]