[1,["f1MCh4oDtKf7gmtvTxTLoL","5aidrOBJBMDoG2bKpO4I7/","8cm/FZIutAy5KnEqnhsNAU","9a0NSeGmZLSY3FIlWTNSyY","f8m9CvWbBH3YEHzVnh1p+Y","d4oVaaf+NEyr8uIG7bZbUy","c3cjmq8apFuIkUVBk0jujh","933KIM5opMhILHExsxkJOk","08xHjtLZNI3a+DLORZSOJy","32eFOhm3FFibjt8jBQn9Rp","7f6pvSOVZK37fbz/Uptsa5","3202qyxpJENb600cd/y/nQ","0a/BhIAulDe59Vwi1fIYib","73A35ylodIybOzvwdkorlX","39zEkdk9lN5ayfGCcazB4a","82fl8Q2Q1D2qtZEUASozSt","97hmPJUOxDTKViuPXR0XeJ","feg1rbFmpM57o3I57Ap9ps","47yV5Br9tDMaMyWLzIxou+","9197AE2H9AAbQB8bkBq2Yk"],["value"],[["cc.AnimationClip",["_name","_duration","sample","wrapMode","curveData"],-1,11]],[[0,0,1,2,3,4,5]],[[0,"ib_vfx_b_loop_00",1.3333333333333333,15,2,[{},"comps",11,[{},"cc.Sprite",11,[{},"spriteFrame",12,[[[{"frame":0},"value",6,0],[{"frame":0.06666666666666667},"value",6,1],[{"frame":0.13333333333333333},"value",6,2],[{"frame":0.2},"value",6,3],[{"frame":0.26666666666666666},"value",6,4],[{"frame":0.3333333333333333},"value",6,5],[{"frame":0.4},"value",6,6],[{"frame":0.4666666666666667},"value",6,7],[{"frame":0.5333333333333333},"value",6,8],[{"frame":0.6},"value",6,9],[{"frame":0.6666666666666666},"value",6,10],[{"frame":0.7333333333333333},"value",6,11],[{"frame":0.8},"value",6,12],[{"frame":0.8666666666666667},"value",6,13],[{"frame":0.9333333333333333},"value",6,14],[{"frame":1},"value",6,15],[{"frame":1.0666666666666667},"value",6,16],[{"frame":1.1333333333333333},"value",6,17],[{"frame":1.2},"value",6,18],[{"frame":1.2666666666666666},"value",6,19]],11,11,11,11,11,11,11,11,11,11,11,11,11,11,11,11,11,11,11,11]]]]]],0,0,[0,0,0,0,0,0,0,0,0,0,0,0,0,0,0,0,0,0,0,0],[0,0,0,0,0,0,0,0,0,0,0,0,0,0,0,0,0,0,0,0],[0,1,2,3,4,5,6,7,8,9,10,11,12,13,14,15,16,17,18,19]]