[1,["89S5atkG1H/KvwO+01yVEc"],["_textureSetter"],["cc.SpriteFrame"],0,[[[{"name":"top_center_particle_27","rect":[112,1,119,117],"offset":[4,-5],"originalSize":[135,147],"capInsets":[0,0,0,0]}],[0],0,[0],[0],[0]],[[{"name":"top_center_particle_06","rect":[354,223,113,97],"offset":[3,-3],"originalSize":[135,147],"capInsets":[0,0,0,0]}],[0],0,[0],[0],[0]],[[{"name":"top_center_particle_00","rect":[790,346,39,57],"offset":[-22,-16],"originalSize":[135,147],"capInsets":[0,0,0,0]}],[0],0,[0],[0],[0]],[[{"name":"top_center_particle_08","rect":[588,114,105,119],"offset":[7,-5],"originalSize":[135,147],"rotated":1,"capInsets":[0,0,0,0]}],[0],0,[0],[0],[0]],[[{"name":"top_center_particle_10","rect":[840,130,111,105],"offset":[1,-4],"originalSize":[135,147],"rotated":1,"capInsets":[0,0,0,0]}],[0],0,[0],[0],[0]],[[{"name":"top_center_particle_19","rect":[721,110,103,117],"offset":[-4,-3],"originalSize":[135,147],"rotated":1,"capInsets":[0,0,0,0]}],[0],0,[0],[0],[0]],[[{"name":"top_center_particle_12","rect":[1,263,101,131],"offset":[2,-3],"originalSize":[135,147],"capInsets":[0,0,0,0]}],[0],0,[0],[0],[0]],[[{"name":"top_center_particle_11","rect":[233,1,115,117],"offset":[5,-4],"originalSize":[135,147],"capInsets":[0,0,0,0]}],[0],0,[0],[0],[0]],[[{"name":"top_center_particle_14","rect":[104,324,113,107],"offset":[9,-3],"originalSize":[135,147],"capInsets":[0,0,0,0]}],[0],0,[0],[0],[0]],[[{"name":"top_center_particle_25","rect":[1,1,109,133],"offset":[-1,0],"originalSize":[135,147],"capInsets":[0,0,0,0]}],[0],0,[0],[0],[0]],[[{"name":"top_center_particle_23","rect":[235,223,97,117],"offset":[-6,0],"originalSize":[135,147],"rotated":1,"capInsets":[0,0,0,0]}],[0],0,[0],[0],[0]],[[{"name":"top_center_particle_29","rect":[112,120,101,125],"offset":[0,-4],"originalSize":[135,147],"rotated":1,"capInsets":[0,0,0,0]}],[0],0,[0],[0],[0]],[[{"name":"top_center_particle_04","rect":[110,223,123,99],"offset":[3,0],"originalSize":[135,147],"capInsets":[0,0,0,0]}],[0],0,[0],[0],[0]],[[{"name":"top_center_particle_24","rect":[350,1,107,125],"offset":[-5,0],"originalSize":[135,147],"rotated":1,"capInsets":[0,0,0,0]}],[0],0,[0],[0],[0]],[[{"name":"top_center_particle_13","rect":[469,223,111,95],"offset":[4,-3],"originalSize":[135,147],"capInsets":[0,0,0,0]}],[0],0,[0],[0],[0]],[[{"name":"top_center_particle_30","rect":[219,324,113,107],"offset":[0,-2],"originalSize":[135,147],"capInsets":[0,0,0,0]}],[0],0,[0],[0],[0]],[[{"name":"top_center_particle_03","rect":[600,1,111,119],"offset":[3,-3],"originalSize":[135,147],"rotated":1,"capInsets":[0,0,0,0]}],[0],0,[0],[0],[0]],[[{"name":"top_center_particle_01","rect":[582,223,95,93],"offset":[-2,-4],"originalSize":[135,147],"rotated":1,"capInsets":[0,0,0,0]}],[0],0,[0],[0],[0]],[[{"name":"top_center_particle_26","rect":[451,322,109,111],"offset":[4,-9],"originalSize":[135,147],"rotated":1,"capInsets":[0,0,0,0]}],[0],0,[0],[0],[0]],[[{"name":"top_center_particle_28","rect":[844,1,101,127],"offset":[4,-4],"originalSize":[135,147],"capInsets":[0,0,0,0]}],[0],0,[0],[0],[0]],[[{"name":"top_center_particle_15","rect":[469,112,109,117],"offset":[0,-4],"originalSize":[135,147],"rotated":1,"capInsets":[0,0,0,0]}],[0],0,[0],[0],[0]],[[{"name":"top_center_particle_20","rect":[721,1,107,121],"offset":[1,3],"originalSize":[135,147],"rotated":1,"capInsets":[0,0,0,0]}],[0],0,[0],[0],[0]],[[{"name":"top_center_particle_09","rect":[1,136,107,125],"offset":[5,-3],"originalSize":[135,147],"capInsets":[0,0,0,0]}],[0],0,[0],[0],[0]],[[{"name":"top_center_particle_16","rect":[709,215,103,109],"offset":[9,6],"originalSize":[135,147],"rotated":1,"capInsets":[0,0,0,0]}],[0],0,[0],[0],[0]],[[{"name":"top_center_particle_07","rect":[564,320,115,111],"offset":[-3,-3],"originalSize":[135,147],"capInsets":[0,0,0,0]}],[0],0,[0],[0],[0]],[[{"name":"top_center_particle_05","rect":[239,120,109,101],"offset":[6,4],"originalSize":[135,147],"capInsets":[0,0,0,0]}],[0],0,[0],[0],[0]],[[{"name":"top_center_particle_22","rect":[334,322,109,115],"offset":[4,-4],"originalSize":[135,147],"rotated":1,"capInsets":[0,0,0,0]}],[0],0,[0],[0],[0]],[[{"name":"top_center_particle_21","rect":[350,110,111,117],"offset":[5,2],"originalSize":[135,147],"rotated":1,"capInsets":[0,0,0,0]}],[0],0,[0],[0],[0]],[[{"name":"top_center_particle_18","rect":[477,1,109,121],"offset":[5,0],"originalSize":[135,147],"rotated":1,"capInsets":[0,0,0,0]}],[0],0,[0],[0],[0]],[[{"name":"top_center_particle_17","rect":[820,243,101,107],"offset":[4,-1],"originalSize":[135,147],"rotated":1,"capInsets":[0,0,0,0]}],[0],0,[0],[0],[0]],[[{"name":"top_center_particle_02","rect":[681,320,107,107],"offset":[-1,-3],"originalSize":[135,147],"capInsets":[0,0,0,0]}],[0],0,[0],[0],[0]]]]