[1,["6bPyOU/KpKVLxG1WseRkNH","04aRtPvBhCIJYsveR+ZM4/"],["_textureSetter","spriteFrame"],["cc.SpriteFrame",["cc.BitmapFont",["_name","fontSize","_fntConfig"],0]],[[1,0,1,2,4]],[[[{"name":"font_giay_tx-export","rect":[0,0,1008,124],"offset":[-8,2],"originalSize":[1024,128],"capInsets":[0,0,0,0]}],[0],0,[0],[0],[0]],[[[0,"font_giay_tx-export",32,{"commonHeight":130,"fontSize":32,"atlasName":"font_giay_tx-export.png","fontDefDictionary":{"9":{"xOffset":0,"yOffset":0,"xAdvance":126,"rect":{"x":0,"y":0,"width":0,"height":0}},"32":{"xOffset":0,"yOffset":0,"xAdvance":7,"rect":{"x":0,"y":0,"width":0,"height":0}},"48":{"xOffset":0,"yOffset":8,"xAdvance":84,"rect":{"x":425,"y":0,"width":104,"height":124}},"49":{"xOffset":0,"yOffset":9,"xAdvance":49,"rect":{"x":939,"y":0,"width":69,"height":121}},"50":{"xOffset":0,"yOffset":8,"xAdvance":87,"rect":{"x":0,"y":0,"width":107,"height":122}},"51":{"xOffset":0,"yOffset":8,"xAdvance":80,"rect":{"x":838,"y":0,"width":100,"height":124}},"52":{"xOffset":0,"yOffset":9,"xAdvance":86,"rect":{"x":108,"y":0,"width":106,"height":121}},"53":{"xOffset":0,"yOffset":9,"xAdvance":84,"rect":{"x":320,"y":0,"width":104,"height":123}},"54":{"xOffset":0,"yOffset":9,"xAdvance":82,"rect":{"x":634,"y":0,"width":102,"height":123}},"55":{"xOffset":0,"yOffset":9,"xAdvance":84,"rect":{"x":215,"y":0,"width":104,"height":121}},"56":{"xOffset":0,"yOffset":8,"xAdvance":80,"rect":{"x":737,"y":0,"width":100,"height":124}},"57":{"xOffset":0,"yOffset":8,"xAdvance":83,"rect":{"x":530,"y":0,"width":103,"height":122}}},"kerningDict":{}}]],0,0,[0],[1],[1]]]]