[1,["a7vSuwgFRPP5W6RROhFVrr","0eRnP1IRFNC5IqTLN9da8C","34bmTgpv5KH7eaMtYaejS9","641j8tAERMBaorT90q/qZj","28Mo2/kG1JdaItFmYa5n6D","78HjhL88xDrJGWRuJ9Vsnj","41RVsvwxVIR5lk+YmPih/W","04DljzvRhLzqRUjKvJ/UK7","bdGY0HuqBKU4yamUhEyXWZ","d0VAoZp2NF2Y4LaCozfmRt","8fSxxQBCZEFoA5aQf1Aisc","c1NpV6KxhLTrOXNC9Cwk9t","8eqEafzYZO/618H6KUEFGz","8acVsZU7FKOL/PnQtFKGSG","35WSvXzn9I1JlKcXp93Iyi","019lYInkNLqJODbNyeEMBA","10pweZunhLc5O8M4p2MHE0","147P9VBXpA55z2gnGKz783","acQrfAAS5BNqctDCKoaOtb","f5VxPvWjBOioRO5tjrttbZ","29+Ah4pGBCrY3pVcRJPgwd","9cKp0Q0NlC5Yi4h6199h4h","80dLRemM1IKJimDGdcOmhz","f61h85Nu5POroBDU3I4SQd","e5TYtc4Q9G7Zymhg0SMSt7","06qwWtIzZOU5eMP2oMzM/v","86QTwk2fhDsKuJyXPADS0F","74qjLGxNdMaq6Nvh5d1cvM","a1QG5LEWNHXbQvTdEJUgxH","dbzMYZp+tLcJQEgGJrZ+28","6foEh531dCT4WdjG/f/h4X"],["value"],[["cc.AnimationClip",["_name","_duration","sample","curveData"],0,11]],[[0,0,1,2,3,4]],[[0,"remove",1.2352941176470589,17,[{},"props",11,[{"opacity":[{"frame":1.1176470588235294,"value":255},{"frame":1.2352941176470589,"value":0}]},"scale",12,[[[{"frame":0.29411764705882354},"value",8,[1,1,1,1]],[{"frame":1.1764705882352942},"value",8,[1,1,1,1]]],11,11]],"paths",11,[{},"win_coin_00",11,[{},"comps",11,[{},"cc.Sprite",11,[{},"spriteFrame",12,[[{"frame":0,"value":null},[{"frame":0.29411764705882354},"value",6,0],[{"frame":0.35294117647058826},"value",6,1],[{"frame":0.4117647058823529},"value",6,2],[{"frame":0.47058823529411764},"value",6,3],[{"frame":0.5294117647058824},"value",6,4],[{"frame":0.5882352941176471},"value",6,5],[{"frame":0.6470588235294118},"value",6,6],[{"frame":0.7058823529411765},"value",6,7],[{"frame":0.7647058823529411},"value",6,8],[{"frame":0.8235294117647058},"value",6,9],[{"frame":0.8823529411764706},"value",6,10],[{"frame":0.9411764705882353},"value",6,11],[{"frame":1},"value",6,12],[{"frame":1.0588235294117647},"value",6,13],[{"frame":1.1176470588235294},"value",6,14]],0,11,11,11,11,11,11,11,11,11,11,11,11,11,11,11]]]],"win_vfx_b_00",11,[{},"comps",11,[{},"cc.Sprite",11,[{},"spriteFrame",12,[[{"frame":0,"value":null},[{"frame":0.29411764705882354},"value",6,15],[{"frame":0.35294117647058826},"value",6,16],[{"frame":0.4117647058823529},"value",6,17],[{"frame":0.47058823529411764},"value",6,18],[{"frame":0.5294117647058824},"value",6,19],[{"frame":0.5882352941176471},"value",6,20],[{"frame":0.6470588235294118},"value",6,21],[{"frame":0.7058823529411765},"value",6,22],[{"frame":0.7647058823529411},"value",6,23],[{"frame":0.8235294117647058},"value",6,24],[{"frame":0.8823529411764706},"value",6,25],[{"frame":0.9411764705882353},"value",6,26],[{"frame":1},"value",6,27],[{"frame":1.0588235294117647},"value",6,28],[{"frame":1.1176470588235294},"value",6,29],[{"frame":1.1764705882352942},"value",6,30]],0,11,11,11,11,11,11,11,11,11,11,11,11,11,11,11,11]]]]]]]],0,0,[0,0,0,0,0,0,0,0,0,0,0,0,0,0,0,0,0,0,0,0,0,0,0,0,0,0,0,0,0,0,0],[0,0,0,0,0,0,0,0,0,0,0,0,0,0,0,0,0,0,0,0,0,0,0,0,0,0,0,0,0,0,0],[0,1,2,3,4,5,6,7,8,9,10,11,12,13,14,15,16,17,18,19,20,21,22,23,24,25,26,27,28,29,30]]