[1,["c5ZksOZwtFkoVnFLCoj64A","214c+ym6dBAam6RQK+MhPV","63fr50KYNNzKQ0ZpyBoH+0","77UX9vn59JloGpqXPrkxzA","eaYEdLP5ZP+7LrxTtlKWpX","e3U2Ju5bFPEIEpUgnLwa1H","afML/9CIZFZ7zYlDEDutOO","dbKKylenVD7LeEtwZOcQj2","2bv8AB7XZNFabdUwPrgJ9H","13klLr+l5DR4z0JYYmYgIR","67HME+TeBH/6julWUx3raJ","c4PzDWrwVFEam1qiQalA9B","59d8USuLtM3a3o7lmjySg3","b7n6fuCCxIAreLCVC5JMk/","7bYMomxttNprv6/sFpj180","94UBNF2IJLpIHfmP3TgZZE","266ZY06JZMLbMnx8MAxnfV","6auFuckJRMfLCQhsBlcZ/F","4eWTbriCBL44s0Zy6EdggB","41w9c6n1hLqJVub99KnMlh","1a7lRbGmNJAqhtOIGtI0ME","8aNnAGqQFAXLf4QBdncI+8","22quoJMhBPaKPyI6aQ94fq","f65xJn33BGmqpLz8qJ+gMJ","96/A/3lCdIpqxLxAZWyf48","29wMjpvM9Nd6/NnSiCmJre","06PSaavplAFKQw13ZLUUL1","c8Vvav2IVJ6I21Owj3lB4J","f5FB4q6nRLroMhD/tM8SpN","48DVV/325IqKm065OnPdmg","f7BFSj4PNNpp40dIvE36b0","8cP1WFYTxA2qBH/ahv2QSE","f7m9PXz6lO8q2kRXdaaEUI","favZJbm9FIXKFcRVIn1lQF","7fs731QTpHQ6wFIIoKZVxJ","d1q1zwTvhFALBSD/BJpGr5","a3rjlc69BCb4F2wbtllTnd","7dNpFu6thLwa55f1fSQoCC","c33lJHGDxO77dbnfA2gGYd","47uVewqkhN86xMuIVG2KhU","229f+PJNpC8JUmGaHx4dRX","7eOVvA1kJMgpjC3Dek++vA","ba5ZFtactOtKUC1SmDwcUT","7cTY9zU5hCQ4wc33fKMcci","ffqw7Jh/BHF6Zapzv0Z5+S","1dlNm7G1JBSr3gL6qSnQiX","c5mEsRpNhN5YPAa9TP0lFl","03iELXTLFHv5OXtLYV+/GX","6289AIJpRD4oix6ZkJ6h+N","22czJUD6FFmacSo4rydYzo","85C4bsz1ZJkL0wl0f+cipY","7dPcb8tLtLiKtUBaiow4Z5","66/QRoMf5KWpOeszKtXxw+","d4qf5EB+FLHq2Hb3OPwJKP","04MuolEeFPhZ9CxXBiJ5OY","01wk/0qCtEoYT2UCNHFWYO","1fVcetpgZML4diGW4QxSPP","11qdxgCfJMFbUcPOVsx9FY","7ffHchhEhEL7ahd7klxRnv","e8NqBHlEtB4aLeIv4t5b7d","18K+o6gjVJ4LQ4j66mwG2Q","7a/vhcb0hKqI+vWObtxQkF","f8RWxLjidOUKqNjuTo1wQH","23Dculuh5AeKYFH+EgUYAV","f4GHTx9O1MRJvTLHnRf/EL","f5blE+C0dAlbLRNgWselO8","4d7b9/HM1AlJyH7Lu2kf7J","ecnKG9I9hC2ZQcGV0xyfqP","d68gbW4GJMSIDKwpbtjmye","1ccl773FJDJqQ+qGnyzXit","fb96Q2/FBDyZN7vC4GYAjc","9fZfD/9NFL6I5t7Q/DBdGU","60gD9S1GFNdZajA1r3mMZi","e31VGKNmJBRoZ4kdeK4BUP","03lEbnggpGsIHwh9CD4p4I","99JYJZQPdJzpLbL0wzKUlq","cekrw9VbZIvqO8AZmonZmL","b5Y6fb5WpO97SSpvxFQqGr","e00/zb9bhFMLnN28L/qJxv","fd5A7aLTlCB63Np0bnlPg2","49t6bz/eFMQJ3aA/xRm2x5","6albsuQsVH664yAFAMumYu","d9d8aPLtRGR6hbEnXsB9Zr","5dtYcIkTlDAq3uOzwVTQJX","9cNOlJ8rlPtpW8vues+GHi","6dFEl6e0RDD66AYtOQyJbY","e2qSPswbpLq6wjBUAv6Vsm","9aewzKtwNMPKeLMP5NobVF","c1AjGiJjREh6FYRjW5017H","40532YvBBLz6quEjWEoa6s","06wdfnSp9CWZ4QAd6xzN1U","c8DJWrCDNKQaK4jXLpvRSA","c7+lSRfJVLzYfQ1+yKic5A","155Qp2JIhEEo98JpnpwHLD","bd7fdcyw5Lq6kz+yFSzCO4","20Ai/G/zNCDKj9viADNqgl","820zZx381KYb/r5dpJd5BR","4dKvdU4J1FUqWL3g3Wa7e3","90D/IPNndHOoAQ5qqpdbsD","cd1gHTloZHT5TAd7q1+TJS","01BdrvFP5E1p5smUt+N287","1d9r3ZVphPNoX5SSq1Q5Sq","adAwFgpZFOHaESW/fJMKKM","dccDHIX/hKgZKOWAhziVUP","f2I51xp0FFy7En+E03++Kf","fdYKUaKmVAn6poXOI1p7If","98W1OK51FJ6YAs/lsH10sL","6emt7gYLJIgqMc+xX2X0Ki","8auzhJiW1KUqixE1q0osOY","f7haSUh+pEu4XFpTNNiOZU","818lSsaw1E5Jr+CCyScbKz","7fpmNe+mZKILr93rI/yH6u","69/qdsZhBAO65qNr2L8mIi","b4k2hgfp9O7JeGJed95HFO","f0z7M2KDtM17h92J9Amy8C","c8zAs126hJ47fWbMIsZeD8","a4pXoTOv5GxJ6RR1YwAF5M","04wmii5aRKxJJhC4g7af89","415UAkImBE1IhyCU4IPpXX","9dwuXXePVMgY8KyytDeW2J","4fOYyfxqpGV7cZ+6lCGoUA","cecYmh2jtAQo495aWpS5Ru","de239S66pJMZ+VGuGagAAS","cax5zqMhZAoqc01xgxioEL","0dVpZ5/UZNBbaN87K467sb","96vIi4ERxAU4AESHi7+cTj","07ll32v1BM/7yvv1XkYcXI","8bEaXOvVNFc6TqiWQBbZfj","43Au2DxZNB8KgwstBJvmOU","0fymEouAxNzaTWgmguiOOM","e0gVaH8QRMapksXiEK5AbE","dd/wkFk7BEsoOIu0hKDyxg","68hOb46HRPjbEtViOwwrQx","2bH8AsvCRFTbfNocGrDjxG","7cV79Lwf5GgKKsvJFasWMV","c3gQUHEGpHsZ/+59SwKmea","dcmHW1v4ZElbwc/FFm0u2x","d9mNZLgWNFEKd+6gyyTpcz","dcbSeouwtG5rpVyEMEO2yl","9eNBna3bZDBpLolGlmHkMW","6ake4/6BxCx4daqeNKYcqY","03ZBtrSMRA8o6dRb2TVYg5","39oW2OKDVGXquv595L/4k3","e3ftulE6xHwo4/txkwpHUf","a3eF1GsR1Olb2LikrugB0e","a737mMo8NIAIqY0UrRauRb","502EvqhZlDVo+uoCQXCb8P","77m+QRjhdF94hfkwSs1PFW","benB2GWfVEgraQWb4LKDEm","6dFPr+EIFBRIFvQyIP1Hph","52aS7tR/tD3ZuXlSYseMV/","2fiS4CgNpINKX5/XIHQHup","20T8pxWpNKVY6pO/pp63f5","e1H4BKTp9PSqNK/YlV+/WU","18OqaZk3BNtZr0nnPPFJkA","e7+c0lUYlLmqnzfxN2qHTB"],["value"],[["cc.AnimationClip",["_name","_duration","sample","curveData"],0,11]],[[0,0,1,2,3,4]],[[0,"TakeBotleGold",1.18,50,[{},"paths",11,[{"multi_vfx_c_screen":{"props":{"active":[{"frame":0,"value":false},{"frame":0.02,"value":true}],"opacity":[{"frame":0,"value":255},{"frame":0.42,"value":255},{"frame":0.62,"value":0}]}},"ReadyState":{"props":{"active":[{"frame":0,"value":false}]}},"PrepareState":{"props":{"active":[{"frame":0,"value":true}]}}},"ReadyState/multi_bottle",11,[{},"comps",11,[{},"cc.Sprite",11,[{},"spriteFrame",12,[[[{"frame":0},"value",6,0],[{"frame":0.04},"value",6,1]],11,11]]],"props",11,[{"opacity":[{"frame":0.54,"value":255},{"frame":0.74,"value":0}]},"scale",12,[[[{"frame":0.08},"value",8,[1,1.2,1.2,1]],[{"frame":0.54},"value",8,[1,1.2,1.2,1]],[{"frame":0.74},"value",8,[1,1.4,1.4,1]]],11,11,11]]],"ReadyState/multi_bottle/wild_vfx_g_screen_00",11,[{},"comps",11,[{},"cc.Sprite",11,[{},"spriteFrame",12,[[{"frame":0,"value":null},[{"frame":0.08},"value",6,2],[{"frame":0.1},"value",6,3],[{"frame":0.12},"value",6,4],[{"frame":0.14},"value",6,5],[{"frame":0.16},"value",6,6],[{"frame":0.18},"value",6,7],[{"frame":0.2},"value",6,8],[{"frame":0.22},"value",6,9],[{"frame":0.24},"value",6,10],[{"frame":0.26},"value",6,11],[{"frame":0.28},"value",6,12],[{"frame":0.3},"value",6,13],[{"frame":0.32},"value",6,14],[{"frame":0.34},"value",6,15],[{"frame":0.36},"value",6,16],[{"frame":0.38},"value",6,17],[{"frame":0.4},"value",6,18],[{"frame":0.42},"value",6,19],[{"frame":0.44},"value",6,20],[{"frame":0.46},"value",6,21],[{"frame":0.48},"value",6,22],[{"frame":0.5},"value",6,23],[{"frame":0.52},"value",6,24],[{"frame":0.54},"value",6,25],[{"frame":0.56},"value",6,26],[{"frame":0.58},"value",6,27],[{"frame":0.6},"value",6,28],[{"frame":0.62},"value",6,29],[{"frame":0.64},"value",6,30],[{"frame":0.66},"value",6,31],[{"frame":0.68},"value",6,32],[{"frame":0.7},"value",6,33],[{"frame":0.72},"value",6,34],[{"frame":0.74},"value",6,35],[{"frame":0.76},"value",6,36]],0,11,11,11,11,11,11,11,11,11,11,11,11,11,11,11,11,11,11,11,11,11,11,11,11,11,11,11,11,11,11,11,11,11,11,11]]]],"multi_vfx_d_screen_00",11,[{"props":{"active":[{"frame":0,"value":false},{"frame":0.02,"value":true}]}},"comps",11,[{},"cc.Sprite",11,[{},"spriteFrame",12,[[{"frame":0,"value":null},[{"frame":0.02},"value",6,37],[{"frame":0.04},"value",6,38],[{"frame":0.06},"value",6,39],[{"frame":0.08},"value",6,40],[{"frame":0.1},"value",6,41],[{"frame":0.12},"value",6,42],[{"frame":0.14},"value",6,43],[{"frame":0.16},"value",6,44],[{"frame":0.18},"value",6,45],[{"frame":0.2},"value",6,46],[{"frame":0.22},"value",6,47],[{"frame":0.24},"value",6,48],[{"frame":0.26},"value",6,49],[{"frame":0.28},"value",6,50],[{"frame":0.3},"value",6,51],[{"frame":0.32},"value",6,52],[{"frame":0.34},"value",6,53],[{"frame":0.36},"value",6,54],[{"frame":0.38},"value",6,55],[{"frame":0.4},"value",6,56],[{"frame":0.42},"value",6,57],[{"frame":0.44},"value",6,58],[{"frame":0.46},"value",6,59],[{"frame":0.48},"value",6,60],[{"frame":0.5},"value",6,61],[{"frame":0.52},"value",6,62],[{"frame":0.54},"value",6,63],[{"frame":0.56},"value",6,64],[{"frame":0.58},"value",6,65],[{"frame":0.6},"value",6,66],[{"frame":0.62},"value",6,67],[{"frame":0.64},"value",6,68]],0,11,11,11,11,11,11,11,11,11,11,11,11,11,11,11,11,11,11,11,11,11,11,11,11,11,11,11,11,11,11,11,11]]]],"multi_vfx_f_screen_00",11,[{"props":{"active":[{"frame":0,"value":true}]}},"comps",11,[{},"cc.Sprite",11,[{},"spriteFrame",12,[[{"frame":0,"value":null},[{"frame":0.58},"value",6,69],[{"frame":0.6},"value",6,70],[{"frame":0.62},"value",6,71],[{"frame":0.64},"value",6,72],[{"frame":0.66},"value",6,73],[{"frame":0.68},"value",6,74],[{"frame":0.7},"value",6,75],[{"frame":0.72},"value",6,76],[{"frame":0.74},"value",6,77],[{"frame":0.76},"value",6,78],[{"frame":0.78},"value",6,79],[{"frame":0.8},"value",6,80],[{"frame":0.82},"value",6,81],[{"frame":0.84},"value",6,82],[{"frame":0.86},"value",6,83],[{"frame":0.88},"value",6,84],[{"frame":0.9},"value",6,85],[{"frame":0.92},"value",6,86],[{"frame":0.94},"value",6,87],[{"frame":0.96},"value",6,88]],0,11,11,11,11,11,11,11,11,11,11,11,11,11,11,11,11,11,11,11,11]]]],"multi_vfx_a_screen_00",11,[{"props":{"active":[{"frame":0,"value":true}]}},"comps",11,[{},"cc.Sprite",11,[{},"spriteFrame",12,[[{"frame":0,"value":null},[{"frame":0.58},"value",6,89],[{"frame":0.6},"value",6,90],[{"frame":0.62},"value",6,91],[{"frame":0.64},"value",6,92],[{"frame":0.66},"value",6,93],[{"frame":0.68},"value",6,94],[{"frame":0.7},"value",6,95],[{"frame":0.72},"value",6,96],[{"frame":0.74},"value",6,97],[{"frame":0.76},"value",6,98],[{"frame":0.78},"value",6,99],[{"frame":0.8},"value",6,100],[{"frame":0.82},"value",6,101],[{"frame":0.84},"value",6,102],[{"frame":0.86},"value",6,103],[{"frame":0.88},"value",6,104],[{"frame":0.9},"value",6,105],[{"frame":0.92},"value",6,106],[{"frame":0.94},"value",6,107],[{"frame":0.96},"value",6,108],[{"frame":0.98},"value",6,109],[{"frame":1},"value",6,110],[{"frame":1.02},"value",6,111],[{"frame":1.04},"value",6,112],[{"frame":1.06},"value",6,113],[{"frame":1.08},"value",6,114],[{"frame":1.1},"value",6,115],[{"frame":1.12},"value",6,116],[{"frame":1.14},"value",6,117],[{"frame":1.16},"value",6,118]],0,11,11,11,11,11,11,11,11,11,11,11,11,11,11,11,11,11,11,11,11,11,11,11,11,11,11,11,11,11,11]]]],"PrepareState/multi_bottle_gold",11,[{},"comps",11,[{},"cc.Sprite",11,[{},"spriteFrame",12,[[[{"frame":0},"value",6,119],[{"frame":0.02},"value",6,120]],11,11]]],"props",11,[{"opacity":[{"frame":0,"value":255},{"frame":0.54,"value":255},{"frame":0.74,"value":0}]},"scale",12,[[[{"frame":0},"value",8,[1,1,1,1]],[{"frame":0.08},"value",8,[1,1.2,1.2,1]],[{"frame":0.54},"value",8,[1,1.2,1.2,1]],[{"frame":0.74},"value",8,[1,1.4,1.4,1]]],11,11,11,11]]],"PrepareState/multi_bottle_gold/wild_vfx_g_screen_00",11,[{},"comps",11,[{},"cc.Sprite",11,[{},"spriteFrame",12,[[{"frame":0,"value":null},[{"frame":0.08},"value",6,121],[{"frame":0.1},"value",6,122],[{"frame":0.12},"value",6,123],[{"frame":0.14},"value",6,124],[{"frame":0.16},"value",6,125],[{"frame":0.18},"value",6,126],[{"frame":0.2},"value",6,127],[{"frame":0.22},"value",6,128],[{"frame":0.24},"value",6,129],[{"frame":0.26},"value",6,130],[{"frame":0.28},"value",6,131],[{"frame":0.3},"value",6,132],[{"frame":0.32},"value",6,133],[{"frame":0.34},"value",6,134],[{"frame":0.36},"value",6,135],[{"frame":0.38},"value",6,136],[{"frame":0.4},"value",6,137],[{"frame":0.42},"value",6,138],[{"frame":0.44},"value",6,139],[{"frame":0.46},"value",6,140],[{"frame":0.48},"value",6,141],[{"frame":0.5},"value",6,142],[{"frame":0.52},"value",6,143],[{"frame":0.54},"value",6,144],[{"frame":0.56},"value",6,145],[{"frame":0.58},"value",6,146],[{"frame":0.6},"value",6,147],[{"frame":0.62},"value",6,148],[{"frame":0.64},"value",6,149],[{"frame":0.66},"value",6,150],[{"frame":0.68},"value",6,151],[{"frame":0.7},"value",6,152],[{"frame":0.72},"value",6,153],[{"frame":0.74},"value",6,154],[{"frame":0.76},"value",6,155]],0,11,11,11,11,11,11,11,11,11,11,11,11,11,11,11,11,11,11,11,11,11,11,11,11,11,11,11,11,11,11,11,11,11,11,11]]]]]]]],0,0,[0,0,0,0,0,0,0,0,0,0,0,0,0,0,0,0,0,0,0,0,0,0,0,0,0,0,0,0,0,0,0,0,0,0,0,0,0,0,0,0,0,0,0,0,0,0,0,0,0,0,0,0,0,0,0,0,0,0,0,0,0,0,0,0,0,0,0,0,0,0,0,0,0,0,0,0,0,0,0,0,0,0,0,0,0,0,0,0,0,0,0,0,0,0,0,0,0,0,0,0,0,0,0,0,0,0,0,0,0,0,0,0,0,0,0,0,0,0,0,0,0,0,0,0,0,0,0,0,0,0,0,0,0,0,0,0,0,0,0,0,0,0,0,0,0,0,0,0,0,0,0,0,0,0,0,0],[0,0,0,0,0,0,0,0,0,0,0,0,0,0,0,0,0,0,0,0,0,0,0,0,0,0,0,0,0,0,0,0,0,0,0,0,0,0,0,0,0,0,0,0,0,0,0,0,0,0,0,0,0,0,0,0,0,0,0,0,0,0,0,0,0,0,0,0,0,0,0,0,0,0,0,0,0,0,0,0,0,0,0,0,0,0,0,0,0,0,0,0,0,0,0,0,0,0,0,0,0,0,0,0,0,0,0,0,0,0,0,0,0,0,0,0,0,0,0,0,0,0,0,0,0,0,0,0,0,0,0,0,0,0,0,0,0,0,0,0,0,0,0,0,0,0,0,0,0,0,0,0,0,0,0,0],[0,1,2,3,4,5,6,7,8,9,10,11,12,13,14,15,16,17,18,19,20,21,22,23,24,25,26,27,28,29,30,31,32,33,34,35,36,37,38,39,40,41,42,43,44,45,46,47,48,49,50,51,52,53,54,55,56,57,58,59,60,61,62,63,64,65,66,67,68,69,70,71,72,73,74,75,76,77,78,79,80,81,82,83,84,85,86,87,88,89,90,91,92,93,94,95,96,97,98,99,100,101,102,103,104,105,106,107,108,109,110,111,112,113,114,115,116,117,118,119,120,121,122,123,124,125,126,127,128,129,130,131,132,133,134,135,136,137,138,139,140,141,142,143,144,145,146,147,148,149,150,151,152,153,154,155]]