[1,["ecpdLyjvZBwrvm+cedCcQy","618wl2PrhAtZ/FWkLdqE77","14fc7oSsxBKpPc6uE2rYhK","89atyb7RpNW5m0uBPTuK1d","a0RMcDQxJEs4BXSfU1OHcI","a2MjXRFdtLlYQ5ouAFv/+R","7fb75e9a-ebbe-4aad-8a92-c745a963630f@6c48a","59168b5d-7696-47b6-a7a3-1545fe87aebb@6c48a","68178bf0-5373-4fd4-8fcd-e6a1e6636063@6c48a","b8483c36-6782-4841-bb27-cce96c65234f@6c48a","1a7e5eba-1044-42d3-a49a-a0d080736f03@6c48a","966274f8-ea0d-4e52-90ac-7f72ffbd43b6@6c48a","5f5dyqtRNNxaFmVzYns6FZ","2dC15FTMpEpa8CABU9uYoe","5cO7kybDxGj4ipyMYdRYZB","4bXZ6Ym5pECrv+F7S6sOTM","58nsK1Rn5OIaTli+gs6yiQ"],["node","_spriteFrame","_textureSetter","_parent","root","data","_scrollView"],[["cc.Node",["_name","_components","_prefab","_contentSize","_parent","_children","_trs","_anchorPoint","_color"],2,9,4,5,1,2,7,5,5],"cc.SpriteFrame",["cc.Sprite",["_sizeMode","_type","node","_materials","_spriteFrame"],1,1,3,6],["cc.Node",["_name","_parent","_components","_prefab","_contentSize","_children","_anchorPoint","_trs"],2,1,2,4,5,2,5,7],["cc.PrefabInfo",["fileId","root","asset"],2,1,1],["cc.Prefab",["_name"],2],["cc.Node",["_name","_children","_components","_prefab","_contentSize","_anchorPoint","_trs"],2,2,12,4,5,5,7],["4b538+4ftVLpb71leELKQdH",["node"],3,1],["cc.Layout",["_resize","_N$layoutType","_N$paddingTop","_N$paddingBottom","_N$spacingY","node","_layoutSize"],-2,1,5],["cc.Widget",["alignMode","_alignFlags","_left","_originalHeight","node"],-1,1],["cc.Mask",["_N$alphaThreshold","node","_materials"],2,1,3],["cc.Button",["node","clickEvents"],3,1,9],["cc.ClickEvent",["_componentId","handler","target"],1,1],["cc.Scrollbar",["_N$direction","node","_N$handle"],2,1,1],["cc.ScrollView",["horizontal","brake","bounceDuration","_N$horizontalScrollBar","node","_N$content","_N$verticalScrollBar"],-1,1,1,1]],[[4,0,1,2,2],[2,2,3,4,1],[0,0,4,1,2,3,6,2],[5,0,2],[0,0,5,1,2,2],[0,0,5,1,2,3,7,6,2],[0,0,4,5,1,2,3,2],[0,0,4,5,1,2,3,6,2],[0,0,4,1,2,8,3,2],[0,0,4,1,2,3,2],[6,0,1,2,3,4,5,6,2],[3,0,1,5,2,3,4,2],[3,0,1,2,3,4,6,7,2],[7,0,1],[4,1,2,1],[8,0,1,2,3,4,5,6,6],[9,0,1,2,3,4,5],[2,1,0,2,3,4,3],[2,0,2,3,4,2],[2,1,0,2,3,3],[10,0,1,2,2],[11,0,1,1],[12,0,1,2,3],[13,0,1,2,2],[14,0,1,2,3,4,5,6,5]],[[[{"name":"05","rect":[0,0,588,572],"offset":[0,0],"originalSize":[588,572],"capInsets":[0,0,0,0]}],[1],0,[0],[2],[1]],[[{"name":"02","rect":[0,0,634,890],"offset":[0,0],"originalSize":[634,890],"capInsets":[0,0,0,0]}],[1],0,[0],[2],[2]],[[{"name":"03","rect":[0,0,613,602],"offset":[0,0],"originalSize":[613,602],"capInsets":[0,0,0,0]}],[1],0,[0],[2],[3]],[[{"name":"01","rect":[0,0,630,1131],"offset":[0,0],"originalSize":[630,1131],"capInsets":[0,0,0,0]}],[1],0,[0],[2],[4]],[[[3,"CachChoi"],[4,"CachChoi",[-3,-4,-5],[[13,-2]],[14,-1,0]],[5,"content",[-7,-8,-9,-10,-11,-12],[[15,1,2,20,15,40,-6,[5,220,5344]]],[0,"c8bhPNgz9GCY7yQAGdYJAG",1,0],[5,220,5344],[0,0.5,1],[0,640,0,0,0,0,1,1,1,1]],[10,"scrollBar",[-16],[[-13,[16,0,37,350.07654921020657,237,-14],[17,1,0,-15,[16],17]],1,4,4],[0,"18srJF37dB3bogLAgwjGIj",1,0],[5,12,1280],[0,1,0.5],[360,0,0,0,0,0,1,1,1,1]],[11,"scrollview",1,[3,-18],[-17],[0,"07eorF6kRM1IAsTbfBUqb6",1,0],[5,720,1280]],[6,"view",4,[2],[[20,0,-19,[3]]],[0,"c1bdswaY1CQpF8MnuJtIWQ",1,0],[5,720,1280]],[7,"menupopup-close",1,[-21],[[21,-20,[[22,"4b538+4ftVLpb71leELKQdH","onClickClose",1]]]],[0,"1cjmqdkaxHfoLJh9P+0hmT",1,0],[5,80,80],[305.09,592.586,0,0,0,0,1,1,1,1]],[8,"sprite_splash",1,[[18,0,-22,[0],1]],[0,"97E/ujVvJDerfvcUJqAIe5",1,0],[4,4282198828],[5,720,1280]],[12,"bar",3,[-23],[0,"73BQmHV9dHRrKyvWV+cqRf",1,0],[5,10,30],[0,1,0],[-1,0,0,0,0,0,1,1,1,1]],[19,1,0,8,[2]],[23,1,3,9],[24,false,0.75,0.23,null,4,2,10],[2,"01",2,[[1,-24,[4],5]],[0,"4d4/JVM4ZJGqnpXkE8QP2d",1,0],[5,630,1131],[0,-585.5,0,0,0,0,1,1,1,1]],[2,"02",2,[[1,-25,[6],7]],[0,"ebimWIU/hEVLP1ubfnrEjU",1,0],[5,634,890],[0,-1636,0,0,0,0,1,1,1,1]],[2,"03",2,[[1,-26,[8],9]],[0,"d6j8UBxDRDqYIkLCSf8jJM",1,0],[5,613,602],[0,-2422,0,0,0,0,1,1,1,1]],[2,"04",2,[[1,-27,[10],11]],[0,"74W0MCM75EQas+YDVXMfyE",1,0],[5,643,1164],[0,-3345,0,0,0,0,1,1,1,1]],[2,"05",2,[[1,-28,[12],13]],[0,"3ewOKTC65JarMN9cFdrpOw",1,0],[5,588,572],[0,-4253,0,0,0,0,1,1,1,1]],[2,"06",2,[[1,-29,[14],15]],[0,"43b1j7G+1NwrTnieFSbE6Y",1,0],[5,613,750],[0,-4954,0,0,0,0,1,1,1,1]],[9,"Button-ic_close",6,[[1,-30,[18],19]],[0,"bbbATczk9NhqLkYIYyyP/A",1,0],[5,108,108]]],0,[0,4,1,0,0,1,0,-1,7,0,-2,4,0,-3,6,0,0,2,0,-1,12,0,-2,13,0,-3,14,0,-4,15,0,-5,16,0,-6,17,0,-1,10,0,0,3,0,0,3,0,-1,8,0,-1,11,0,-2,5,0,0,5,0,0,6,0,-1,18,0,0,7,0,-1,9,0,0,12,0,0,13,0,0,14,0,0,15,0,0,16,0,0,17,0,0,18,0,5,1,2,3,5,3,3,4,10,6,11,30],[0,0,0,0,0,0,0,0,0,0,0,0,0,0,0,0,0,0,0,0,9],[-1,1,-1,-1,-1,1,-1,1,-1,1,-1,1,-1,1,-1,1,-1,1,-1,1,1],[0,5,0,0,0,6,0,7,0,8,0,9,0,10,0,11,0,12,0,13,14]],[[{"name":"06","rect":[0,0,613,750],"offset":[0,0],"originalSize":[613,750],"capInsets":[0,0,0,0]}],[1],0,[0],[2],[15]],[[{"name":"04","rect":[0,0,643,1164],"offset":[0,0],"originalSize":[643,1164],"capInsets":[0,0,0,0]}],[1],0,[0],[2],[16]]]]