[1,["ecpdLyjvZBwrvm+cedCcQy","60ql52JmJOKJwuIjOkjiv9","d0clPH7PVDg4PZes6ofkrx","d5Uail1SVPTaKApn5PZW5r","47DdP/mWpI/KxS4W2vuIH2","65lPCSr4VFBZ+h6UBHp0r8","75OVV+fZ9JjrNMxnoNm4et","8576YJekxHc63obs7HKMQs","f7TXn1Mq1KhbiXy6t5IFep","37v4YPL3NE8JGTdNnqzC4f","dceKTxwCFBA7ACDX2IyBad","b2CR0nMBJOg4tmrzx7DGfO","9eQwamrIlFe7Noa2fb0lEF","a2MjXRFdtLlYQ5ouAFv/+R","2cECcpEYJAYY3sFUN6tkPf","48Pl68nu9D2pGwseeo/jy+","592jAHgw1CEZ54G0u6A1Ds","68zv+MqS1BLY0O5L3rAemc","896y0IIuVJjqfG9T8sjqQV","0eO226yY1JfoUbE8bVhnuN","01a/PX2X1MVIqLU+435Zmj","1eY1tiNQ1OG4DZyLGWcl6L","2a3pqRK39E+ZH1tGy3r2zV","80ZJObzQVMVqFjf9FFG7RJ","abgdsTKLFEc6n0xglJ+hVC","affNvH1gJAKZpaCg88U3i4","21bNRV3pdLzqJ1qi7lqzxR","c78t5UBJZLT5oPas/y/8Br","019lYInkNLqJODbNyeEMBA","e7vHcRDiVJY5+NrTyBvXgz"],["node","_spriteFrame","_defaultClip","_parent","root","nodeLoopCoinSuperWin","nodeLoopCoinMega","animTake2","animTake1","superWin","megaWin","bigWin","btnFast","lb_Money","data","atlas"],[["cc.Node",["_name","_opacity","_active","_prefab","_parent","_children","_contentSize","_components","_trs","_anchorPoint"],0,4,1,2,5,12,7,5],["cc.Node",["_name","_opacity","_components","_prefab","_contentSize","_parent","_trs","_children","_color","_eulerAngles","_anchorPoint"],1,9,4,5,1,7,2,5,5,5],["cc.Sprite",["_dstBlendFactor","_sizeMode","_isTrimmedMode","node","_materials","_spriteFrame"],0,1,3,6],["cc.Node",["_name","_active","_parent","_children","_components","_prefab","_trs","_contentSize"],1,1,2,2,4,7,5],["cc.AnimationClip",["_name","_duration","speed","wrapMode","curveData"],-1,11],["cc.PrefabInfo",["fileId","root","asset"],2,1,1],["cc.Animation",["playOnLoad","node","_clips","_defaultClip"],2,1,3,6],["cc.AnimationClip",["_name","_duration","speed","wrapMode","curveData"],-2],["cc.Prefab",["_name"],2],["cc.Node",["_name","_active","_parent","_children","_components","_prefab","_trs"],1,1,12,2,4,7],["46e54WPV/FAhpmc2paFsDFI",["node","lb_Money","btnFast","bigWin","megaWin","superWin","animTake1","animTake2","nodeLoopCoinMega","nodeLoopCoinSuperWin","listColor"],3,1,1,1,1,1,1,1,1,1,1,12],["cc.Mask",["node","_materials"],3,1,3],["cc.Widget",["_alignFlags","_originalWidth","_originalHeight","node"],0,1],["ef6cdgak0JA7Klp9LwbTgyF",["tempReplaceAtlas","isPrefix","_string","_maxWidth","_maxWidthSpecialChar","_scale","listFS","node"],-4,1],["cc.Button",["node","clickEvents"],3,1,9],["cc.ClickEvent",["_componentId","handler","target"],1,1]],[[5,0,1,2,2],[1,0,5,2,3,4,6,2],[2,1,2,3,4,5,3],[6,0,1,2,3,2],[1,0,7,2,3,4,6,2],[11,0,1,1],[6,1,2,1],[2,0,1,2,3,4,5,4],[1,0,5,2,3,4,6,9,2],[2,3,4,5,1],[4,0,1,4,3],[2,0,3,4,5,2],[7,0,1,2,3,4,6],[1,0,1,5,2,3,4,6,3],[1,0,1,5,2,3,4,3],[2,2,3,4,5,2],[12,0,1,2,3,4],[4,0,1,2,3,4,5],[8,0,2],[0,0,5,7,3,6,2],[0,0,4,3,2],[0,0,1,4,5,3,6,3],[0,0,1,4,5,3,3],[0,0,1,4,5,7,3,6,8,3],[0,0,4,5,3,6,2],[0,0,2,4,7,3,6,8,3],[0,0,4,5,3,6,9,8,2],[9,0,1,2,3,4,5,6,3],[1,0,1,5,2,3,8,4,3],[1,0,5,2,3,4,2],[1,0,5,2,3,4,10,2],[3,0,2,3,4,5,6,2],[3,0,1,2,3,4,5,6,3],[3,0,2,3,4,5,7,6,2],[10,0,1,2,3,4,5,6,7,8,9,10,1],[5,1,2,1],[2,1,3,4,5,2],[2,0,1,3,4,5,3],[2,0,2,3,4,5,3],[13,0,1,2,3,4,5,6,7,8],[14,0,1,1],[15,0,1,2,3]],[[[[10,"MegaWin1",0.5,[{},"paths",11,[{},"mw_vfx_b_add",11,[{},"props",11,[{"opacity":[{"frame":0.5,"value":255}]},"scale",12,[[[{"frame":0},"value",8,[1,0,0,1]],[{"frame":0.16666666666666666},"value",8,[1,1.9,1.9,1]],[{"frame":0.3333333333333333},"value",8,[1,1.75,1.75,1]],[{"frame":0.5},"value",8,[1,1.8,1.8,1]]],11,11,11,11]]],"bw_vfx_d",11,[{},"props",11,[{},"scale",12,[[[{"frame":0},"value",8,[1,0,0,1]],[{"frame":0.16666666666666666},"value",8,[1,1.5,1.5,1]],[{"frame":0.3333333333333333},"value",8,[1,1.25,1.25,1]],[{"frame":0.5},"value",8,[1,1.3,1.3,1]]],11,11,11,11]]],"mw_text",11,[{},"props",11,[{},"scale",12,[[[{"frame":0},"value",8,[1,0,0,1]],[{"frame":0.11666666666666667},"value",8,[1,1.15,1.15,1]],[{"frame":0.3},"value",8,[1,1,1,1]]],11,11,11]]]]]]],0,0,[],[],[]],[[[18,"Bigwin"],[19,"Bigwin",[-13,-14,-15,-16,-17,-18,-19,-20,-21,-22,-23,-24,-25,-26,-27],[[[34,-11,-10,-9,-8,-7,-6,-5,-4,-3,-2,[[[4,4294933541],[4,4284088130],[4,4278221567]],8,8,8]],-12],4,1],[35,-1,0],[5,720,1280]],[27,"MegaWin",false,1,[[-29,-30,[20,"ParentCoint",-31,[0,"d0Epvh/ZFPQ4OdbRo2S2EU",1,0]],-32],1,1,4,1],[-28],[0,"aajGo0BDxNU6btYVrH3/tW",1,0],[0,-222.173,0,0,0,0,1,1.1,1.1,1]],[4,"bwCoinSuper",[-35,-36],[[5,-33,[10]],[3,true,-34,[12],11]],[0,"53IVzTcP9E06aTLx/KlZIr",1,0],[5,494.769,427.608957],[-425.514,486.677,0,0,0,0,1,1,1,1]],[4,"bwCoinSuper2",[-39,-40],[[5,-37,[17]],[3,true,-38,[19],18]],[0,"5afO9H2S1HopLsOpwj8TL8",1,0],[5,494.769,427.608957],[424.776,486.677,0,0,0,0,1,-1,1,1]],[4,"bwCoinMega",[-43,-44],[[5,-41,[24]],[3,true,-42,[26],25]],[0,"0cD8y28jdEqqKcsbD/HB4u",1,0],[5,494.769,427.608957],[-272.535,335.677,0,0,0,0,1,1,1,1]],[4,"bwCoinMega2",[-47,-48],[[5,-45,[31]],[3,true,-46,[33],32]],[0,"80tEHRU95HlJOEO8XGrbRV",1,0],[5,494.769,427.608957],[273.673,353.842,0,0,0,0,1,-1,1,1]],[4,"bwCoin1",[-51,-52],[[5,-49,[38]],[3,true,-50,[40],39]],[0,"b6JimYjDdLE6FB3y9JdfkU",1,0],[5,494.769,427.608957],[-216,170.152979,0,0,0,0,1,1,1,1]],[4,"bwCoin2",[-55,-56],[[5,-53,[45]],[3,true,-54,[47],46]],[0,"0dDvtwuRRCc6FDjrTjAIof",1,0],[5,494.769,427.608957],[216.24,172.438426,0,0,0,0,1,-1,1,1]],[31,"Bigwin",1,[-58,-59,-60],[-57],[0,"d5GT6OGptPbIOoqbS1NlM9",1,0],[0,-199.458,0,0,0,0,1,1.1,1.1,1]],[32,"SuperWin",false,1,[-62,-63,-64],[-61],[0,"a3GRb0d5ZN+JcyZV0gNwYw",1,0],[0,-153.611,0,0,0,0,1,1,1,1]],[21,"NodeLoopCoinSuper",0,1,[3,4],[0,"73rFOfez5CM7wg7zSmB4U9",1,0],[5,100,100]],[22,"NodeLoopCoinMega",0,1,[5,6],[0,"7b5kmiZ2JOkq3md8OOZugt",1,0]],[23,"bw_vfx_f_01",0,1,[-67],[[[7,1,2,false,-65,[91],92],-66],4,1],[0,"d2bnqZ1oRL4pi2hGLSIz+W",1,0],[5,346,749],[0,129.309,0,0,0,0,1,1,1,1]],[28,"mask",130,1,[[36,0,-68,[0],1],[16,45,720,1280,-69]],[0,"65a8RlvBpGB7yZykEC4cgY",1,0],[4,4278190080],[5,720,1280]],[1,"bw_vfx_c_add",1,[[11,1,-70,[2],3],[3,true,-71,[5],4]],[0,"c5YK0nhaVDErHeyQxmoZna",1,0],[5,654,650],[0,73.18,0,0,0,0,1,2,2,1]],[24,"nodeLoopCoin",1,[7,8],[0,"a8IjgYOllGgKIiu9nPkvtD",1,0],[5,100,100]],[29,"bw_cc_a_normal",1,[[37,1,0,-72,[48],49],[16,45,720,1280,-73]],[0,"0b+ihO8IFFboBiNQudg1sK",1,0],[5,720,1280]],[13,"particle_a_loop_add",0,1,[[7,1,2,false,-74,[50],51],[3,true,-75,[53],52]],[0,"595sSuuS1M+YqPBfYpuxTj",1,0],[5,432,936],[0,73.28,0,0,0,0,1,1,1,1]],[14,"particle_b_loop_add",0,1,[[7,1,2,false,-76,[54],55],[3,true,-77,[57],56]],[0,"7frX2/N59Lm5J4MyulQVau",1,0],[5,432,936]],[1,"bw_vfx_b_add",9,[[7,1,2,false,-78,[58],59],[3,true,-79,[61],60]],[0,"1d1kXgJPtJcY+4E9Cr2d9W",1,0],[5,390,390],[-5.508,277.624,0,0,0,0,1,2,2,1]],[13,"mw_vfx_b_add",150,2,[[11,1,-80,[67],68],[3,true,-81,[70],69]],[0,"6cP09ql/NEdouKkEe4x1Dg",1,0],[5,390,390],[12.768,315.214,0,0,0,0,1,1.8,1.8,1]],[1,"smw_vfx_b_add",10,[[11,1,-82,[76],77],[3,true,-83,[79],78]],[0,"58U1FnPqpGhLeyR3AONATN",1,0],[5,420,420],[-5.508,332.878,0,0,0,0,1,1.8,1.8,1]],[33,"LbMoney",1,[-85],[-84],[0,"72zxKbsNtMUIB1XcNLtLF6",1,0],[5,75,0],[0,-98.042,0,0,0,0,1,1,1,1]],[25,"win_vfx_b_00",false,1,[[[7,1,2,false,-86,[94],95],-87],4,1],[0,"e7VXYyDeFHk6I2NhL4A7Xa",1,0],[5,200,250],[0,68.621,0,0,0,0,1,4,4,1]],[8,"bw_coin_02_normal",3,[[2,2,false,-88,[6],7]],[0,"e3prFdJPJHM6Gy5ORYTYUC",1,0],[5,540,540],[-58.284,-180.149,0,0,0,0.9958705459295953,-0.09078466693164476,1.7,1.7,1],[1,0,0,190.4175000001427]],[8,"bw_coin_01_normal",3,[[2,2,false,-89,[8],9]],[0,"75TJft1B1Mb7UYnAD2HgWT",1,0],[5,540,540],[-78.053,-168.784,0,0,0,0.9958705459295953,-0.09078466693164476,1.7,1.7,1],[1,0,0,190.4175000001427]],[8,"bw_coin_02_normal",4,[[2,2,false,-90,[13],14]],[0,"fb5DX7UxFEtpMOoCknFvbB",1,0],[5,540,540],[-58.284,-180.149,0,0,0,0.9958705459295953,-0.09078466693164476,1.7,1.7,1],[1,0,0,190.4175000001427]],[8,"bw_coin_01_normal",4,[[2,2,false,-91,[15],16]],[0,"24b6CvPWhPrL0yD0kHEqu2",1,0],[5,540,540],[-78.053,-168.784,0,0,0,0.9958705459295953,-0.09078466693164476,1.7,1.7,1],[1,0,0,190.4175000001427]],[1,"bw_coin_02_normal",5,[[2,2,false,-92,[20],21]],[0,"7bHRNsRoFJzJ2GHcwgDZsB",1,0],[5,540,540],[-58.284,-180.149,0,0,0,0,1,1.7,1.7,1]],[1,"bw_coin_01_normal",5,[[2,2,false,-93,[22],23]],[0,"d6qnXBd49C/qWLLS89m+d3",1,0],[5,540,540],[-78.053,-168.784,0,0,0,0,1,1.7,1.7,1]],[1,"bw_coin_02_normal",6,[[2,2,false,-94,[27],28]],[0,"084U/mUdZCFIxzBxyL9oJP",1,0],[5,540,540],[-58.284,-180.149,0,0,0,0,1,1.7,1.7,1]],[1,"bw_coin_01_normal",6,[[2,2,false,-95,[29],30]],[0,"982d+TMm9JuJD/MUwn9X/i",1,0],[5,540,540],[-78.053,-168.784,0,0,0,0,1,1.7,1.7,1]],[1,"bw_coin_02_normal",7,[[2,2,false,-96,[34],35]],[0,"35SmbCHchLqKnqtQQap96M",1,0],[5,540,540],[-92.028,-180.149,0,0,0,0,1,1.7,1.7,1]],[1,"bw_coin_01_normal",7,[[2,2,false,-97,[36],37]],[0,"28LJm8DnNNXaGsgiUMcIhb",1,0],[5,540,540],[-45.14,-168.784,0,0,0,0,1,1.7,1.7,1]],[1,"bw_coin_02_normal",8,[[2,2,false,-98,[41],42]],[0,"72T8FlVbtKw6TvnRY8IdBR",1,0],[5,540,540],[-92.028,-180.149,0,0,0,0,1,1.7,1.7,1]],[1,"bw_coin_01_normal",8,[[2,2,false,-99,[43],44]],[0,"d60Ht1oFtCMIHE52bwla/O",1,0],[5,540,540],[-45.14,-168.784,0,0,0,0,1,1.7,1.7,1]],[1,"bw_vfx_d",9,[[2,2,false,-100,[62],63]],[0,"feN8CoGP5D47y9Jw48DPYf",1,0],[5,540,342],[0,432.336,0,0,0,0,1,1.3,1.3,1]],[1,"bw",9,[[2,2,false,-101,[64],65]],[0,"6clNU+XqJLuZXZPCRLufPy",1,0],[5,665,212],[0,322.848,0,0,0,0,1,1,1,1]],[6,9,[66]],[1,"bw_vfx_d",2,[[9,-102,[71],72]],[0,"d1CA+D3XBIL7b9Exz1VEP3",1,0],[5,540,342],[0,432.336,0,0,0,0,1,1.3,1.3,1]],[1,"mw_text",2,[[9,-103,[73],74]],[0,"a7W+/S7qpAc72O9mFc21EQ",1,0],[5,513,357],[0,373.309,0,0,0,0,1,1,1,1]],[6,2,[75]],[1,"bw_vfx_d",10,[[15,false,-104,[80],81]],[0,"f9uBMSmhhEB6Gvwf1I1hQ3",1,0],[5,540,342],[0,432.336,0,0,0,0,1,1.3,1.3,1]],[1,"mw",10,[[15,false,-105,[82],83]],[0,"b90jquhadO+aDaDuJpDy3j",1,0],[5,551,338],[0,344.62,0,0,0,0,1,1,1,1]],[6,10,[84]],[1,"bw_vfx_e_normal",1,[[9,-106,[85],86]],[0,"2a3G5d0pVALpg5qp+EWWTU",1,0],[5,432,268],[0,-53.014,0,0,0,0,1,3,1.5,1]],[26,"1",23,[-107],[0,"3bmWHqhVFIQ5MwwXFeZ9Qq",1,0],[5,75,0],[0,0.5,0],[0,-10,0,0,0,0,1,0.9,0.9,0.9]],[30,"New Node",47,[[9,-108,[87],88]],[0,"6fhX1U+7RMzoypqoChQmqp",1,0],[5,80,146],[0,0.5,0]],[39,"",true,"1",75,25,0.9,[null,null,null,null,null,null,null,null,null,null,null,null],23],[14,"bw_solid_a_add",0,13,[[38,1,false,-109,[89],90]],[0,"d6/1XBztRMSIocWgzqpq5T",1,0],[5,410,410]],[6,13,[93]],[6,24,[96]],[40,1,[[41,"46e54WPV/FAhpmc2paFsDFI","onClickBtnShowFast",1]]]],0,[0,4,1,0,5,11,0,6,12,0,7,52,0,8,51,0,9,45,0,10,42,0,11,39,0,12,53,0,13,49,0,0,1,0,-2,53,0,-1,14,0,-2,15,0,-3,11,0,-4,12,0,-5,16,0,-6,17,0,-7,18,0,-8,19,0,-9,9,0,-10,2,0,-11,10,0,-12,46,0,-13,23,0,-14,13,0,-15,24,0,-1,42,0,-1,21,0,-2,40,0,3,2,0,-4,41,0,0,3,0,0,3,0,-1,25,0,-2,26,0,0,4,0,0,4,0,-1,27,0,-2,28,0,0,5,0,0,5,0,-1,29,0,-2,30,0,0,6,0,0,6,0,-1,31,0,-2,32,0,0,7,0,0,7,0,-1,33,0,-2,34,0,0,8,0,0,8,0,-1,35,0,-2,36,0,-1,39,0,-1,20,0,-2,37,0,-3,38,0,-1,45,0,-1,22,0,-2,43,0,-3,44,0,0,13,0,-2,51,0,-1,50,0,0,14,0,0,14,0,0,15,0,0,15,0,0,17,0,0,17,0,0,18,0,0,18,0,0,19,0,0,19,0,0,20,0,0,20,0,0,21,0,0,21,0,0,22,0,0,22,0,-1,49,0,-1,47,0,0,24,0,-2,52,0,0,25,0,0,26,0,0,27,0,0,28,0,0,29,0,0,30,0,0,31,0,0,32,0,0,33,0,0,34,0,0,35,0,0,36,0,0,37,0,0,38,0,0,40,0,0,41,0,0,43,0,0,44,0,0,46,0,-1,48,0,0,48,0,0,50,0,14,1,3,3,11,4,3,11,5,3,12,6,3,12,7,3,16,8,3,16,109],[0,0,0,0,0,0,0,0,0,0,0,0,0,0,0,0,0,0,0,0,0,0,0,0,0,0,0,0,0,0,0,0,0,0,0,0,0,0,0,0,0,0,0,0,0,0,0,0,0,0,0,0,0,0,0,0,0,0,0,0,0,0,0,0,0,0,0,0,0,0,0,0,0,0,0,0,0,0,0,0,0,0,0,0,0,0,0,0,0,0,0,0,0,0,0,0,0,39,42,45,49,51,52],[-1,1,-1,1,2,-1,-1,1,-1,1,-1,2,-1,-1,1,-1,1,-1,2,-1,-1,1,-1,1,-1,2,-1,-1,1,-1,1,-1,2,-1,-1,1,-1,1,-1,2,-1,-1,1,-1,1,-1,2,-1,-1,1,-1,1,2,-1,-1,1,2,-1,-1,1,2,-1,-1,1,-1,1,-1,-1,1,2,-1,-1,1,-1,1,-1,-1,1,2,-1,-1,1,-1,1,-1,-1,1,-1,1,-1,1,-1,1,-1,-1,1,-1,2,2,2,15,2,2],[0,13,0,14,7,7,0,2,0,3,0,1,1,0,2,0,3,0,1,1,0,2,0,3,0,1,1,0,2,0,3,0,1,1,0,2,0,3,0,1,1,0,2,0,3,0,1,1,0,15,0,16,5,5,0,17,5,5,0,18,4,4,0,6,0,19,8,0,20,4,4,0,6,0,21,9,0,22,4,4,0,6,0,23,10,0,24,0,25,0,26,0,27,11,0,28,12,8,9,10,29,11,12]],[[[12,"LoopBg",0.8333333333333334,0.2,2,{"props":{"angle":[{"frame":0,"value":0},{"frame":0.8333333333333334,"value":-360}]}}]],0,0,[],[],[]],[[[12,"BgCoinLoop",1.3333333333333333,0.5,2,{"paths":{"bw_coin_02_normal":{"props":{"angle":[{"frame":0,"value":360},{"frame":1.3333333333333333,"value":0}]}},"bw_coin_01_normal":{"props":{"angle":[{"frame":0,"value":360},{"frame":1.3333333333333333,"value":0}]}}}}]],0,0,[],[],[]],[[[17,"LoopLight",1.6666666666666667,0.2,2,[{},"props",11,[{},"eulerAngles",12,[[[{"frame":0},"value",8,[1,0,0,0]],[{"frame":1.6666666666666667},"value",8,[1,0,0,-360]]],11,11]]]]],0,0,[],[],[]],[[[10,"SuperWin1",0.5,[{"props":{"scale":[]}},"paths",11,[{},"smw_vfx_b_add",11,[{},"props",11,[{},"scale",12,[[[{"frame":0},"value",8,[1,0,0,1]],[{"frame":0.16666666666666666},"value",8,[1,1.9,1.9,1]],[{"frame":0.3333333333333333},"value",8,[1,1.75,1.75,1]],[{"frame":0.5},"value",8,[1,1.8,1.8,1]]],11,11,11,11]]],"bw_vfx_d",11,[{},"props",11,[{},"scale",12,[[[{"frame":0},"value",8,[1,0,0,1]],[{"frame":0.16666666666666666},"value",8,[1,1.5,1.5,1]],[{"frame":0.3333333333333333},"value",8,[1,1.25,1.25,1]],[{"frame":0.5},"value",8,[1,1.3,1.3,1]]],11,11,11,11]]],"mw",11,[{},"props",11,[{},"scale",12,[[[{"frame":0},"value",8,[1,0,0,1]],[{"frame":0.11666666666666667},"value",8,[1,1.15,1.15,1]],[{"frame":0.3},"value",8,[1,1,1,1]]],11,11,11]]]]]]],0,0,[],[],[]],[[[10,"BigWin1",0.5,[{},"paths",11,[{},"bw_vfx_d",11,[{},"props",11,[{},"scale",12,[[[{"frame":0},"value",8,[1,0,0,1]],[{"frame":0.16666666666666666},"value",8,[1,1.5,1.5,1]],[{"frame":0.3333333333333333},"value",8,[1,1.25,1.25,1]],[{"frame":0.5},"value",8,[1,1.3,1.3,1]]],11,11,11,11]]],"bw",11,[{},"props",11,[{},"scale",12,[[[{"frame":0},"value",8,[1,0,0,1]],[{"frame":0.11666666666666667},"value",8,[1,1.15,1.15,1]],[{"frame":0.3},"value",8,[1,1,1,1]]],11,11,11]]],"bw_vfx_b_add",11,[{},"props",11,[{},"scale",12,[[[{"frame":0},"value",8,[1,0,0,1]],[{"frame":0.16666666666666666},"value",8,[1,2.1,2.1,1]],[{"frame":0.3333333333333333},"value",8,[1,1.95,1.95,1]],[{"frame":0.5},"value",8,[1,2,2,1]]],11,11,11,11]]]]]]],0,0,[],[],[]]]]