[1,["0eAonu+QFLnbgCSDnnvNPH"],["_textureSetter"],["cc.SpriteFrame"],0,[[[{"name":"infoboard_lv02_vfx_d_add_02","rect":[350,419,321,184],"offset":[1,4],"originalSize":[503,356],"capInsets":[0,0,0,0]}],[0],0,[0],[0],[0]],[[{"name":"infoboard_lv02_vfx_d_add_12","rect":[344,787,235,194],"offset":[-13,-20],"originalSize":[503,356],"capInsets":[0,0,0,0]}],[0],0,[0],[0],[0]],[[{"name":"infoboard_lv02_vfx_d_add_08","rect":[1,1,347,214],"offset":[-4,-10],"originalSize":[503,356],"capInsets":[0,0,0,0]}],[0],0,[0],[0],[0]],[[{"name":"infoboard_lv02_vfx_d_add_10","rect":[673,492,289,214],"offset":[-34,-11],"originalSize":[503,356],"rotated":1,"capInsets":[0,0,0,0]}],[0],0,[0],[0],[0]],[[{"name":"infoboard_lv02_vfx_d_add_15","rect":[889,492,57,42],"offset":[-73,-82],"originalSize":[503,356],"rotated":1,"capInsets":[0,0,0,0]}],[0],0,[0],[0],[0]],[[{"name":"infoboard_lv02_vfx_d_add_13","rect":[581,787,175,168],"offset":[-19,-21],"originalSize":[503,356],"rotated":1,"capInsets":[0,0,0,0]}],[0],0,[0],[0],[0]],[[{"name":"infoboard_lv02_vfx_d_add_11","rect":[687,1,239,196],"offset":[-11,-20],"originalSize":[503,356],"capInsets":[0,0,0,0]}],[0],0,[0],[0],[0]],[[{"name":"infoboard_lv02_vfx_d_add_09","rect":[687,199,291,216],"offset":[-34,-10],"originalSize":[503,356],"rotated":1,"capInsets":[0,0,0,0]}],[0],0,[0],[0],[0]],[[{"name":"infoboard_lv02_vfx_d_add_16","rect":[681,217,5,4],"offset":[-96,-67],"originalSize":[503,356],"rotated":1,"capInsets":[0,0,0,0]}],[0],0,[0],[0],[0]],[[{"name":"infoboard_lv02_vfx_d_add_04","rect":[350,1,335,214],"offset":[-1,5],"originalSize":[503,356],"capInsets":[0,0,0,0]}],[0],0,[0],[0],[0]],[[{"name":"infoboard_lv02_vfx_d_add_06","rect":[1,429,345,204],"offset":[-3,-10],"originalSize":[503,356],"capInsets":[0,0,0,0]}],[0],0,[0],[0],[0]],[[{"name":"infoboard_lv02_vfx_d_add_14","rect":[751,783,161,166],"offset":[-23,-21],"originalSize":[503,356],"capInsets":[0,0,0,0]}],[0],0,[0],[0],[0]],[[{"name":"infoboard_lv02_vfx_d_add_05","rect":[1,635,341,196],"offset":[-2,-10],"originalSize":[503,356],"capInsets":[0,0,0,0]}],[0],0,[0],[0],[0]],[[{"name":"infoboard_lv02_vfx_d_add_07","rect":[1,217,347,210],"offset":[-4,-10],"originalSize":[503,356],"capInsets":[0,0,0,0]}],[0],0,[0],[0],[0]],[[{"name":"infoboard_lv02_vfx_d_add_03","rect":[350,217,329,200],"offset":[0,4],"originalSize":[503,356],"capInsets":[0,0,0,0]}],[0],0,[0],[0],[0]],[[{"name":"infoboard_lv02_vfx_d_add_01","rect":[348,605,311,180],"offset":[3,-8],"originalSize":[503,356],"capInsets":[0,0,0,0]}],[0],0,[0],[0],[0]]]]