[1,["70eCRNIhxKYpv7Fw5tatq0"],["_textureSetter"],["cc.SpriteFrame"],0,[[[{"name":"mh_vfx_b_add","rect":[347,1,140,140],"offset":[0,0],"originalSize":[140,140],"capInsets":[0,0,0,0]}],[0],0,[0],[0],[0]],[[{"name":"auto_spin","rect":[1,1,171,171],"offset":[0,0],"originalSize":[171,171],"capInsets":[0,0,0,0]}],[0],0,[0],[0],[0]],[[{"name":"spin_button","rect":[174,1,171,171],"offset":[0,0],"originalSize":[171,171],"capInsets":[0,0,0,0]}],[0],0,[0],[0],[0]],[[{"name":"spin_arrow_blur","rect":[1,174,121,121],"offset":[0,0],"originalSize":[129,129],"capInsets":[0,0,0,0]}],[0],0,[0],[0],[0]]]]