[1,["019lYInkNLqJODbNyeEMBA","10pweZunhLc5O8M4p2MHE0","147P9VBXpA55z2gnGKz783","acQrfAAS5BNqctDCKoaOtb","f5VxPvWjBOioRO5tjrttbZ","29+Ah4pGBCrY3pVcRJPgwd","9cKp0Q0NlC5Yi4h6199h4h","80dLRemM1IKJimDGdcOmhz","f61h85Nu5POroBDU3I4SQd","e5TYtc4Q9G7Zymhg0SMSt7","06qwWtIzZOU5eMP2oMzM/v","86QTwk2fhDsKuJyXPADS0F","74qjLGxNdMaq6Nvh5d1cvM","a1QG5LEWNHXbQvTdEJUgxH","dbzMYZp+tLcJQEgGJrZ+28","6foEh531dCT4WdjG/f/h4X"],["value"],[["cc.AnimationClip",["_name","_duration","speed","curveData"],0,11]],[[0,0,1,2,3,4]],[[0,"BigWin3",0.5333333333333333,0.6,[{},"comps",11,[{},"cc.Sprite",11,[{},"spriteFrame",12,[[[{"frame":0},"value",6,0],[{"frame":0.03333333333333333},"value",6,1],[{"frame":0.06666666666666667},"value",6,2],[{"frame":0.1},"value",6,3],[{"frame":0.13333333333333333},"value",6,4],[{"frame":0.16666666666666666},"value",6,5],[{"frame":0.2},"value",6,6],[{"frame":0.23333333333333334},"value",6,7],[{"frame":0.26666666666666666},"value",6,8],[{"frame":0.3},"value",6,9],[{"frame":0.3333333333333333},"value",6,10],[{"frame":0.36666666666666664},"value",6,11],[{"frame":0.4},"value",6,12],[{"frame":0.43333333333333335},"value",6,13],[{"frame":0.4666666666666667},"value",6,14],[{"frame":0.5},"value",6,15],[{"frame":0.5166666666666667},"value",6,16]],11,11,11,11,11,11,11,11,11,11,11,11,11,11,11,11,11]]],"props",11,[{"opacity":[{"frame":0,"value":255},{"frame":0.5166666666666667,"value":255},{"frame":0.5333333333333333,"value":0}]},"scale",12,[[[{"frame":0},"value",8,[1,4,4,1]],[{"frame":0.13333333333333333},"value",8,[1,6,6,1]],[{"frame":0.5166666666666667},"value",8,[1,6,6,1]]],11,11,11]]]]],0,0,[0,0,0,0,0,0,0,0,0,0,0,0,0,0,0,0,0],[0,0,0,0,0,0,0,0,0,0,0,0,0,0,0,0,0],[0,1,2,3,4,5,6,7,8,9,10,11,12,13,14,15,0]]