[1,["02QYw5geRIdrzbLx9XxWsD","05YttX1ExG6JYklIIgjEom","edfCUMrZFCTpYMWhnAy4sW","c38qSQx/FKU7mq/4dhzbEe","5fGvD5VhdH67uXF7dLgbwi","e4WaMQzoNNaJ2K872FtdBa","309YLz4j5DsLfB/LQ1QODk","b7T4WRGw1LYIM3gmyh/FTy","89bBMXiwRAIYCJ/PYxGtCP","b1efzbRpFM8LGdelT3wzvf","e26AkMtFFMTY3EXzah/06j","33eZDgyltBsaWw/2qSj8gX","70zHvKexNCsaXyS6rFeKl9","4f9qrr9dtFQImEmpcHRNI+","db8ml4zUNIRYwYdBng28rN","3clJlBC2hL1YDM+sHlnYr5","341hp9bkVHD6Oed5hQhmrq","21N9Q4BQhBnpktDzVrTaN0","beXk7kd59LQ6XLqQJxzav7","48iUJ+pGZLT7SWiNgEYbdE","c4rRpfCdBE+rgRDowqnYxv","7ecn08QZtMga63XOEUbDlK","87ExKRaoZCraE/sNev3Gm9"],["value"],[["cc.AnimationClip",["_name","_duration","sample","curveData"],0,11]],[[0,0,1,2,3,4]],[[0,"TakeWild",0.46,50,[{},"paths",11,[{},"wild_vfx_e_add_01_00",11,[{},"comps",11,[{},"cc.Sprite",11,[{},"spriteFrame",12,[[[{"frame":0},"value",6,0],[{"frame":0.02},"value",6,1],[{"frame":0.04},"value",6,2],[{"frame":0.06},"value",6,3],[{"frame":0.08},"value",6,4],[{"frame":0.1},"value",6,5],[{"frame":0.12},"value",6,6],[{"frame":0.14},"value",6,7],[{"frame":0.16},"value",6,8],[{"frame":0.18},"value",6,9],[{"frame":0.2},"value",6,10],[{"frame":0.22},"value",6,11],[{"frame":0.24},"value",6,12],[{"frame":0.26},"value",6,13],[{"frame":0.28},"value",6,14],[{"frame":0.3},"value",6,15],[{"frame":0.32},"value",6,16],[{"frame":0.34},"value",6,17],[{"frame":0.36},"value",6,18],[{"frame":0.38},"value",6,19],[{"frame":0.4},"value",6,20],[{"frame":0.42},"value",6,21],[{"frame":0.44},"value",6,22]],11,11,11,11,11,11,11,11,11,11,11,11,11,11,11,11,11,11,11,11,11,11,11]]]]]]]],0,0,[0,0,0,0,0,0,0,0,0,0,0,0,0,0,0,0,0,0,0,0,0,0,0],[0,0,0,0,0,0,0,0,0,0,0,0,0,0,0,0,0,0,0,0,0,0,0],[0,1,2,3,4,5,6,7,8,9,10,11,12,13,14,15,16,17,18,19,20,21,22]]