[1,["7a9csHIzZKG4+1i/6yJ/6Y","bdizTQJZ9Puo3kKhRCi2Ku","1011nBGaNLELpeCJSmqQ+x","51owEBj7FH/r5Iml1ok4Xc","8b0d7VB7dO+ILamWhEeJ+i","72t0KBZwJC5I2J/KgJO+Aq","ffw4d4Yo9OfLUAGLsaDVjD","74a2pEQVZEWq7reI2plZDB","51gRjge65O+6xQKjp1paKz","3eMhrVuhZBVKzOq7q9Y3x2"],["_textureSetter","tw_vfx_i_screen_01","tw_vfx_i_screen_03","tw_vfx_i_screen_02","tw_vfx_h_screen","button_hover_screen","tw_button_screen","tw_vfx_f_screen","tw_vfx_a_normal","tw_vfx_l_screen"],["cc.SpriteFrame",["cc.SpriteAtlas",["_name","_spriteFrames"],2,11]],[[1,0,1,2]],[[[{"name":"tw_vfx_i_screen_03","rect":[381,1747,144,144],"offset":[0,0],"originalSize":[144,144],"capInsets":[0,0,0,0]}],[0],0,[0],[0],[0]],[[{"name":"tw_vfx_l_screen","rect":[1,1173,410,280],"offset":[0,0],"originalSize":[410,280],"capInsets":[0,0,0,0]}],[0],0,[0],[0],[0]],[[{"name":"tw_vfx_a_normal","rect":[1,1,540,1170],"offset":[0,0],"originalSize":[540,1170],"capInsets":[0,0,0,0]}],[0],0,[0],[0],[0]],[[{"name":"tw_vfx_i_screen_02","rect":[381,1601,144,144],"offset":[0,0],"originalSize":[144,144],"capInsets":[0,0,0,0]}],[0],0,[0],[0],[0]],[[{"name":"button_hover_screen","rect":[1,1829,378,182],"offset":[0,0],"originalSize":[378,182],"capInsets":[0,0,0,0]}],[0],0,[0],[0],[0]],[[{"name":"tw_vfx_f_screen","rect":[413,1251,50,50],"offset":[0,0],"originalSize":[50,50],"capInsets":[0,0,0,0]}],[0],0,[0],[0],[0]],[[[0,"Alats40.plist",[{},"tw_vfx_i_screen_01",6,0,"tw_vfx_i_screen_03",6,1,"tw_vfx_i_screen_02",6,2,"tw_vfx_h_screen",6,3,"button_hover_screen",6,4,"tw_button_screen",6,5,"tw_vfx_f_screen",6,6,"tw_vfx_a_normal",6,7,"tw_vfx_l_screen",6,8]]],0,0,[0,0,0,0,0,0,0,0,0],[1,2,3,4,5,6,7,8,9],[1,2,3,4,5,6,7,8,9]],[[{"name":"tw_vfx_h_screen","rect":[1,1455,378,372],"offset":[0,0],"originalSize":[378,372],"capInsets":[0,0,0,0]}],[0],0,[0],[0],[0]],[[{"name":"tw_vfx_i_screen_01","rect":[381,1455,144,144],"offset":[0,0],"originalSize":[144,144],"capInsets":[0,0,0,0]}],[0],0,[0],[0],[0]],[[{"name":"tw_button_screen","rect":[413,1173,112,76],"offset":[0,0],"originalSize":[112,76],"capInsets":[0,0,0,0]}],[0],0,[0],[0],[0]]]]