[1,["b96+mwf+JKq5ojKuHh0AI3"],["_textureSetter"],["cc.SpriteFrame"],0,[[[{"name":"bw_vfx_i_screen_01","rect":[1,1,378,819],"offset":[0,0],"originalSize":[378,819],"capInsets":[0,0,0,0]}],[0],0,[0],[0],[0]],[[{"name":"bw_vfx_b_screen_01","rect":[979,686,281,317],"offset":[0,0],"originalSize":[281,317],"capInsets":[0,0,0,0]}],[0],0,[0],[0],[0]],[[{"name":"bw_vfx_d_screen_01","rect":[381,686,596,336],"offset":[0,0],"originalSize":[596,336],"capInsets":[0,0,0,0]}],[0],0,[0],[0],[0]],[[{"name":"bw_b","rect":[1075,1,560,634],"offset":[0,0],"originalSize":[560,634],"capInsets":[0,0,0,0]}],[0],0,[0],[0],[0]],[[{"name":"bw_a","rect":[381,1,692,683],"offset":[0,0],"originalSize":[692,683],"capInsets":[0,0,0,0]}],[0],0,[0],[0],[0]],[[{"name":"bw_vfx_h_screen_01","rect":[1262,637,350,350],"offset":[0,0],"originalSize":[350,350],"capInsets":[0,0,0,0]}],[0],0,[0],[0],[0]]]]