[1,["9bQPeXU+lLy5J+mfvwyOEc"],["_textureSetter"],["cc.SpriteFrame"],0,[[[{"name":"wild_vfx_e_add_01_00","rect":[765,1253,126,194],"offset":[16,-129],"originalSize":[250,500],"capInsets":[0,0,0,0]}],[0],0,[0],[0],[0]],[[{"name":"wild_vfx_e_add_01_01","rect":[621,1243,142,256],"offset":[8,-98],"originalSize":[250,500],"capInsets":[0,0,0,0]}],[0],0,[0],[0],[0]],[[{"name":"wild_vfx_e_add_01_17","rect":[635,557,158,378],"offset":[12,43],"originalSize":[250,500],"capInsets":[0,0,0,0]}],[0],0,[0],[0],[0]],[[{"name":"wild_vfx_e_add_01_06","rect":[1,1,180,456],"offset":[0,2],"originalSize":[250,500],"capInsets":[0,0,0,0]}],[0],0,[0],[0],[0]],[[{"name":"wild_vfx_e_add_01_11","rect":[183,1,170,458],"offset":[6,2],"originalSize":[250,500],"rotated":1,"capInsets":[0,0,0,0]}],[0],0,[0],[0],[0]],[[{"name":"wild_vfx_e_add_01_16","rect":[171,1367,162,448],"offset":[10,8],"originalSize":[250,500],"rotated":1,"capInsets":[0,0,0,0]}],[0],0,[0],[0],[0]],[[{"name":"wild_vfx_e_add_01_15","rect":[171,1037,162,454],"offset":[9,4],"originalSize":[250,500],"rotated":1,"capInsets":[0,0,0,0]}],[0],0,[0],[0],[0]],[[{"name":"wild_vfx_e_add_01_19","rect":[635,937,154,304],"offset":[13,79],"originalSize":[250,500],"capInsets":[0,0,0,0]}],[0],0,[0],[0],[0]],[[{"name":"wild_vfx_e_add_01_13","rect":[171,1201,164,446],"offset":[9,9],"originalSize":[250,500],"rotated":1,"capInsets":[0,0,0,0]}],[0],0,[0],[0],[0]],[[{"name":"wild_vfx_e_add_01_04","rect":[801,161,166,422],"offset":[-2,-15],"originalSize":[250,500],"capInsets":[0,0,0,0]}],[0],0,[0],[0],[0]],[[{"name":"wild_vfx_e_add_01_12","rect":[179,869,166,454],"offset":[6,5],"originalSize":[250,500],"rotated":1,"capInsets":[0,0,0,0]}],[0],0,[0],[0],[0]],[[{"name":"wild_vfx_e_add_01_21","rect":[1,1375,140,186],"offset":[16,136],"originalSize":[250,500],"capInsets":[0,0,0,0]}],[0],0,[0],[0],[0]],[[{"name":"wild_vfx_e_add_01_22","rect":[765,1449,132,132],"offset":[11,161],"originalSize":[250,500],"capInsets":[0,0,0,0]}],[0],0,[0],[0],[0]],[[{"name":"wild_vfx_e_add_01_08","rect":[179,695,172,452],"offset":[1,2],"originalSize":[250,500],"rotated":1,"capInsets":[0,0,0,0]}],[0],0,[0],[0],[0]],[[{"name":"wild_vfx_e_add_01_09","rect":[183,347,172,454],"offset":[5,3],"originalSize":[250,500],"rotated":1,"capInsets":[0,0,0,0]}],[0],0,[0],[0],[0]],[[{"name":"wild_vfx_e_add_01_07","rect":[183,173,172,454],"offset":[0,2],"originalSize":[250,500],"rotated":1,"capInsets":[0,0,0,0]}],[0],0,[0],[0],[0]],[[{"name":"wild_vfx_e_add_01_18","rect":[795,585,156,370],"offset":[12,47],"originalSize":[250,500],"capInsets":[0,0,0,0]}],[0],0,[0],[0],[0]],[[{"name":"wild_vfx_e_add_01_03","rect":[639,173,160,382],"offset":[0,-35],"originalSize":[250,500],"capInsets":[0,0,0,0]}],[0],0,[0],[0],[0]],[[{"name":"wild_vfx_e_add_01_20","rect":[791,957,146,294],"offset":[15,83],"originalSize":[250,500],"capInsets":[0,0,0,0]}],[0],0,[0],[0],[0]],[[{"name":"wild_vfx_e_add_01_14","rect":[1,913,168,460],"offset":[8,1],"originalSize":[250,500],"capInsets":[0,0,0,0]}],[0],0,[0],[0],[0]],[[{"name":"wild_vfx_e_add_01_10","rect":[179,521,172,454],"offset":[6,3],"originalSize":[250,500],"rotated":1,"capInsets":[0,0,0,0]}],[0],0,[0],[0],[0]],[[{"name":"wild_vfx_e_add_01_05","rect":[1,459,176,452],"offset":[1,0],"originalSize":[250,500],"capInsets":[0,0,0,0]}],[0],0,[0],[0],[0]],[[{"name":"wild_vfx_e_add_01_02","rect":[643,1,158,330],"offset":[1,-60],"originalSize":[250,500],"rotated":1,"capInsets":[0,0,0,0]}],[0],0,[0],[0],[0]]]]