[1,["ecxscg65lN/7XAeAEtc2Ga","687M9ymshJ/rTCi1KvlD2D","45cLrbZQpKtLYfV78WWF+T","91yI1vOplI7J6ytIuIpyhL","e7Q89tOBtHpLyOkgdGZblV","e1DgYTIEBLAbXwGzC+NEQt","48O4tztUdFQoZcjF6p4uzm","bc6kbqnehOSLLx5PLhgBw7","119rpxmkRAJYGThz7fIEBY","32P1nE2QtAiJRXcn/gGOjg","188nNsAsBJIrKJBlmDh4s6","e6vHptIlZDA4KeHz9nJx6K","41XDLhrYpFFLgX1mTvYbuT","06+tlcQj5PaIZ2L9aHytnf","38ObTrBuZGvawLpEIzVrqb","32lxkstyBCqpOLdbDtBWoN","edI7Epk4ZC6ZrIChnatAX9","baI2U2IP5KopTWCoXCprIf","36cS8bYDRL8IhJBtLRgtlO","d1b+2Os0NBa6aiSsPguijQ","6ftWhhx41FK6wje/fb5dYG","8cbB77Y3hDvrgrI9Da0mnK","e1y+bmzgtJqId9E3d09vGq","97OtAcJSxIbqYDuPTlC1cz","deggG2BtBLq4wriuhh6pdK","a2qEsc1SdK1Jwn4H3s1Kvs","17sIQ2pc5KpYb43huOZv7a","4dZfuL5JpFHId/tfeRsVhj","e559Y5gEpMnrKHQPV2XaQ+","19XoZa5u5A5q6zUSWDCF3Q"],["value"],[["cc.AnimationClip",["_name","_duration","sample","curveData"],0,11]],[[0,0,1,2,3,4]],[[0,"sb_vfx_b_00",1,30,[{"comps":{"cc.Sprite":{"spriteFrame":[]}}},"paths",11,[{},"sb_vfx_b_00",11,[{"props":{"active":[{"frame":0,"value":true},{"frame":1,"value":false}]}},"comps",11,[{},"cc.Sprite",11,[{},"spriteFrame",12,[[[{"frame":0},"value",6,0],[{"frame":0.03333333333333333},"value",6,1],[{"frame":0.06666666666666667},"value",6,2],[{"frame":0.1},"value",6,3],[{"frame":0.13333333333333333},"value",6,4],[{"frame":0.16666666666666666},"value",6,5],[{"frame":0.2},"value",6,6],[{"frame":0.23333333333333334},"value",6,7],[{"frame":0.26666666666666666},"value",6,8],[{"frame":0.3},"value",6,9],[{"frame":0.3333333333333333},"value",6,10],[{"frame":0.36666666666666664},"value",6,11],[{"frame":0.4},"value",6,12],[{"frame":0.43333333333333335},"value",6,13],[{"frame":0.4666666666666667},"value",6,14],[{"frame":0.5},"value",6,15],[{"frame":0.5333333333333333},"value",6,16],[{"frame":0.5666666666666667},"value",6,17],[{"frame":0.6},"value",6,18],[{"frame":0.6333333333333333},"value",6,19],[{"frame":0.6666666666666666},"value",6,20],[{"frame":0.7},"value",6,21],[{"frame":0.7333333333333333},"value",6,22],[{"frame":0.7666666666666667},"value",6,23],[{"frame":0.8},"value",6,24],[{"frame":0.8333333333333334},"value",6,25],[{"frame":0.8666666666666667},"value",6,26],[{"frame":0.9},"value",6,27],[{"frame":0.9333333333333333},"value",6,28],[{"frame":0.9666666666666667},"value",6,29]],11,11,11,11,11,11,11,11,11,11,11,11,11,11,11,11,11,11,11,11,11,11,11,11,11,11,11,11,11,11]]]],"sb_vfx_a",11,[{},"props",11,[{"active":[{"frame":0,"value":true},{"frame":0.6666666666666666,"value":false}],"opacity":[{"frame":0,"value":254},{"frame":0.3,"value":255},{"frame":0.6666666666666666,"value":0}]},"scale",12,[[[{"frame":0},"value",8,[1,2,2,1.5]],[{"frame":0.6666666666666666},"value",8,[1,3.5,3.5,1.5]]],11,11]]]]]]],0,0,[0,0,0,0,0,0,0,0,0,0,0,0,0,0,0,0,0,0,0,0,0,0,0,0,0,0,0,0,0,0],[0,0,0,0,0,0,0,0,0,0,0,0,0,0,0,0,0,0,0,0,0,0,0,0,0,0,0,0,0,0],[0,1,2,3,4,5,6,7,8,9,10,11,12,13,14,15,16,17,18,19,20,21,22,23,24,25,26,27,28,29]]