[1,["34nPiUfA5A94KmuFDFsRFm"],["_textureSetter"],["cc.SpriteFrame"],0,[[[{"name":"ways_bar_vfx_a_screen_01","rect":[759,822,378,97],"offset":[0,0],"originalSize":[378,97],"capInsets":[0,0,0,0]}],[0],0,[0],[0],[0]],[[{"name":"main_ambient_vfx_b_screen_02","rect":[881,1020,120,360],"offset":[0,0],"originalSize":[120,360],"capInsets":[0,0,0,0]}],[0],0,[0],[0],[0]],[[{"name":"ways_bar_vfx_a_screen_02","rect":[759,921,378,97],"offset":[0,0],"originalSize":[378,97],"capInsets":[0,0,0,0]}],[0],0,[0],[0],[0]],[[{"name":"main_bg","rect":[1,1,756,1638],"offset":[0,0],"originalSize":[756,1638],"capInsets":[0,0,0,0]}],[0],0,[0],[0],[0]],[[{"name":"main_ambient_vfx_b_screen_03","rect":[1003,1020,120,360],"offset":[0,0],"originalSize":[120,360],"capInsets":[0,0,0,0]}],[0],0,[0],[0],[0]],[[{"name":"main_ambient_vfx_b_screen_01","rect":[759,1020,120,360],"offset":[0,0],"originalSize":[120,360],"capInsets":[0,0,0,0]}],[0],0,[0],[0],[0]]]]