[1,["13U8ZHV8hAJKJE55si9EVO","1eDofLIXxJWazqIHpEg8g4","aa5BHImbVIxoJVNRz3JTtg","dacyDXV6RDlKpZvcA0YQfq","65j7OKV5pKiIj+MKohG+sd","06FT+NWK9IKpUR3Pa6dIY2","f4psvfiV9PEbGVbUNt6piP","17cr8zTLdME46GNAPdX2LS","6aNz/j7D1MTo9DQl7CVFBP","9dAuxKhi1LjrN0HuwFn6U1","18GNU+mz9M0IEG5X15VBZq","d8jAI8CaFNAKB10LHgbsSP","46xO9wNyJEsJjLJiV1qtAg","78LKsdxC1GM6SOjSGmzwkI","1aKy04BGVALoxBhr6SGGGH","150gSg2JZIyabAOeOKC4IJ","8bVSno0oZJhogSxZPsuXWG","01Qq03/fpGJLFW/Q1yk7Xz","7eGCPhYz5Eu4tMpwHBzbka","475tIN1ZJOTaMzGY2OuU1t","0fE/tVD3hD3ptIQdz/Qpnr","549dyB/npMWZ3Zt5epy2cM","15JKPzXQ9Dw5XmIel0/MMn","c4assz4LNB978vfsst4Nyj","3894TbfQtOMrJoQf3z9FaC","c83TahqGdC64nYek3R8cg7","1dsM/suSJJUq1VYPEy1dj9","c4kNOUFmBONJpSRFESaCo9"],["value"],[["cc.AnimationClip",["_name","_duration","sample","wrapMode","curveData"],-1,11]],[[0,0,1,2,3,4,5]],[[0,"wh_vfx_d_02",1.45,20,2,[{},"comps",11,[{},"cc.Sprite",11,[{},"spriteFrame",12,[[[{"frame":0},"value",6,0],[{"frame":0.05},"value",6,1],[{"frame":0.1},"value",6,2],[{"frame":0.15},"value",6,3],[{"frame":0.2},"value",6,4],[{"frame":0.25},"value",6,5],[{"frame":0.3},"value",6,6],[{"frame":0.35},"value",6,7],[{"frame":0.4},"value",6,8],[{"frame":0.45},"value",6,9],[{"frame":0.5},"value",6,10],[{"frame":0.55},"value",6,11],[{"frame":0.6},"value",6,12],[{"frame":0.65},"value",6,13],[{"frame":0.7},"value",6,14],[{"frame":0.75},"value",6,15],[{"frame":0.8},"value",6,16],[{"frame":0.85},"value",6,17],[{"frame":0.9},"value",6,18],[{"frame":0.95},"value",6,19],[{"frame":1},"value",6,20],[{"frame":1.05},"value",6,21],[{"frame":1.1},"value",6,22],[{"frame":1.15},"value",6,23],[{"frame":1.2},"value",6,24],[{"frame":1.25},"value",6,25],[{"frame":1.3},"value",6,26],[{"frame":1.35},"value",6,27],[{"frame":1.4},"value",6,28]],11,11,11,11,11,11,11,11,11,11,11,11,11,11,11,11,11,11,11,11,11,11,11,11,11,11,11,11,11]]]]]],0,0,[0,0,0,0,0,0,0,0,0,0,0,0,0,0,0,0,0,0,0,0,0,0,0,0,0,0,0,0,0],[0,0,0,0,0,0,0,0,0,0,0,0,0,0,0,0,0,0,0,0,0,0,0,0,0,0,0,0,0],[1,2,3,4,5,6,7,8,9,10,11,0,0,12,13,14,15,16,17,18,19,20,21,22,23,24,25,26,27]]