[1,["01BBlnpdBBgro6yCHvZk/P"],["_textureSetter"],["cc.SpriteFrame"],0,[[[{"name":"base_gold_rotate_c_14","rect":[759,447,228,166],"offset":[1,-33],"originalSize":[872,872],"capInsets":[0,0,0,0]}],[0],0,[0],[0],[0]],[[{"name":"base_gold_rotate_c_03","rect":[581,583,150,242],"offset":[2,21],"originalSize":[872,872],"capInsets":[0,0,0,0]}],[0],0,[0],[0],[0]],[[{"name":"base_gold_rotate_c_09","rect":[275,1,198,288],"offset":[-6,19],"originalSize":[872,872],"capInsets":[0,0,0,0]}],[0],0,[0],[0],[0]],[[{"name":"base_gold_rotate_c_01","rect":[771,1,222,246],"offset":[1,16],"originalSize":[872,872],"capInsets":[0,0,0,0]}],[0],0,[0],[0],[0]],[[{"name":"base_gold_rotate_c_02","rect":[357,583,222,246],"offset":[-8,19],"originalSize":[872,872],"capInsets":[0,0,0,0]}],[0],0,[0],[0],[0]],[[{"name":"base_gold_rotate_c_16","rect":[583,827,222,160],"offset":[2,-32],"originalSize":[872,872],"capInsets":[0,0,0,0]}],[0],0,[0],[0],[0]],[[{"name":"base_gold_rotate_c_04","rect":[761,249,196,228],"offset":[13,21],"originalSize":[872,872],"rotated":1,"capInsets":[0,0,0,0]}],[0],0,[0],[0],[0]],[[{"name":"base_gold_rotate_c_00","rect":[393,367,214,252],"offset":[2,12],"originalSize":[872,872],"rotated":1,"capInsets":[0,0,0,0]}],[0],0,[0],[0],[0]],[[{"name":"base_gold_rotate_c_11","rect":[475,1,294,184],"offset":[-6,-15],"originalSize":[872,872],"capInsets":[0,0,0,0]}],[0],0,[0],[0],[0]],[[{"name":"base_gold_rotate_c_18","rect":[647,367,180,110],"offset":[2,-33],"originalSize":[872,872],"rotated":1,"capInsets":[0,0,0,0]}],[0],0,[0],[0],[0]],[[{"name":"base_gold_rotate_c_05","rect":[733,615,200,244],"offset":[-5,19],"originalSize":[872,872],"rotated":1,"capInsets":[0,0,0,0]}],[0],0,[0],[0],[0]],[[{"name":"base_gold_rotate_c_13","rect":[217,295,278,174],"offset":[2,-29],"originalSize":[872,872],"rotated":1,"capInsets":[0,0,0,0]}],[0],0,[0],[0],[0]],[[{"name":"base_gold_rotate_c_12","rect":[475,187,284,178],"offset":[4,-25],"originalSize":[872,872],"capInsets":[0,0,0,0]}],[0],0,[0],[0],[0]],[[{"name":"base_gold_rotate_c_10","rect":[1,621,278,202],"offset":[-19,-2],"originalSize":[872,872],"rotated":1,"capInsets":[0,0,0,0]}],[0],0,[0],[0],[0]],[[{"name":"base_gold_rotate_c_17","rect":[807,817,186,130],"offset":[1,-31],"originalSize":[872,872],"capInsets":[0,0,0,0]}],[0],0,[0],[0],[0]],[[{"name":"base_gold_rotate_c_08","rect":[1,295,214,324],"offset":[-2,16],"originalSize":[872,872],"capInsets":[0,0,0,0]}],[0],0,[0],[0],[0]],[[{"name":"base_gold_rotate_c_15","rect":[357,831,224,162],"offset":[1,-32],"originalSize":[872,872],"capInsets":[0,0,0,0]}],[0],0,[0],[0],[0]],[[{"name":"base_gold_rotate_c_07","rect":[1,1,272,292],"offset":[11,20],"originalSize":[872,872],"capInsets":[0,0,0,0]}],[0],0,[0],[0],[0]],[[{"name":"base_gold_rotate_c_06","rect":[205,621,150,250],"offset":[-4,19],"originalSize":[872,872],"capInsets":[0,0,0,0]}],[0],0,[0],[0],[0]]]]