[1,["31dSH+VUpLa6A4R377QaYi","6fDLDHmQhGzogdtpbvLitM","26+5Gl5TFO1L8bKGGglRJy","55Mspd6exOy4j2c7+BPDaX","cd6ssMvFtMkp4AwU5zx8/8","f11qRnxWFPE52lhev0AM1W"],["_textureSetter","ui_top_bar","ui_footer_shadow","ui_footer","ui_bg_c","ui_bg_b"],["cc.SpriteFrame",["cc.SpriteAtlas",["_name","_spriteFrames"],2,11]],[[1,0,1,2]],[[[{"name":"ui_footer_shadow","rect":[409,543,212,211],"offset":[0,0],"originalSize":[212,211],"capInsets":[0,0,0,0]}],[0],0,[0],[0],[0]],[[[0,"Alats52.plist",[{},"ui_top_bar",6,0,"ui_footer_shadow",6,1,"ui_footer",6,2,"ui_bg_c",6,3,"ui_bg_b",6,4]]],0,0,[0,0,0,0,0],[1,2,3,4,5],[1,2,3,4,5]]]]