[1,["c0vRNLDBJByrIAZZMeGIyv","02eg0kEnpO35wLhPecPrk0","3593GCNApEjKLgfbUqQ1mv","a3szqYrn5IP5zc1hTghCT0","1fYM7XMQRLQoDZ/jlTxzB2","60BHCxofpGUJ6TXaYLXx8X","d5MY0Qf6ZHPIsSC0FsW/x6","2cMJ3a9PNFbo+zYlEzFoyI","89jhhPEIBHEJHqSY2ZGF9+","f4Y9RAhQlE1JTeGxeexu4P","f9k3Opp7hLfbnGrokreUXM","eanpIoGbpMvq3PgBgjiIZX","2eXnQlZmJMXKYfJZhB4K+A","23s19DZh9F8IAieCOE+LS6","edOzcq3bVFbLslwTB7lGkm","51IkKw+UFCHaaG0N8iNqQX","0aLpO7wtxM64VPIQfHSn14","32AqVbh1ZCpLB1QQEU3qPU","e9nXgMgVVKEatzx6gdY3pc","c8U19Ys/hNm7pH020iF/9F","cd0nlV7HRBmJX9Gal/WY+V","5aSvC5lVNFJpeIv3ZuY6he","afBUFwipxNt46uOzb9ItzH","70XKAh1FtAcpatdMHI6vWg","bdgMrLd5lFXZGCg0P81iIw"],["value"],[["cc.AnimationClip",["_name","_duration","sample","wrapMode","curveData"],-1,11]],[[0,0,1,2,3,4,5]],[[0,"line5",1.7333333333333334,15,2,[{},"paths",11,[{},"payline_a_1",11,[{},"comps",11,[{},"cc.Sprite",11,[{},"spriteFrame",12,[[[{"frame":0},"value",6,0],[{"frame":0.06666666666666667},"value",6,1],[{"frame":0.13333333333333333},"value",6,2],[{"frame":0.2},"value",6,3],[{"frame":0.26666666666666666},"value",6,4],[{"frame":0.3333333333333333},"value",6,5],[{"frame":0.4},"value",6,6],[{"frame":0.4666666666666667},"value",6,7],[{"frame":0.5333333333333333},"value",6,8]],11,11,11,11,11,11,11,11,11]]]],"payline_b_1",11,[{},"comps",11,[{},"cc.Sprite",11,[{},"spriteFrame",12,[[[{"frame":0.13333333333333333},"value",6,9],[{"frame":0.2},"value",6,10],[{"frame":0.26666666666666666},"value",6,11],[{"frame":0.3333333333333333},"value",6,12],[{"frame":0.4},"value",6,13],[{"frame":0.4666666666666667},"value",6,14],[{"frame":0.5333333333333333},"value",6,15],[{"frame":0.6},"value",6,16],[{"frame":0.6666666666666666},"value",6,17],[{"frame":0.7333333333333333},"value",6,18]],11,11,11,11,11,11,11,11,11,11]]]],"payline_c_1",11,[{},"comps",11,[{},"cc.Sprite",11,[{},"spriteFrame",12,[[[{"frame":0.4666666666666667},"value",6,19],[{"frame":0.5333333333333333},"value",6,20],[{"frame":0.6},"value",6,21],[{"frame":0.6666666666666666},"value",6,22],[{"frame":0.7333333333333333},"value",6,23],[{"frame":0.8},"value",6,24],[{"frame":1.6666666666666667},"value",6,25]],11,11,11,11,11,11,11]]]]]]]],0,0,[0,0,0,0,0,0,0,0,0,0,0,0,0,0,0,0,0,0,0,0,0,0,0,0,0,0],[0,0,0,0,0,0,0,0,0,0,0,0,0,0,0,0,0,0,0,0,0,0,0,0,0,0],[1,2,3,4,5,6,7,8,9,10,11,12,13,14,15,16,17,18,19,20,21,22,23,24,0,0]]