[1,["e5ghc723JHPbUKquF0f55b"],["_textureSetter"],["cc.SpriteFrame"],0,[[[{"name":"bw_cc_a_normal","rect":[1,1,324,702],"offset":[0,0],"originalSize":[324,702],"capInsets":[0,0,0,0]}],[0],0,[0],[0],[0]],[[{"name":"bw_vfx_d","rect":[327,1,540,342],"offset":[0,0],"originalSize":[540,342],"rotated":1,"capInsets":[0,0,0,0]}],[0],0,[0],[0],[0]],[[{"name":"bw_vfx_e_normal","rect":[1,705,432,268],"offset":[0,2],"originalSize":[432,336],"capInsets":[0,0,0,0]}],[0],0,[0],[0],[0]],[[{"name":"bw_coin_02_normal","rect":[671,1,336,336],"offset":[-2,-1],"originalSize":[540,540],"capInsets":[0,0,0,0]}],[0],0,[0],[0],[0]],[[{"name":"bw_coin_01_normal","rect":[435,615,366,368],"offset":[-1,1],"originalSize":[540,540],"capInsets":[0,0,0,0]}],[0],0,[0],[0],[0]]]]