[1,["05cy415ZpIxr4ct4OLbrDR"],["_textureSetter"],["cc.SpriteFrame"],0,[[[{"name":"scatter_vfx_b_02","rect":[697,637,104,144],"offset":[4,-8],"originalSize":[250,250],"capInsets":[0,0,0,0]}],[0],0,[0],[0],[0]],[[{"name":"scatter_vfx_b_11","rect":[357,225,170,216],"offset":[0,-6],"originalSize":[250,250],"capInsets":[0,0,0,0]}],[0],0,[0],[0],[0]],[[{"name":"scatter_vfx_b_21","rect":[181,679,174,196],"offset":[-1,-6],"originalSize":[250,250],"capInsets":[0,0,0,0]}],[0],0,[0],[0],[0]],[[{"name":"scatter_vfx_b_05","rect":[697,317,146,180],"offset":[2,-6],"originalSize":[250,250],"rotated":1,"capInsets":[0,0,0,0]}],[0],0,[0],[0],[0]],[[{"name":"scatter_vfx_b_01","rect":[697,783,86,136],"offset":[1,-6],"originalSize":[250,250],"rotated":1,"capInsets":[0,0,0,0]}],[0],0,[0],[0],[0]],[[{"name":"scatter_vfx_b_09","rect":[355,453,164,208],"offset":[1,-6],"originalSize":[250,250],"capInsets":[0,0,0,0]}],[0],0,[0],[0],[0]],[[{"name":"scatter_vfx_b_04","rect":[685,465,134,170],"offset":[3,-6],"originalSize":[250,250],"capInsets":[0,0,0,0]}],[0],0,[0],[0],[0]],[[{"name":"scatter_vfx_b_03","rect":[721,193,122,156],"offset":[4,-8],"originalSize":[250,250],"rotated":1,"capInsets":[0,0,0,0]}],[0],0,[0],[0],[0]],[[{"name":"scatter_vfx_b_16","rect":[1,453,176,224],"offset":[-1,-8],"originalSize":[250,250],"capInsets":[0,0,0,0]}],[0],0,[0],[0],[0]],[[{"name":"scatter_vfx_b_14","rect":[185,1,180,222],"offset":[0,-8],"originalSize":[250,250],"capInsets":[0,0,0,0]}],[0],0,[0],[0],[0]],[[{"name":"scatter_vfx_b_08","rect":[357,663,166,204],"offset":[-1,-5],"originalSize":[250,250],"capInsets":[0,0,0,0]}],[0],0,[0],[0],[0]],[[{"name":"scatter_vfx_b_06","rect":[721,1,156,190],"offset":[1,-5],"originalSize":[250,250],"capInsets":[0,0,0,0]}],[0],0,[0],[0],[0]],[[{"name":"scatter_vfx_b_19","rect":[181,225,174,226],"offset":[0,-8],"originalSize":[250,250],"capInsets":[0,0,0,0]}],[0],0,[0],[0],[0]],[[{"name":"scatter_vfx_b_17","rect":[1,225,178,226],"offset":[3,-8],"originalSize":[250,250],"capInsets":[0,0,0,0]}],[0],0,[0],[0],[0]],[[{"name":"scatter_vfx_b_22","rect":[1,679,178,198],"offset":[0,-5],"originalSize":[250,250],"capInsets":[0,0,0,0]}],[0],0,[0],[0],[0]],[[{"name":"scatter_vfx_b_10","rect":[529,223,166,212],"offset":[-1,-6],"originalSize":[250,250],"capInsets":[0,0,0,0]}],[0],0,[0],[0],[0]],[[{"name":"scatter_vfx_b_20","rect":[525,663,170,196],"offset":[0,-6],"originalSize":[250,250],"capInsets":[0,0,0,0]}],[0],0,[0],[0],[0]],[[{"name":"scatter_vfx_b_12","rect":[545,1,174,220],"offset":[0,-6],"originalSize":[250,250],"capInsets":[0,0,0,0]}],[0],0,[0],[0],[0]],[[{"name":"scatter_vfx_b_07","rect":[521,465,162,196],"offset":[0,-5],"originalSize":[250,250],"capInsets":[0,0,0,0]}],[0],0,[0],[0],[0]],[[{"name":"scatter_vfx_b_00","rect":[803,637,58,120],"offset":[0,-8],"originalSize":[250,250],"capInsets":[0,0,0,0]}],[0],0,[0],[0],[0]],[[{"name":"scatter_vfx_b_18","rect":[179,453,174,224],"offset":[-1,-6],"originalSize":[250,250],"capInsets":[0,0,0,0]}],[0],0,[0],[0],[0]],[[{"name":"scatter_vfx_b_15","rect":[1,1,182,222],"offset":[0,-8],"originalSize":[250,250],"capInsets":[0,0,0,0]}],[0],0,[0],[0],[0]],[[{"name":"scatter_vfx_b_13","rect":[367,1,176,220],"offset":[0,-7],"originalSize":[250,250],"capInsets":[0,0,0,0]}],[0],0,[0],[0],[0]]]]