[1,["e5NUOnnttLW79XayCE1cev","76kqvKlAtI3ZSIAtO15KI+","9eHp8e8zxGh47EDZysx/wL","b5NM6r+KNDqLIbjc+q6601","63VaefRN5J0IRzvaS6hyTa","d9TvwbbptNyLIt+xGu6UZA","7aHrS8t4xI9Z0TUgxb59KL","41zzqbxvhJGZeX39Y7FY3A","43P66EfqtNqa6E8OTndNXG","60prV7KnlLeYu1Yb9KzcLd","34eMFd8ZlOMrlnPKlchmYA","6asoO+1UBMw6pFg4ctfINT","486HEzmB1H0JN102bx9TZj","4aedjn5bxC65SkODF7ua5f","92CY50zRNDnZedAMKrfTDQ","e3ksiIy5pIe5m0vn3YkBAy","9eRBtz86tAAbjk+gDy+LYB","8aDkeqmu9DhJz2hZlz0V91"],["value"],[["cc.AnimationClip",["_name","_duration","speed","wrapMode","curveData"],-1,11]],[[0,0,1,2,3,4,5]],[[0,"spin_sand",0.31666666666666665,0.5,0,[{},"comps",11,[{},"cc.Sprite",11,[{},"spriteFrame",12,[[[{"frame":0},"value",6,0],[{"frame":0.016666666666666666},"value",6,1],[{"frame":0.03333333333333333},"value",6,2],[{"frame":0.05},"value",6,3],[{"frame":0.06666666666666667},"value",6,4],[{"frame":0.08333333333333333},"value",6,5],[{"frame":0.1},"value",6,6],[{"frame":0.11666666666666667},"value",6,7],[{"frame":0.13333333333333333},"value",6,8],[{"frame":0.15},"value",6,9],[{"frame":0.16666666666666666},"value",6,10],[{"frame":0.18333333333333332},"value",6,11],[{"frame":0.2},"value",6,12],[{"frame":0.21666666666666667},"value",6,13],[{"frame":0.23333333333333334},"value",6,14],[{"frame":0.25},"value",6,15],[{"frame":0.26666666666666666},"value",6,16],[{"frame":0.2833333333333333},"value",6,17],[{"frame":0.3},"value",6,18]],11,11,11,11,11,11,11,11,11,11,11,11,11,11,11,11,11,11,11]]]]]],0,0,[0,0,0,0,0,0,0,0,0,0,0,0,0,0,0,0,0,0,0],[0,0,0,0,0,0,0,0,0,0,0,0,0,0,0,0,0,0,0],[0,0,1,2,3,4,5,6,7,8,9,10,11,12,13,14,15,16,17]]