[1,["41sOdBFztK+pz9yzxJ3JbV","b2fmrL6KdNpJUxGpvbt77h","b8fVfciUJJg5DrHzVSMgxX","84abSYCiVGIbtl+1LO4fAo","c3/i4KQa9Lwa/jF6M8buBE","5bRWdNbbVJ3owBiHGfavDU","67Zzu2blNBDY5Y1cWVdVnU","0aVP9rVCBMsJuo9d1Sjal1","8df6aEd1hNeq+MO7tuBhay","1cwNmaCWhLZaU51MFyPhK0","bfo4KGP25Jt5yu5hfn7NIv","96INN+4jdM8IeGEGPQFYkK","79Mo6R3qpCEZnOSKwV5Igt","f3pQkoGpxHX6IXH/bMAH4z","d3uke1MmRHSpmYzqOhFhgM","321w6cMpxP3KVVV55oeNWD","f8PcFd2WlAXZQ7riZAIElk","e6Tmtt515I44uOskGby3Si","4dpDZyBoxCqZwf08hmdxlb","65SijY06pN2Yf7rpZobOjJ","af/AA69BVFk5gxJJVWC1LE","6cNl7AJLlK+pLiuTEoscWb","c3BT27K+BEmKc776jcJ9z0","e1kpZONlBB74/tOZuCSEBS","8d75BfEoxIaZAij5PWR9X1","dcIibkY/9OfbHAKMNv7JzL","bb9fFXuYBE9q7bV6DQPZs+","b2HAdRhCtF6YD7nXISQaWc","f0+DLAu5RFFbj3Ax5MB1sP","eeOtrkuitBVaAn0aeXyAvH","e167125Q9Pua+557sXbfHl","daW/L3i9xAZbox4VDRwz5o","591GNinvNELK6Wm5TKKzrD","b2/p4lX29EWJ2FiOilEUvt","25Ts1rzk5OapK54O7VI2nJ","1erp3AGsRFppmphbWj8LV7","c3OJtox2tJ3pvd2zACL9Qh","60TbU4uB9DIqdIHr5iwtyk","f08KnFlQRDcpXBvKZHj/Vl","8cEsC/bWxAEJxKV80iERUF","76VAAuBVNJub4jhd93ZeGi","0elUHOf+NHSrTpi/cNC3IP","7fIiy4xhhEbYjucj+2sa7q","b8XXYvZFtKKrCDkMDl0BIq","ceP7hlWT5M+YcWu4GwUJni","dcxMQvV0xADbnOomLDZOip","f6sr2/Hk1DTJbC4PNT4Gjf","57SpduFFRCRLF+IW6PeBgL","b67hrsb1ZJRKrMJKAtV/5x","15JB6tUDNEApvOOtNmPVAt","a3dTzSB61EU5SEsVup3Vv0","baXuk+As5IApFAcgZB4uTh","61mczyX3RJP4hn5xrxlphL","adwWI4PxdFw4ftNcPy2G7D","d7pYp59HJO3YV/aXb5SU/a","c38GVic8RGn4jTRrExAHAH","faHLMI4khEUpgf5lxefRSP","a6OQ895ylNk7AfyuoiwRI3","farF9JgEdPqKYKwy9vC7Gu","b7B6I9V2hJAoIyzYqkzpzD","c6QB+GWkpJLY3aEm5O48TH","17PCRAefBKxrQ7bN0jlvDI","a1V6FSdqlEp4CUeTvW7RT9","acusaNpblMIZ8TflF+wHnl","4ba5yuyEhPmKNjqvtoFxn8","76CU8Wjq1LUJH/xVzz6bVb","fefBA1CDRK35QwZbsgFMzq","9cTGag6TFK6bgg3xDuLmif","e9UUxtAAdEIrAQkM7EJpRo","c3BW3ZtYpM1avPzMyNJhnL","9b1nITCk1BPLfTb07OtRp+","1abJl8dehPc6BL1Rg5Tt3q","86b9zscAhJS5vAeuhEArbq","ddeBsUHZ9OL45Uwnl3UDKf","4c0pb7I99No7A4KR1rIRXy","11kFj5gQNKZrBR/hX9rorn","6f6h1G4dhIX5YqwMo5DcDw","db3AowRTlF54wMH/sSXg4g","212EziFlBE2Z6COdOXCOzy","aaZUeKN8ZFb69fnWEmOMIN","7eL/+dx21HJZDC0qZL7PSI","29yION6T1EUYIidjvsVbbA","68KB4/2NBAWo2cljHeN3xh","88yVpF1A1M9pXctETw95Wu","62uyzSxDFP2qlII2O0FjlO","beRKFAsYZHdqEzAA9v/CMm","83CnuqD0RGWLfGI0PL1HQe","affSNbxvtGAYNbbbQRqqFX","6berSWu6lPYZO++lc4zm20","3fkAaIJ55HUqfgPSRXCri7","2dD/7E+PhK95FHEED/VM0r","59cWICFndHWKJjoXVcBvsx","a2TeZHY2BERI9iry8iRB92","10cgu+//tGTL8PHP0CJ0hK","85IjIrT5hCB4hlPWRQ64M6","176mVLZmVNhK6xBKetDMlY","91xSJc2S1ExKa192W8Yxwx","ccv2SKJw1DxqpsNSE1vnH/","10+mNtjn1BoJs7AMjiwH6o","99ZvwnpXlBX4qD5NgpbKR9","c6C/n0y5REZYtrYe9pnd1R","4cxFgjBJZG87VrnfEuHL2m","c3td+PvwlLzZ/i71jZRquo","7aGrrpE4JNtb5VqD4nucVh","7a9nfs0DFK4ZGrHD29myAf","0bdlgyThJK2YWRSfBmkNaI","caxYV5BgZAaaJjW1myx6ko","f2wPBzteNGmatL7MfBV2Ib","68O+viy39Lp7wuIb8cneS3","e6NoKjBv5Lbp0hPxKlY4Ak","6bUXD+AyVArbK/YJbw5btJ","79gigJ1GdBm6Cr1Ggc/r0B","9b7hwh4VVOD650ao5xUFuN","9aW4vMDjtIEKHn87vzis4L","11FnqbE8hFx5wsYxt6i+Gk","6eHZBlYdJOPrXGgGXHuzPA","3eWcfT17BCMoCIn4wLKACq","ceEemdbHdKf6pTpnE7uZmh","26ZKxRc2lFiIoxzIRJd6Og","58Ej7h6mpGzK3P7IzHGnyi","685yuIMjVCTb+H8rlJeS1t","191azDk/tI+KHEpbZJUeB6","cdTPospYlEEKCFWAHDQYT6","2ehSDDddVJaJmhpmZMT0VA","d0Ma4pTclNZ4Ca4bYdXVvp","00DxlSJRFCrJ9KjNRdupn0","91WtAXZu9DKpO1CLBMbRnO","cd2YPJlN1G9av25dxnYhEV","f3UTMH1ztHTZ95oAR+uHSf","afsJ6k+IJOU6JmgRyXOaYu"],["value","_textureSetter"],["cc.SpriteFrame",["cc.AnimationClip",["_name","_duration","sample","curveData"],0,11]],[[1,0,1,2,3,4]],[[[{"name":"bw_vfx_m_add_07","rect":[0,0,378,410],"offset":[0,0],"originalSize":[378,410],"capInsets":[0,0,0,0]}],[0],0,[0],[1],[53]],[[{"name":"bl_vfx_i_add_04","rect":[0,0,400,133],"offset":[0,0],"originalSize":[400,133],"capInsets":[0,0,0,0]}],[0],0,[0],[1],[54]],[[{"name":"bl_vfx_i_add_12","rect":[0,0,400,133],"offset":[0,0],"originalSize":[400,133],"capInsets":[0,0,0,0]}],[0],0,[0],[1],[55]],[[{"name":"bl_vfx_c_add_01","rect":[0,0,432,496],"offset":[0,0],"originalSize":[432,496],"capInsets":[0,0,0,0]}],[0],0,[0],[1],[56]],[[{"name":"bl_vfx_c_add_11","rect":[0,0,432,496],"offset":[0,0],"originalSize":[432,496],"capInsets":[0,0,0,0]}],[0],0,[0],[1],[57]],[[{"name":"bw_vfx_m_add_09","rect":[0,0,378,410],"offset":[0,0],"originalSize":[378,410],"capInsets":[0,0,0,0]}],[0],0,[0],[1],[58]],[[{"name":"bl_vfx_e_add_02_13","rect":[0,0,372,476],"offset":[0,0],"originalSize":[372,476],"capInsets":[0,0,0,0]}],[0],0,[0],[1],[59]],[[[0,"ShowFS",4.1,20,[{"props":{"opacity":[{"frame":0,"value":255},{"frame":3.55,"value":255},{"frame":4.05,"value":0}]}},"paths",11,[{"NgoKhong":{"props":{"position":[{"frame":0,"value":[-866.063,-817.575,0]},{"frame":0.4,"value":[-187.318,17.029,0]},{"frame":0.75,"value":[-187.318,34.677,0]},{"frame":1.1,"value":[-187.318,17.029,0]},{"frame":1.45,"value":[-187.318,34.677,0]},{"frame":1.85,"value":[-187.318,17.029,0]},{"frame":2.2,"value":[-187.318,34.677,0]},{"frame":2.65,"value":[-187.318,17.029,0]},{"frame":2.85,"curve":"linear","value":[-187.318,34.677,0]},{"frame":3.65,"value":[1432.292,34.677,0]}]}},"bl_vfx_a_normal":{"props":{"opacity":[{"frame":0,"value":0},{"frame":0.5,"value":0},{"frame":0.65,"value":255},{"frame":3.2,"value":255},{"frame":3.55,"value":0}]}},"nen1":{"props":{"opacity":[{"frame":0,"value":0},{"frame":0.4,"value":0},{"frame":0.6,"value":255},{"frame":3,"value":255},{"frame":3.2,"value":0}]}},"bkg2":{"props":{"opacity":[{"frame":0,"value":0},{"frame":0.4,"value":0},{"frame":0.6,"value":255},{"frame":0.8,"value":255},{"frame":0.95,"value":0}]}},"bl_vfx_f_normal":{"props":{"opacity":[{"frame":0,"value":0},{"frame":0.45,"value":0},{"frame":0.85,"value":255},{"frame":3,"value":255},{"frame":3.2,"value":0}]}}},"chem1",11,[{},"comps",11,[{},"cc.Sprite",11,[{},"spriteFrame",12,[[[{"frame":0},"value",6,0],[{"frame":0.05},"value",6,1],[{"frame":0.1},"value",6,2],[{"frame":0.15},"value",6,3],[{"frame":0.2},"value",6,4],[{"frame":0.25},"value",6,5],[{"frame":0.3},"value",6,6],[{"frame":0.35},"value",6,7],[{"frame":0.4},"value",6,8],[{"frame":0.45},"value",6,9],[{"frame":0.5},"value",6,10],[{"frame":0.55},"value",6,11],[{"frame":0.6},"value",6,12],[{"frame":0.65},"value",6,13],[{"frame":0.9},"value",6,14]],11,11,11,11,11,11,11,11,11,11,11,11,11,11,11]]]],"chem2",11,[{},"comps",11,[{},"cc.Sprite",11,[{},"spriteFrame",12,[[{"frame":0,"value":null},[{"frame":0.2},"value",6,15],[{"frame":0.25},"value",6,16],[{"frame":0.3},"value",6,17],[{"frame":0.35},"value",6,18],[{"frame":0.4},"value",6,19],[{"frame":0.45},"value",6,20],[{"frame":0.5},"value",6,21],[{"frame":0.55},"value",6,22],[{"frame":0.6},"value",6,23],[{"frame":0.65},"value",6,24],[{"frame":0.7},"value",6,25],[{"frame":0.75},"value",6,26],[{"frame":0.8},"value",6,27],[{"frame":0.85},"value",6,28]],0,11,11,11,11,11,11,11,11,11,11,11,11,11,11]]]],"scale1",11,[{},"props",11,[{"opacity":[{"frame":0.4,"value":255},{"frame":0.55,"value":255},{"frame":0.65,"value":0}]},"scale",12,[[[{"frame":0},"value",8,[0,0,0]],[{"frame":0.4},"value",8,[0,0,0]],[{"frame":0.65},"value",8,[0,8,8]]],11,11,11]]],"bw_vfx_m_add_00",11,[{},"comps",11,[{},"cc.Sprite",11,[{},"spriteFrame",12,[[{"frame":0,"value":null},[{"frame":0.45},"value",6,29],[{"frame":0.5},"value",6,30],[{"frame":0.55},"value",6,31],[{"frame":0.6},"value",6,32],[{"frame":0.65},"value",6,33],[{"frame":0.7},"value",6,34],[{"frame":0.75},"value",6,35],[{"frame":0.8},"value",6,36],[{"frame":0.85},"value",6,37],[{"frame":0.9},"value",6,38],[{"frame":0.95},"value",6,39],[{"frame":1},"value",6,40],[{"frame":1.05},"value",6,41],[{"frame":1.1},"value",6,42],[{"frame":1.15},"value",6,43],[{"frame":1.2},"value",6,44],[{"frame":1.25},"value",6,45],[{"frame":1.3},"value",6,46],[{"frame":1.35},"value",6,47],[{"frame":1.4},"value",6,48],[{"frame":1.45},"value",6,49],{"frame":1.5,"value":null},[{"frame":1.55},"value",6,50],[{"frame":1.6},"value",6,51],[{"frame":1.65},"value",6,52],[{"frame":1.7},"value",6,53],[{"frame":1.75},"value",6,54],[{"frame":1.8},"value",6,55],[{"frame":1.85},"value",6,56],[{"frame":1.9},"value",6,57],[{"frame":1.95},"value",6,58],[{"frame":2},"value",6,59],[{"frame":2.05},"value",6,60],[{"frame":2.1},"value",6,61],[{"frame":2.15},"value",6,62],[{"frame":2.2},"value",6,63],[{"frame":2.25},"value",6,64],[{"frame":2.3},"value",6,65],[{"frame":2.35},"value",6,66],[{"frame":2.4},"value",6,67],[{"frame":2.45},"value",6,68],[{"frame":2.5},"value",6,69],[{"frame":2.55},"value",6,70],{"frame":2.6,"value":null}],0,11,11,11,11,11,11,11,11,11,11,11,11,11,11,11,11,11,11,11,11,11,0,11,11,11,11,11,11,11,11,11,11,11,11,11,11,11,11,11,11,11,11,11,0]]]],"bw_vfx_m_add_00 copy",11,[{},"comps",11,[{},"cc.Sprite",11,[{},"spriteFrame",12,[[{"frame":0,"value":null},[{"frame":0.45},"value",6,71],[{"frame":0.5},"value",6,72],[{"frame":0.55},"value",6,73],[{"frame":0.6},"value",6,74],[{"frame":0.65},"value",6,75],[{"frame":0.7},"value",6,76],[{"frame":0.75},"value",6,77],[{"frame":0.8},"value",6,78],[{"frame":0.85},"value",6,79],[{"frame":0.9},"value",6,80],[{"frame":0.95},"value",6,81],[{"frame":1},"value",6,82],[{"frame":1.05},"value",6,83],[{"frame":1.1},"value",6,84],[{"frame":1.15},"value",6,85],[{"frame":1.2},"value",6,86],[{"frame":1.25},"value",6,87],[{"frame":1.3},"value",6,88],[{"frame":1.35},"value",6,89],[{"frame":1.4},"value",6,90],[{"frame":1.45},"value",6,91],{"frame":1.5,"value":null},[{"frame":1.55},"value",6,92],[{"frame":1.6},"value",6,93],[{"frame":1.65},"value",6,94],[{"frame":1.7},"value",6,95],[{"frame":1.75},"value",6,96],[{"frame":1.8},"value",6,97],[{"frame":1.85},"value",6,98],[{"frame":1.9},"value",6,99],[{"frame":1.95},"value",6,100],[{"frame":2},"value",6,101],[{"frame":2.05},"value",6,102],[{"frame":2.1},"value",6,103],[{"frame":2.15},"value",6,104],[{"frame":2.2},"value",6,105],[{"frame":2.25},"value",6,106],[{"frame":2.3},"value",6,107],[{"frame":2.35},"value",6,108],[{"frame":2.4},"value",6,109],[{"frame":2.45},"value",6,110],[{"frame":2.5},"value",6,111],[{"frame":2.55},"value",6,112],{"frame":2.6,"value":null}],0,11,11,11,11,11,11,11,11,11,11,11,11,11,11,11,11,11,11,11,11,11,0,11,11,11,11,11,11,11,11,11,11,11,11,11,11,11,11,11,11,11,11,11,0]]]],"title1",11,[{},"props",11,[{"opacity":[{"frame":3,"value":255},{"frame":3.2,"value":0}]},"scale",12,[[[{"frame":0},"value",8,[0,0,0]],[{"frame":0.45,"curve":[0.18,0.89,0.31,1.21]},"value",8,[0,0,0]],[{"frame":0.85},"value",8,[0,1,1]]],11,11,11]]],"bl_vfx_e_add_02_00",11,[{"props":{"opacity":[{"frame":0,"value":255},{"frame":2.8,"value":255},{"frame":3.05,"value":0}]}},"comps",11,[{},"cc.Sprite",11,[{},"spriteFrame",12,[[{"frame":0,"value":null},[{"frame":0.45},"value",6,113],[{"frame":0.5},"value",6,114],[{"frame":0.55},"value",6,115],[{"frame":0.6},"value",6,116],[{"frame":0.65},"value",6,117],[{"frame":0.7},"value",6,118],[{"frame":0.75},"value",6,119],[{"frame":0.8},"value",6,120],[{"frame":0.85},"value",6,121],[{"frame":0.9},"value",6,122],[{"frame":0.95},"value",6,123],[{"frame":1},"value",6,124],[{"frame":1.05},"value",6,125],[{"frame":1.1},"value",6,126],[{"frame":1.15},"value",6,127],[{"frame":1.2},"value",6,128],[{"frame":1.25},"value",6,129],[{"frame":1.3},"value",6,130],[{"frame":1.35},"value",6,131],[{"frame":1.4},"value",6,132],[{"frame":1.45},"value",6,133],[{"frame":1.5},"value",6,134],[{"frame":1.55},"value",6,135],[{"frame":1.6},"value",6,136],[{"frame":1.65},"value",6,137],[{"frame":1.7},"value",6,138],[{"frame":1.75},"value",6,139],[{"frame":1.8},"value",6,140],[{"frame":1.85},"value",6,141],[{"frame":1.9},"value",6,142],[{"frame":1.95},"value",6,143],[{"frame":2},"value",6,144],[{"frame":2.05},"value",6,145],[{"frame":2.1},"value",6,146],[{"frame":2.15},"value",6,147],[{"frame":2.2},"value",6,148],[{"frame":2.25},"value",6,149],[{"frame":2.3},"value",6,150],[{"frame":2.35},"value",6,151],[{"frame":2.4},"value",6,152],[{"frame":2.45},"value",6,153],[{"frame":2.5},"value",6,154],[{"frame":2.55},"value",6,155],[{"frame":2.6},"value",6,156],[{"frame":2.65},"value",6,157],[{"frame":2.7},"value",6,158],[{"frame":2.75},"value",6,159],[{"frame":2.8},"value",6,160],[{"frame":2.85},"value",6,161],[{"frame":2.9},"value",6,162],[{"frame":2.95},"value",6,163],[{"frame":3},"value",6,164],{"frame":3.05,"value":null}],0,11,11,11,11,11,11,11,11,11,11,11,11,11,11,11,11,11,11,11,11,11,11,11,11,11,11,11,11,11,11,11,11,11,11,11,11,11,11,11,11,11,11,11,11,11,11,11,11,11,11,11,11,0]]]],"NgoKhong2",11,[{},"props",11,[{"position":[{"frame":3.1,"value":[631,-7],"motionPath":[]},{"frame":4.1,"value":[-62,270],"motionPath":[]}]},"scale",12,[[[{"frame":3.35},"value",8,[0,5,5]],[{"frame":4.1},"value",8,[0,0,0]]],11,11]]],"bl_vfx_c_add_00",11,[{},"comps",11,[{},"cc.Sprite",11,[{},"spriteFrame",12,[[{"frame":0,"value":null},[{"frame":3.2},"value",6,165],[{"frame":3.25},"value",6,166],[{"frame":3.3},"value",6,167],[{"frame":3.35},"value",6,168],[{"frame":3.4},"value",6,169],[{"frame":3.45},"value",6,170],[{"frame":3.5},"value",6,171],[{"frame":3.55},"value",6,172],[{"frame":3.6},"value",6,173],[{"frame":3.65},"value",6,174],[{"frame":3.7},"value",6,175],[{"frame":3.75},"value",6,176]],0,11,11,11,11,11,11,11,11,11,11,11,11]]]]]]]],0,0,[0,0,0,0,0,0,0,0,0,0,0,0,0,0,0,0,0,0,0,0,0,0,0,0,0,0,0,0,0,0,0,0,0,0,0,0,0,0,0,0,0,0,0,0,0,0,0,0,0,0,0,0,0,0,0,0,0,0,0,0,0,0,0,0,0,0,0,0,0,0,0,0,0,0,0,0,0,0,0,0,0,0,0,0,0,0,0,0,0,0,0,0,0,0,0,0,0,0,0,0,0,0,0,0,0,0,0,0,0,0,0,0,0,0,0,0,0,0,0,0,0,0,0,0,0,0,0,0,0,0,0,0,0,0,0,0,0,0,0,0,0,0,0,0,0,0,0,0,0,0,0,0,0,0,0,0,0,0,0,0,0,0,0,0,0,0,0,0,0,0,0,0,0,0,0,0,0],[0,0,0,0,0,0,0,0,0,0,0,0,0,0,0,0,0,0,0,0,0,0,0,0,0,0,0,0,0,0,0,0,0,0,0,0,0,0,0,0,0,0,0,0,0,0,0,0,0,0,0,0,0,0,0,0,0,0,0,0,0,0,0,0,0,0,0,0,0,0,0,0,0,0,0,0,0,0,0,0,0,0,0,0,0,0,0,0,0,0,0,0,0,0,0,0,0,0,0,0,0,0,0,0,0,0,0,0,0,0,0,0,0,0,0,0,0,0,0,0,0,0,0,0,0,0,0,0,0,0,0,0,0,0,0,0,0,0,0,0,0,0,0,0,0,0,0,0,0,0,0,0,0,0,0,0,0,0,0,0,0,0,0,0,0,0,0,0,0,0,0,0,0,0,0,0,0],[21,38,39,40,41,42,43,44,45,46,47,48,49,50,21,21,38,39,40,41,42,43,44,45,46,47,48,49,50,0,1,2,3,4,5,6,7,8,9,10,11,12,13,14,15,16,17,18,19,20,0,1,2,3,4,5,6,7,8,9,10,11,12,13,14,15,16,17,18,19,20,0,1,2,3,4,5,6,7,8,9,10,11,12,13,14,15,16,17,18,19,20,0,1,2,3,4,5,6,7,8,9,10,11,12,13,14,15,16,17,18,19,20,22,23,24,25,26,27,28,29,30,31,32,33,34,35,36,37,51,52,22,23,24,25,26,27,28,29,30,31,32,33,34,35,36,37,51,52,22,23,24,25,26,27,28,29,30,31,32,33,34,35,36,37,60,61,62,63,64,65,66,67,68,69,70,71]],[[{"name":"bl_vfx_e_add_02_12","rect":[0,0,372,476],"offset":[0,0],"originalSize":[372,476],"capInsets":[0,0,0,0]}],[0],0,[0],[1],[72]],[[{"name":"bw_vfx_m_add_15","rect":[0,0,378,410],"offset":[0,0],"originalSize":[378,410],"capInsets":[0,0,0,0]}],[0],0,[0],[1],[73]],[[{"name":"bw_vfx_m_add_00","rect":[0,0,378,410],"offset":[0,0],"originalSize":[378,410],"capInsets":[0,0,0,0]}],[0],0,[0],[1],[74]],[[{"name":"bl_vfx_c_add_04","rect":[0,0,432,496],"offset":[0,0],"originalSize":[432,496],"capInsets":[0,0,0,0]}],[0],0,[0],[1],[75]],[[{"name":"bw_vfx_m_add_18","rect":[0,0,378,410],"offset":[0,0],"originalSize":[378,410],"capInsets":[0,0,0,0]}],[0],0,[0],[1],[76]],[[{"name":"bl_vfx_i_add_10","rect":[0,0,400,133],"offset":[0,0],"originalSize":[400,133],"capInsets":[0,0,0,0]}],[0],0,[0],[1],[77]],[[{"name":"bl_vfx_e_add_02_10","rect":[0,0,372,476],"offset":[0,0],"originalSize":[372,476],"capInsets":[0,0,0,0]}],[0],0,[0],[1],[78]],[[{"name":"bw_vfx_m_add_05","rect":[0,0,378,410],"offset":[0,0],"originalSize":[378,410],"capInsets":[0,0,0,0]}],[0],0,[0],[1],[79]],[[{"name":"bl_vfx_e_add_02_15","rect":[0,0,372,476],"offset":[0,0],"originalSize":[372,476],"capInsets":[0,0,0,0]}],[0],0,[0],[1],[80]],[[{"name":"bl_vfx_e_add_02_17","rect":[0,0,372,476],"offset":[0,0],"originalSize":[372,476],"capInsets":[0,0,0,0]}],[0],0,[0],[1],[81]],[[{"name":"bw_vfx_m_add_19","rect":[0,0,378,410],"offset":[0,0],"originalSize":[378,410],"capInsets":[0,0,0,0]}],[0],0,[0],[1],[82]],[[{"name":"bw_vfx_m_add_06","rect":[0,0,378,410],"offset":[0,0],"originalSize":[378,410],"capInsets":[0,0,0,0]}],[0],0,[0],[1],[83]],[[{"name":"bl_vfx_i_add_00","rect":[0,0,400,133],"offset":[0,0],"originalSize":[400,133],"capInsets":[0,0,0,0]}],[0],0,[0],[1],[84]],[[{"name":"bl_vfx_c_add_05","rect":[0,0,432,496],"offset":[0,0],"originalSize":[432,496],"capInsets":[0,0,0,0]}],[0],0,[0],[1],[85]],[[{"name":"bl_vfx_i_add_03","rect":[0,0,400,133],"offset":[0,0],"originalSize":[400,133],"capInsets":[0,0,0,0]}],[0],0,[0],[1],[86]],[[{"name":"bw_vfx_m_add_12","rect":[0,0,378,410],"offset":[0,0],"originalSize":[378,410],"capInsets":[0,0,0,0]}],[0],0,[0],[1],[87]],[[{"name":"bl_vfx_i_add_05","rect":[0,0,400,133],"offset":[0,0],"originalSize":[400,133],"capInsets":[0,0,0,0]}],[0],0,[0],[1],[88]],[[{"name":"bw_vfx_m_add_03","rect":[0,0,378,410],"offset":[0,0],"originalSize":[378,410],"capInsets":[0,0,0,0]}],[0],0,[0],[1],[89]],[[{"name":"bl_vfx_i_add_02","rect":[0,0,400,133],"offset":[0,0],"originalSize":[400,133],"capInsets":[0,0,0,0]}],[0],0,[0],[1],[90]],[[{"name":"bw_vfx_m_add_08","rect":[0,0,378,410],"offset":[0,0],"originalSize":[378,410],"capInsets":[0,0,0,0]}],[0],0,[0],[1],[91]],[[{"name":"bl_vfx_e_add_02_02","rect":[0,0,372,476],"offset":[0,0],"originalSize":[372,476],"capInsets":[0,0,0,0]}],[0],0,[0],[1],[92]],[[{"name":"bw_vfx_m_add_11","rect":[0,0,378,410],"offset":[0,0],"originalSize":[378,410],"capInsets":[0,0,0,0]}],[0],0,[0],[1],[93]],[[{"name":"bl_vfx_c_add_10","rect":[0,0,432,496],"offset":[0,0],"originalSize":[432,496],"capInsets":[0,0,0,0]}],[0],0,[0],[1],[94]],[[{"name":"bl_vfx_c_add_07","rect":[0,0,432,496],"offset":[0,0],"originalSize":[432,496],"capInsets":[0,0,0,0]}],[0],0,[0],[1],[95]],[[{"name":"bl_vfx_c_add_02","rect":[0,0,432,496],"offset":[0,0],"originalSize":[432,496],"capInsets":[0,0,0,0]}],[0],0,[0],[1],[96]],[[{"name":"bl_vfx_i_add_13","rect":[0,0,400,133],"offset":[0,0],"originalSize":[400,133],"capInsets":[0,0,0,0]}],[0],0,[0],[1],[97]],[[{"name":"bl_vfx_c_add_03","rect":[0,0,432,496],"offset":[0,0],"originalSize":[432,496],"capInsets":[0,0,0,0]}],[0],0,[0],[1],[98]],[[{"name":"bw_vfx_m_add_20","rect":[0,0,378,410],"offset":[0,0],"originalSize":[378,410],"capInsets":[0,0,0,0]}],[0],0,[0],[1],[99]],[[{"name":"bl_vfx_e_add_02_05","rect":[0,0,372,476],"offset":[0,0],"originalSize":[372,476],"capInsets":[0,0,0,0]}],[0],0,[0],[1],[100]],[[{"name":"bw_vfx_m_add_01","rect":[0,0,378,410],"offset":[0,0],"originalSize":[378,410],"capInsets":[0,0,0,0]}],[0],0,[0],[1],[101]],[[{"name":"bl_vfx_e_add_02_11","rect":[0,0,372,476],"offset":[0,0],"originalSize":[372,476],"capInsets":[0,0,0,0]}],[0],0,[0],[1],[102]],[[{"name":"bl_vfx_i_add_11","rect":[0,0,400,133],"offset":[0,0],"originalSize":[400,133],"capInsets":[0,0,0,0]}],[0],0,[0],[1],[103]],[[{"name":"bl_vfx_i_add_06","rect":[0,0,400,133],"offset":[0,0],"originalSize":[400,133],"capInsets":[0,0,0,0]}],[0],0,[0],[1],[104]],[[{"name":"bw_vfx_m_add_02","rect":[0,0,378,410],"offset":[0,0],"originalSize":[378,410],"capInsets":[0,0,0,0]}],[0],0,[0],[1],[105]],[[{"name":"bl_vfx_e_add_02_16","rect":[0,0,372,476],"offset":[0,0],"originalSize":[372,476],"capInsets":[0,0,0,0]}],[0],0,[0],[1],[106]],[[{"name":"bl_vfx_e_add_02_04","rect":[0,0,372,476],"offset":[0,0],"originalSize":[372,476],"capInsets":[0,0,0,0]}],[0],0,[0],[1],[107]],[[{"name":"bw_vfx_m_add_10","rect":[0,0,378,410],"offset":[0,0],"originalSize":[378,410],"capInsets":[0,0,0,0]}],[0],0,[0],[1],[108]],[[{"name":"bl_vfx_e_add_02_00","rect":[0,0,372,476],"offset":[0,0],"originalSize":[372,476],"capInsets":[0,0,0,0]}],[0],0,[0],[1],[109]],[[{"name":"bl_vfx_c_add_09","rect":[0,0,432,496],"offset":[0,0],"originalSize":[432,496],"capInsets":[0,0,0,0]}],[0],0,[0],[1],[110]],[[{"name":"bl_vfx_e_add_02_14","rect":[0,0,372,476],"offset":[0,0],"originalSize":[372,476],"capInsets":[0,0,0,0]}],[0],0,[0],[1],[111]],[[{"name":"bw_vfx_m_add_04","rect":[0,0,378,410],"offset":[0,0],"originalSize":[378,410],"capInsets":[0,0,0,0]}],[0],0,[0],[1],[112]],[[{"name":"bl_vfx_c_add_00","rect":[0,0,432,496],"offset":[0,0],"originalSize":[432,496],"capInsets":[0,0,0,0]}],[0],0,[0],[1],[113]],[[{"name":"bl_vfx_i_add_07","rect":[0,0,400,133],"offset":[0,0],"originalSize":[400,133],"capInsets":[0,0,0,0]}],[0],0,[0],[1],[114]],[[{"name":"bw_vfx_m_add_14","rect":[0,0,378,410],"offset":[0,0],"originalSize":[378,410],"capInsets":[0,0,0,0]}],[0],0,[0],[1],[115]],[[{"name":"bl_vfx_e_add_02_09","rect":[0,0,372,476],"offset":[0,0],"originalSize":[372,476],"capInsets":[0,0,0,0]}],[0],0,[0],[1],[116]],[[{"name":"bl_vfx_e_add_02_03","rect":[0,0,372,476],"offset":[0,0],"originalSize":[372,476],"capInsets":[0,0,0,0]}],[0],0,[0],[1],[117]],[[{"name":"bl_vfx_i_add_08","rect":[0,0,400,133],"offset":[0,0],"originalSize":[400,133],"capInsets":[0,0,0,0]}],[0],0,[0],[1],[118]],[[{"name":"bl_vfx_e_add_02_01","rect":[0,0,372,476],"offset":[0,0],"originalSize":[372,476],"capInsets":[0,0,0,0]}],[0],0,[0],[1],[119]],[[{"name":"bl_vfx_e_add_02_08","rect":[0,0,372,476],"offset":[0,0],"originalSize":[372,476],"capInsets":[0,0,0,0]}],[0],0,[0],[1],[120]],[[{"name":"bw_vfx_m_add_17","rect":[0,0,378,410],"offset":[0,0],"originalSize":[378,410],"capInsets":[0,0,0,0]}],[0],0,[0],[1],[121]],[[{"name":"bl_vfx_c_add_08","rect":[0,0,432,496],"offset":[0,0],"originalSize":[432,496],"capInsets":[0,0,0,0]}],[0],0,[0],[1],[122]],[[{"name":"bl_vfx_e_add_02_07","rect":[0,0,372,476],"offset":[0,0],"originalSize":[372,476],"capInsets":[0,0,0,0]}],[0],0,[0],[1],[123]],[[{"name":"bl_vfx_i_add_01","rect":[0,0,400,133],"offset":[0,0],"originalSize":[400,133],"capInsets":[0,0,0,0]}],[0],0,[0],[1],[124]],[[{"name":"bl_vfx_e_add_02_06","rect":[0,0,372,476],"offset":[0,0],"originalSize":[372,476],"capInsets":[0,0,0,0]}],[0],0,[0],[1],[125]],[[{"name":"bw_vfx_m_add_13","rect":[0,0,378,410],"offset":[0,0],"originalSize":[378,410],"capInsets":[0,0,0,0]}],[0],0,[0],[1],[126]],[[{"name":"bl_vfx_i_add_09","rect":[0,0,400,133],"offset":[0,0],"originalSize":[400,133],"capInsets":[0,0,0,0]}],[0],0,[0],[1],[127]],[[{"name":"bw_vfx_m_add_16","rect":[0,0,378,410],"offset":[0,0],"originalSize":[378,410],"capInsets":[0,0,0,0]}],[0],0,[0],[1],[128]],[[{"name":"bl_vfx_c_add_06","rect":[0,0,432,496],"offset":[0,0],"originalSize":[432,496],"capInsets":[0,0,0,0]}],[0],0,[0],[1],[129]]]]