[1,["86ypAj3/tP5r7e2cM+izxf","1c2RZw7GBK14WFvCUjdoFx","11xb+8Im1GlpTCUFCF5ex0","79+C6onmpOYZSSRDUS7tIM","9aBJU2vGRJqoolC2nLXhiU","94ebY8MylGo4GZXhkhxB7L","5bgRlABbVClIRuHDiiPvPg","22SfCXMMxByrxYWW4vbEnb","88ylhzZRBMJ5uVllMEt/dn","c3/ItsKHZN97TA7XJo20Y+","c4EZ2HXOVAH6gpSRRnAvIm","29Mv3/EldGLJyWgbnxeOuY","37yVrWogBNn4EiA9Sskl1M","34CZ8cDE9J07794E58Tnib","0afH/6p5VPbbRxMFr7DdYr","bcvrPMX+lD9YhpOgFdC3/w","52Rdrxo79GE4+Q8b47zV9t","e4qJ5NbDZKP5pil76f+JC4","88PU18b8RBmaI6agHgBlIm","60okD44aFJI6xRQJBXL5kL","c9qbK9t9dA7YTIXw1Tmv+L","6ctUxJd9BEUpA4P7v5zkSm","f3FNHL6Z1CZ6u1ANGDtNV7","26I4v9UE5AIpofDAxB70qA","8f8RSnviZNAbE0NYptw1jv","4aiJh4hJpPM4CGX3EB0RuX","061dJV4tFOyZIx7h/uzQZr","fbV/ArVqFOTIhec1G+/LAr","36G75fWx1G25+X9WRABqNX","8azU1SRNhPkqEZhVrpQxup","d1KDPzG5pA45D+MX6RNeuu","efafqPPvFBuJmzoSwz4wGj","f1geiVtThCsLrQcSzB5Ond","31eWKomoJBz6UX8CkTCwN6","91Xw20oJlNJpv8Z0XW/Ee2","18mS0x3dVCML1GZj7hdiLm"],["_textureSetter","value"],["cc.SpriteFrame",["cc.AnimationClip",["_name","_duration","sample","curveData"],0,11]],[[1,0,1,2,3,4]],[[[{"name":"ui_vfx_b_add_09","rect":[0,0,216,202],"offset":[0,0],"originalSize":[216,202],"capInsets":[0,0,0,0]}],[0],0,[0],[0],[0]],[[{"name":"ui_vfx_b_add_06","rect":[0,0,216,202],"offset":[0,0],"originalSize":[216,202],"capInsets":[0,0,0,0]}],[0],0,[0],[0],[1]],[[{"name":"ui_vfx_b_add_16","rect":[0,0,216,202],"offset":[0,0],"originalSize":[216,202],"capInsets":[0,0,0,0]}],[0],0,[0],[0],[2]],[[{"name":"ui_vfx_b_add_11","rect":[0,0,216,202],"offset":[0,0],"originalSize":[216,202],"capInsets":[0,0,0,0]}],[0],0,[0],[0],[3]],[[{"name":"ui_vfx_b_add_08","rect":[0,0,216,202],"offset":[0,0],"originalSize":[216,202],"capInsets":[0,0,0,0]}],[0],0,[0],[0],[4]],[[{"name":"ui_vfx_b_add_02","rect":[0,0,216,202],"offset":[0,0],"originalSize":[216,202],"capInsets":[0,0,0,0]}],[0],0,[0],[0],[5]],[[{"name":"ui_vfx_b_add_04","rect":[0,0,216,202],"offset":[0,0],"originalSize":[216,202],"capInsets":[0,0,0,0]}],[0],0,[0],[0],[6]],[[{"name":"ui_vfx_b_add_01","rect":[0,0,216,202],"offset":[0,0],"originalSize":[216,202],"capInsets":[0,0,0,0]}],[0],0,[0],[0],[7]],[[{"name":"ui_vfx_b_add_12","rect":[0,0,216,202],"offset":[0,0],"originalSize":[216,202],"capInsets":[0,0,0,0]}],[0],0,[0],[0],[8]],[[{"name":"ui_vfx_b_add_07","rect":[0,0,216,202],"offset":[0,0],"originalSize":[216,202],"capInsets":[0,0,0,0]}],[0],0,[0],[0],[9]],[[{"name":"ui_vfx_b_add_17","rect":[0,0,216,202],"offset":[0,0],"originalSize":[216,202],"capInsets":[0,0,0,0]}],[0],0,[0],[0],[10]],[[{"name":"ui_vfx_b_add_03","rect":[0,0,216,202],"offset":[0,0],"originalSize":[216,202],"capInsets":[0,0,0,0]}],[0],0,[0],[0],[11]],[[{"name":"ui_vfx_b_add_13","rect":[0,0,216,202],"offset":[0,0],"originalSize":[216,202],"capInsets":[0,0,0,0]}],[0],0,[0],[0],[12]],[[{"name":"ui_vfx_b_add_00","rect":[0,0,216,202],"offset":[0,0],"originalSize":[216,202],"capInsets":[0,0,0,0]}],[0],0,[0],[0],[13]],[[{"name":"ui_vfx_b_add_14","rect":[0,0,216,202],"offset":[0,0],"originalSize":[216,202],"capInsets":[0,0,0,0]}],[0],0,[0],[0],[14]],[[{"name":"ui_vfx_b_add_15","rect":[0,0,216,202],"offset":[0,0],"originalSize":[216,202],"capInsets":[0,0,0,0]}],[0],0,[0],[0],[15]],[[{"name":"ui_vfx_b_add_05","rect":[0,0,216,202],"offset":[0,0],"originalSize":[216,202],"capInsets":[0,0,0,0]}],[0],0,[0],[0],[16]],[[[0,"AnhSangActive",0.95,20,[{},"comps",11,[{},"cc.Sprite",11,[{},"spriteFrame",12,[[[{"frame":0},"value",6,0],[{"frame":0.05},"value",6,1],[{"frame":0.1},"value",6,2],[{"frame":0.15},"value",6,3],[{"frame":0.2},"value",6,4],[{"frame":0.25},"value",6,5],[{"frame":0.3},"value",6,6],[{"frame":0.35},"value",6,7],[{"frame":0.4},"value",6,8],[{"frame":0.45},"value",6,9],[{"frame":0.5},"value",6,10],[{"frame":0.55},"value",6,11],[{"frame":0.6},"value",6,12],[{"frame":0.65},"value",6,13],[{"frame":0.7},"value",6,14],[{"frame":0.75},"value",6,15],[{"frame":0.8},"value",6,16],[{"frame":0.85},"value",6,17],{"frame":0.9,"value":null}],11,11,11,11,11,11,11,11,11,11,11,11,11,11,11,11,11,11,0]]]]]],0,0,[0,0,0,0,0,0,0,0,0,0,0,0,0,0,0,0,0,0],[1,1,1,1,1,1,1,1,1,1,1,1,1,1,1,1,1,1],[17,18,19,20,21,22,23,24,25,26,27,28,29,30,31,32,33,34]],[[{"name":"ui_vfx_b_add_10","rect":[0,0,216,202],"offset":[0,0],"originalSize":[216,202],"capInsets":[0,0,0,0]}],[0],0,[0],[0],[35]]]]