[1,["37BYM8maFDR5+TTbfrxM9m","950AX/JJJJporjRJ4WUT8S","faiD92121BMoQ4Kwn16jA/","53Dvp3d0FJTYhSDWjqoTe1","dfGYmzHkNPhohaEQv2j4WO","795vLmUwdPKr39CTLgIbtE","79xw6d5KpDZoDuzRJ/c3aN","0dpqRK7zFNTJ6kl49Z0uOB","80WOUljFZKxoe1ionlynD6","72rSHlJiRGAL0IEd0lV694","93ydpxkVFNI77g3+BbpTh0","28PiluI/FG/JtWqoDDtW6Y","edWXPJpKJHOKmK6Y2ODbXV","2feDyu0UNNg5DdPCGjjmIi","a7bTeugc1EY6mn41E/w4n9","71fTJK6E5PRpi0KPJlRwD9","a6SFjyD6ZNkKAyCA3Sxwnz","c5zjnjPi9HgZNr4i9ZDTO2","65FW1zeR5PvbcISF7rg3NA","81eNIHsFRNSrgQoRuAiRJn","11Y7wCAJxCR5GxUlu++McB","50D17VFaBNLIaJlOz1KT4o","ddyCPN32tBGqse5tHzu5Gd"],["value"],[["cc.AnimationClip",["_name","_duration","sample","wrapMode","curveData"],-1,11]],[[0,0,1,2,3,4,5]],[[0,"logo",1.5333333333333334,15,2,[{},"comps",11,[{},"cc.Sprite",11,[{},"spriteFrame",12,[[[{"frame":0},"value",6,0],[{"frame":0.06666666666666667},"value",6,1],[{"frame":0.13333333333333333},"value",6,2],[{"frame":0.2},"value",6,3],[{"frame":0.26666666666666666},"value",6,4],[{"frame":0.3333333333333333},"value",6,5],[{"frame":0.4},"value",6,6],[{"frame":0.4666666666666667},"value",6,7],[{"frame":0.5333333333333333},"value",6,8],[{"frame":0.6},"value",6,9],[{"frame":0.6666666666666666},"value",6,10],[{"frame":0.7333333333333333},"value",6,11],[{"frame":0.8},"value",6,12],[{"frame":0.8666666666666667},"value",6,13],[{"frame":0.9333333333333333},"value",6,14],[{"frame":1},"value",6,15],[{"frame":1.0666666666666667},"value",6,16],[{"frame":1.1333333333333333},"value",6,17],[{"frame":1.2},"value",6,18],[{"frame":1.2666666666666666},"value",6,19],[{"frame":1.3333333333333333},"value",6,20],[{"frame":1.4},"value",6,21],[{"frame":1.4666666666666666},"value",6,22]],11,11,11,11,11,11,11,11,11,11,11,11,11,11,11,11,11,11,11,11,11,11,11]]]]]],0,0,[0,0,0,0,0,0,0,0,0,0,0,0,0,0,0,0,0,0,0,0,0,0,0],[0,0,0,0,0,0,0,0,0,0,0,0,0,0,0,0,0,0,0,0,0,0,0],[0,1,2,3,4,5,6,7,8,9,10,11,12,13,14,15,16,17,18,19,20,21,22]]