[1,["f1YHgpqy5CQofgs1z5Uovg","9dhVpbZqpI36L0M70ZxiA9"],["spriteFrame","_textureSetter"],["cc.SpriteFrame",["cc.BitmapFont",["_name","fontSize","_fntConfig"],0]],[[1,0,1,2,4]],[[[[0,"boso-multiple",32,{"commonHeight":375,"fontSize":32,"atlasName":"boso-multiple.png","fontDefDictionary":{"9":{"xOffset":0,"yOffset":0,"xAdvance":928,"rect":{"x":0,"y":0,"width":0,"height":0}},"32":{"xOffset":0,"yOffset":0,"xAdvance":116,"rect":{"x":0,"y":0,"width":0,"height":0}},"48":{"xOffset":0,"yOffset":119,"xAdvance":205,"rect":{"x":0,"y":0,"width":188,"height":254}},"49":{"xOffset":0,"yOffset":117,"xAdvance":150,"rect":{"x":499,"y":0,"width":133,"height":258}},"50":{"xOffset":0,"yOffset":119,"xAdvance":179,"rect":{"x":188,"y":0,"width":162,"height":254}},"51":{"xOffset":0,"yOffset":115,"xAdvance":175,"rect":{"x":183,"y":695,"width":158,"height":262}},"52":{"xOffset":0,"yOffset":117,"xAdvance":179,"rect":{"x":187,"y":254,"width":162,"height":258}},"53":{"xOffset":0,"yOffset":117,"xAdvance":167,"rect":{"x":349,"y":254,"width":150,"height":258}},"54":{"xOffset":0,"yOffset":117,"xAdvance":204,"rect":{"x":0,"y":254,"width":187,"height":258}},"55":{"xOffset":0,"yOffset":117,"xAdvance":175,"rect":{"x":341,"y":695,"width":158,"height":258}},"56":{"xOffset":0,"yOffset":119,"xAdvance":200,"rect":{"x":0,"y":512,"width":183,"height":254}},"57":{"xOffset":0,"yOffset":119,"xAdvance":200,"rect":{"x":0,"y":766,"width":183,"height":254}},"120":{"xOffset":0,"yOffset":155,"xAdvance":184,"rect":{"x":183,"y":512,"width":167,"height":183}}},"kerningDict":{}}]],0,0,[0],[0],[0]],[[{"name":"boso-multiple","rect":[0,0,632,1020],"offset":[-196,2],"originalSize":[1024,1024],"capInsets":[0,0,0,0]}],[0],0,[0],[1],[1]]]]