[1,["cdlo1zdb9G9aUjMGN6oIYE","d6m7BXtEtL5obZpKM5UWW8","06R02lEIFP2rM+WnVeVtdI","cbW+ZWA1hMKorRzYGc5FHl","68/2TfhGBOxIDU9zj8kPfz","f14yj5j2pJ1or9B9es0mkN","33hkvHPiZJtLnMq+iJAZfh","c2owfLkl1IDpIVWUKb6XPd","8fsva1jahIwJZjp3eYvwhb","62n+dUD4dJV4t9VBAUa3CD","210OM2wERDDZxqRHb2QDju","e53lDBR6xKJ5ws4uH1Hj9Y","a4LYauQVFPVputig/mYfmc","57h0PZ4JVOPL7kDlgx50JS","23JlixXONAa5zoQBG73pZo","3aqAz8XsBJxqwYKM5HHDAu","b2ysjGWaFDl4EzYBXeY+rC","1ab/Boz75Anb/rp9dDWHQG","edQ49snDFA1JCj/xm7pOPd","ceWru8/KxOFKNGpD9XLbnC"],["value"],[["cc.AnimationClip",["_name","_duration","sample","wrapMode","curveData"],-1,11]],[[0,0,1,2,3,4,5]],[[0,"fs_vfx_a_screen_00",0.8,25,2,[{},"comps",11,[{},"cc.Sprite",11,[{},"spriteFrame",12,[[[{"frame":0},"value",6,0],[{"frame":0.04},"value",6,1],[{"frame":0.08},"value",6,2],[{"frame":0.12},"value",6,3],[{"frame":0.16},"value",6,4],[{"frame":0.2},"value",6,5],[{"frame":0.24},"value",6,6],[{"frame":0.28},"value",6,7],[{"frame":0.32},"value",6,8],[{"frame":0.36},"value",6,9],[{"frame":0.4},"value",6,10],[{"frame":0.44},"value",6,11],[{"frame":0.48},"value",6,12],[{"frame":0.52},"value",6,13],[{"frame":0.56},"value",6,14],[{"frame":0.6},"value",6,15],[{"frame":0.64},"value",6,16],[{"frame":0.68},"value",6,17],[{"frame":0.72},"value",6,18],[{"frame":0.76},"value",6,19]],11,11,11,11,11,11,11,11,11,11,11,11,11,11,11,11,11,11,11,11]]]]]],0,0,[0,0,0,0,0,0,0,0,0,0,0,0,0,0,0,0,0,0,0,0],[0,0,0,0,0,0,0,0,0,0,0,0,0,0,0,0,0,0,0,0],[0,1,2,3,4,5,6,7,8,9,10,11,12,13,14,15,16,17,18,19]]