[1,["1dIj2JietDDo98yHqUBYbv","1b4v+WRpxM8Iyfgqq6Zuxl","46YwpvA71FCIyxDGhf73X2","abYYI7/epPV7qKjc1nOqb+","a4f2SZAStMPYNS/TDjmhV8","34EwQGikdDhq8GEvbGCQbl","b3Dtzk1sNFwIW0Pyns0GRn","b8Ly+URs5FEZDSqC3BHkF7","d2DKDhlatP35+slJ6aAAqd","68WaGVvKpNBKqdcjen3JgI","60EOHeUctClbj5B6xM84cc","75Bl3fj6ZH87bbbPF1WG3c","fbVi7GIopLAaQcOBkCd1QS","21ev8cvrhDIo37+H4btcPD","b88GcM9jFAiIFUBtTK33DR","73Zx2kD1BKiqcrEefcjG9x","abczFzYoJM1riwFSPMrYAU","cdYY19YHFCFbuBOjJQRSmF","a09H/vkDZK54ceGUkpzH7L","2bmfbQezZJRr2H2xEkxQ3v"],["value"],[["cc.AnimationClip",["_name","_duration","sample","wrapMode","curveData"],-1,11]],[[0,0,1,2,3,4,5]],[[0,"wh_vfx_b_screen",0.8,25,2,[{},"comps",11,[{},"cc.Sprite",11,[{},"spriteFrame",12,[[[{"frame":0},"value",6,0],[{"frame":0.04},"value",6,1],[{"frame":0.08},"value",6,2],[{"frame":0.12},"value",6,3],[{"frame":0.16},"value",6,4],[{"frame":0.2},"value",6,5],[{"frame":0.24},"value",6,6],[{"frame":0.28},"value",6,7],[{"frame":0.32},"value",6,8],[{"frame":0.36},"value",6,9],[{"frame":0.4},"value",6,10],[{"frame":0.44},"value",6,11],[{"frame":0.48},"value",6,12],[{"frame":0.52},"value",6,13],[{"frame":0.56},"value",6,14],[{"frame":0.6},"value",6,15],[{"frame":0.64},"value",6,16],[{"frame":0.68},"value",6,17],[{"frame":0.72},"value",6,18],[{"frame":0.76},"value",6,19]],11,11,11,11,11,11,11,11,11,11,11,11,11,11,11,11,11,11,11,11]]]]]],0,0,[0,0,0,0,0,0,0,0,0,0,0,0,0,0,0,0,0,0,0,0],[0,0,0,0,0,0,0,0,0,0,0,0,0,0,0,0,0,0,0,0],[0,1,2,3,4,5,6,7,8,9,10,11,12,13,14,15,16,17,18,19]]