[1,["13l/CydWRJBYldJJWOcMQH"],["_textureSetter"],["cc.SpriteFrame"],0,[[[{"name":"fast_vfx_d_13","rect":[1314,1123,257,559],"offset":[6,-6],"originalSize":[321,631],"capInsets":[0,0,0,0]}],[0],0,[0],[0],[0]],[[{"name":"fast_vfx_d_21","rect":[1320,560,259,559],"offset":[5,-7],"originalSize":[321,631],"capInsets":[0,0,0,0]}],[0],0,[0],[0],[0]],[[{"name":"fast_vfx_d_08","rect":[1,564,263,561],"offset":[4,-7],"originalSize":[321,631],"capInsets":[0,0,0,0]}],[0],0,[0],[0],[0]],[[{"name":"fast_vfx_d_12","rect":[1055,1123,257,557],"offset":[6,-6],"originalSize":[321,631],"capInsets":[0,0,0,0]}],[0],0,[0],[0],[0]],[[{"name":"fast_vfx_d_06","rect":[266,560,265,557],"offset":[3,-6],"originalSize":[321,631],"capInsets":[0,0,0,0]}],[0],0,[0],[0],[0]],[[{"name":"fast_vfx_d_03","rect":[266,1119,263,557],"offset":[4,-6],"originalSize":[321,631],"capInsets":[0,0,0,0]}],[0],0,[0],[0],[0]],[[{"name":"fast_vfx_d_05","rect":[266,1,265,557],"offset":[3,-6],"originalSize":[321,631],"capInsets":[0,0,0,0]}],[0],0,[0],[0],[0]],[[{"name":"fast_vfx_d_10","rect":[798,1,259,561],"offset":[6,-7],"originalSize":[321,631],"capInsets":[0,0,0,0]}],[0],0,[0],[0],[0]],[[{"name":"fast_vfx_d_20","rect":[1573,1121,257,559],"offset":[5,-7],"originalSize":[321,631],"capInsets":[0,0,0,0]}],[0],0,[0],[0],[0]],[[{"name":"fast_vfx_d_18","rect":[1581,560,255,557],"offset":[6,-6],"originalSize":[321,631],"capInsets":[0,0,0,0]}],[0],0,[0],[0],[0]],[[{"name":"fast_vfx_d_22","rect":[1320,1,261,557],"offset":[4,-5],"originalSize":[321,631],"capInsets":[0,0,0,0]}],[0],0,[0],[0],[0]],[[{"name":"fast_vfx_d_17","rect":[794,1123,259,557],"offset":[5,-6],"originalSize":[321,631],"capInsets":[0,0,0,0]}],[0],0,[0],[0],[0]],[[{"name":"fast_vfx_d_02","rect":[533,1,263,557],"offset":[4,-6],"originalSize":[321,631],"capInsets":[0,0,0,0]}],[0],0,[0],[0],[0]],[[{"name":"fast_vfx_d_16","rect":[1059,562,259,559],"offset":[6,-7],"originalSize":[321,631],"capInsets":[0,0,0,0]}],[0],0,[0],[0],[0]],[[{"name":"fast_vfx_d_01","rect":[1,1127,263,557],"offset":[4,-6],"originalSize":[321,631],"capInsets":[0,0,0,0]}],[0],0,[0],[0],[0]],[[{"name":"fast_vfx_d_00","rect":[531,1119,261,557],"offset":[4,-6],"originalSize":[321,631],"capInsets":[0,0,0,0]}],[0],0,[0],[0],[0]],[[{"name":"fast_vfx_d_14","rect":[1059,1,259,559],"offset":[5,-7],"originalSize":[321,631],"capInsets":[0,0,0,0]}],[0],0,[0],[0],[0]],[[{"name":"fast_vfx_d_04","rect":[1,1,263,561],"offset":[4,-7],"originalSize":[321,631],"capInsets":[0,0,0,0]}],[0],0,[0],[0],[0]],[[{"name":"fast_vfx_d_11","rect":[794,1123,259,557],"offset":[5,-6],"originalSize":[321,631],"capInsets":[0,0,0,0]}],[0],0,[0],[0],[0]],[[{"name":"fast_vfx_d_07","rect":[533,560,263,557],"offset":[4,-6],"originalSize":[321,631],"capInsets":[0,0,0,0]}],[0],0,[0],[0],[0]],[[{"name":"fast_vfx_d_15","rect":[1320,1,261,557],"offset":[4,-5],"originalSize":[321,631],"capInsets":[0,0,0,0]}],[0],0,[0],[0],[0]],[[{"name":"fast_vfx_d_09","rect":[798,564,259,557],"offset":[6,-6],"originalSize":[321,631],"capInsets":[0,0,0,0]}],[0],0,[0],[0],[0]],[[{"name":"fast_vfx_d_19","rect":[1314,1123,257,559],"offset":[6,-6],"originalSize":[321,631],"capInsets":[0,0,0,0]}],[0],0,[0],[0],[0]]]]