[1,["31PpvlbABPuISQBe4DJKIr"],["_textureSetter"],["cc.SpriteFrame"],0,[[[{"name":"scatter_glow_c","rect":[398,153,88,97],"offset":[0,0],"originalSize":[88,97],"capInsets":[0,0,0,0]}],[0],0,[0],[0],[0]],[[{"name":"scatter_bg","rect":[1,1,243,266],"offset":[0,0],"originalSize":[243,266],"rotated":1,"capInsets":[0,0,0,0]}],[0],0,[0],[0],[0]],[[{"name":"scatter_glow_b","rect":[553,118,105,105],"offset":[0,0],"originalSize":[105,105],"capInsets":[0,0,0,0]}],[0],0,[0],[0],[0]],[[{"name":"scatter_glow_f","rect":[488,153,63,63],"offset":[0,0],"originalSize":[63,63],"capInsets":[0,0,0,0]}],[0],0,[0],[0],[0]],[[{"name":"scatter_glow_d","rect":[550,1,105,115],"offset":[0,0],"originalSize":[105,115],"capInsets":[0,0,0,0]}],[0],0,[0],[0],[0]],[[{"name":"scatter_glow_e","rect":[269,1,127,215],"offset":[0,0],"originalSize":[127,215],"capInsets":[0,0,0,0]}],[0],0,[0],[0],[0]],[[{"name":"scatter_glow_a","rect":[398,1,150,150],"offset":[0,0],"originalSize":[150,150],"capInsets":[0,0,0,0]}],[0],0,[0],[0],[0]]]]