[1,["acXg0Y7NFAjYn+E6Y7PwBr"],["_textureSetter"],["cc.SpriteFrame"],0,[[[{"name":"icon_rule_book","rect":[83,593,74,80],"offset":[0,0],"originalSize":[108,108],"capInsets":[0,0,0,0]}],[0],0,[0],[0],[0]],[[{"name":"ic_nav_medium_sound_off","rect":[1,675,78,74],"offset":[1,0],"originalSize":[108,108],"capInsets":[0,0,0,0]}],[0],0,[0],[0],[0]],[[{"name":"icon_paytable","rect":[83,511,80,80],"offset":[0,0],"originalSize":[108,108],"capInsets":[0,0,0,0]}],[0],0,[0],[0],[0]],[[{"name":"icon_auto_spin_menu","rect":[1,511,80,80],"offset":[0,0],"originalSize":[108,108],"capInsets":[0,0,0,0]}],[0],0,[0],[0],[0]],[[{"name":"icon_bet","rect":[1,593,80,80],"offset":[0,0],"originalSize":[108,108],"capInsets":[0,0,0,0]}],[0],0,[0],[0],[0]],[[{"name":"icon_history","rect":[83,429,80,80],"offset":[0,0],"originalSize":[108,108],"capInsets":[0,0,0,0]}],[0],0,[0],[0],[0]],[[{"name":"icon_more_menu","rect":[159,593,56,38],"offset":[0,0],"originalSize":[108,108],"capInsets":[0,0,0,0]}],[0],0,[0],[0],[0]],[[{"name":"ic_nav_medium_sound_on","rect":[81,675,74,74],"offset":[0,0],"originalSize":[108,108],"capInsets":[0,0,0,0]}],[0],0,[0],[0],[0]],[[{"name":"ic_nav_return","rect":[128,227,56,44],"offset":[0,3],"originalSize":[108,108],"capInsets":[0,0,0,0]}],[0],0,[0],[0],[0]],[[{"name":"menu_close_button","rect":[205,633,40,40],"offset":[0,0],"originalSize":[72,72],"capInsets":[0,0,0,0]}],[0],0,[0],[0],[0]],[[{"name":"ic_nav_spin_turbo_on","rect":[1,429,80,80],"offset":[0,0],"originalSize":[108,108],"capInsets":[0,0,0,0]}],[0],0,[0],[0],[0]],[[{"name":"ic_nav_spin_turbo_off","rect":[1,347,80,80],"offset":[0,0],"originalSize":[108,108],"capInsets":[0,0,0,0]}],[0],0,[0],[0],[0]],[[{"name":"ic_nav_wallet_small","rect":[159,673,42,38],"offset":[-2,0],"originalSize":[48,48],"capInsets":[0,0,0,0]}],[0],0,[0],[0],[0]]]]