[1,["70BD+p3I9OVqc2bHSfwcgB","e6jAKbgQBK3I4NrubMemKi","f2/jEfRSxLgruO8oLaMGER","02dsTkXf5D+pLisuYcRDbf","f8+T4HGr9NAZpPlDyxi1bA","429T67ZqhFFYhoCGTuEYTR","734dPRL09Iuqn1bHXts+KF","0aMWoRiQJBZ5k3FKelj6PL","1eWjVUWxZGDL4SUBahqKpX","fca66zw29HXajLG7gV5nZh","9f77fJ7sFCep4NRfF7zXeb","b3fMCi6aVGk7mV9pekWaHz","c41SlJlWtIvZvHQhoZWVQe","528uapoixLsLkMBQDclg3r","e0fI39JAFB5L5fHaRXIvNa","6fcT0aXFpKrYuTcjrH/QhG"],["_textureSetter","bw_wave_blue","back_glow_a","particle_f","shine_d","particle_line_b","particle_b","particle_e","back_glow_b","bw_wave_orange","particle_c","particle_a","pattern_glow","bw_wave_purple","particle_d","particle_line_a"],["cc.SpriteFrame",["cc.SpriteAtlas",["_name","_spriteFrames"],2,11]],[[1,0,1,2]],[[[{"name":"particle_f","rect":[901,907,32,32],"offset":[0,0],"originalSize":[32,32],"capInsets":[0,0,0,0]}],[0],0,[0],[0],[0]],[[{"name":"particle_line_b","rect":[67,839,46,649],"offset":[0,0],"originalSize":[46,649],"rotated":1,"capInsets":[0,0,0,0]}],[0],0,[0],[0],[0]],[[{"name":"particle_line_a","rect":[1,1,64,908],"offset":[0,0],"originalSize":[64,908],"capInsets":[0,0,0,0]}],[0],0,[0],[0],[0]],[[{"name":"particle_b","rect":[707,1237,32,32],"offset":[0,0],"originalSize":[32,32],"capInsets":[0,0,0,0]}],[0],0,[0],[0],[0]],[[{"name":"particle_a","rect":[707,1203,32,32],"offset":[0,0],"originalSize":[32,32],"capInsets":[0,0,0,0]}],[0],0,[0],[0],[0]],[[{"name":"pattern_glow","rect":[707,935,266,40],"offset":[0,0],"originalSize":[266,40],"rotated":1,"capInsets":[0,0,0,0]}],[0],0,[0],[0],[0]],[[[0,"Alats32.plist",[{},"bw_wave_blue",6,0,"back_glow_a",6,1,"particle_f",6,2,"shine_d",6,3,"particle_line_b",6,4,"particle_b",6,5,"particle_e",6,6,"back_glow_b",6,7,"bw_wave_orange",6,8,"particle_c",6,9,"particle_a",6,10,"pattern_glow",6,11,"bw_wave_purple",6,12,"particle_d",6,13,"particle_line_a",6,14]]],0,0,[0,0,0,0,0,0,0,0,0,0,0,0,0,0,0],[1,2,3,4,5,6,7,8,9,10,11,12,13,14,15],[1,2,3,4,5,6,7,8,9,10,11,12,13,14,15]]]]