[1,["51ARd8j8JFH64igCgL2Zqy"],["_textureSetter"],["cc.SpriteFrame"],0,[[[{"name":"2000ways","rect":[1,366,338,64],"offset":[-2,0],"originalSize":[342,70],"capInsets":[0,0,0,0]}],[0],0,[0],[0],[0]],[[{"name":"info4","rect":[1102,361,656,82],"offset":[-2,9],"originalSize":[666,100],"capInsets":[0,0,0,0]}],[0],0,[0],[0],[0]],[[{"name":"info3","rect":[89,269,1570,90],"offset":[-5,5],"originalSize":[1580,100],"capInsets":[0,0,0,0]}],[0],0,[0],[0],[0]],[[{"name":"info0","rect":[341,1,1389,86],"offset":[-2,7],"originalSize":[1399,100],"capInsets":[0,0,0,0]}],[0],0,[0],[0],[0]],[[{"name":"Info5","rect":[89,173,982,94],"offset":[-3,3],"originalSize":[994,100],"capInsets":[0,0,0,0]}],[0],0,[0],[0],[0]],[[{"name":"info1","rect":[1073,173,736,82],"offset":[-2,9],"originalSize":[744,100],"capInsets":[0,0,0,0]}],[0],0,[0],[0],[0]],[[{"name":"win_info","rect":[89,1,210,84],"offset":[0,3],"originalSize":[216,100],"capInsets":[0,0,0,0]}],[0],0,[0],[0],[0]],[[{"name":"info6","rect":[341,361,759,82],"offset":[-2,9],"originalSize":[767,100],"capInsets":[0,0,0,0]}],[0],0,[0],[0],[0]],[[{"name":"info2","rect":[89,89,1574,82],"offset":[-1,9],"originalSize":[1580,100],"capInsets":[0,0,0,0]}],[0],0,[0],[0],[0]],[[{"name":"totalwin_info","rect":[1,1,363,86],"offset":[-11,2],"originalSize":[393,100],"rotated":1,"capInsets":[0,0,0,0]}],[0],0,[0],[0],[0]]]]