[1,["0cxXz7hIBC9IsVavG+gs+1"],["_textureSetter"],["cc.SpriteFrame"],0,[[[{"name":"bonus_bg_particle_00","rect":[1,1,432,340],"offset":[0,0],"originalSize":[432,340],"capInsets":[0,0,0,0]}],[0],0,[0],[0],[0]],[[{"name":"bonus_bg_particle_16","rect":[1,1369,432,340],"offset":[0,0],"originalSize":[432,340],"capInsets":[0,0,0,0]}],[0],0,[0],[0],[0]],[[{"name":"bonus_bg_particle_02","rect":[869,1,432,340],"offset":[0,0],"originalSize":[432,340],"capInsets":[0,0,0,0]}],[0],0,[0],[0],[0]],[[{"name":"bonus_bg_particle_04","rect":[1,343,432,340],"offset":[0,0],"originalSize":[432,340],"capInsets":[0,0,0,0]}],[0],0,[0],[0],[0]],[[{"name":"bonus_bg_particle_05","rect":[435,343,432,340],"offset":[0,0],"originalSize":[432,340],"capInsets":[0,0,0,0]}],[0],0,[0],[0],[0]],[[{"name":"bonus_bg_particle_09","rect":[435,685,432,340],"offset":[0,0],"originalSize":[432,340],"capInsets":[0,0,0,0]}],[0],0,[0],[0],[0]],[[{"name":"bonus_bg_particle_03","rect":[1303,1,432,340],"offset":[0,0],"originalSize":[432,340],"capInsets":[0,0,0,0]}],[0],0,[0],[0],[0]],[[{"name":"bonus_bg_particle_07","rect":[1303,343,432,340],"offset":[0,0],"originalSize":[432,340],"capInsets":[0,0,0,0]}],[0],0,[0],[0],[0]],[[{"name":"bonus_bg_particle_19","rect":[1303,1369,432,340],"offset":[0,0],"originalSize":[432,340],"capInsets":[0,0,0,0]}],[0],0,[0],[0],[0]],[[{"name":"bonus_bg_particle_17","rect":[435,1369,432,340],"offset":[0,0],"originalSize":[432,340],"capInsets":[0,0,0,0]}],[0],0,[0],[0],[0]],[[{"name":"bonus_bg_particle_06","rect":[869,343,432,340],"offset":[0,0],"originalSize":[432,340],"capInsets":[0,0,0,0]}],[0],0,[0],[0],[0]],[[{"name":"bonus_bg_particle_18","rect":[869,1369,432,340],"offset":[0,0],"originalSize":[432,340],"capInsets":[0,0,0,0]}],[0],0,[0],[0],[0]],[[{"name":"bonus_bg_particle_11","rect":[1303,685,432,340],"offset":[0,0],"originalSize":[432,340],"capInsets":[0,0,0,0]}],[0],0,[0],[0],[0]],[[{"name":"bonus_bg_particle_01","rect":[435,1,432,340],"offset":[0,0],"originalSize":[432,340],"capInsets":[0,0,0,0]}],[0],0,[0],[0],[0]],[[{"name":"bonus_bg_particle_13","rect":[435,1027,432,340],"offset":[0,0],"originalSize":[432,340],"capInsets":[0,0,0,0]}],[0],0,[0],[0],[0]],[[{"name":"bonus_bg_particle_15","rect":[1303,1027,432,340],"offset":[0,0],"originalSize":[432,340],"capInsets":[0,0,0,0]}],[0],0,[0],[0],[0]],[[{"name":"bonus_bg_particle_10","rect":[869,685,432,340],"offset":[0,0],"originalSize":[432,340],"capInsets":[0,0,0,0]}],[0],0,[0],[0],[0]],[[{"name":"bonus_bg_particle_08","rect":[1,685,432,340],"offset":[0,0],"originalSize":[432,340],"capInsets":[0,0,0,0]}],[0],0,[0],[0],[0]],[[{"name":"bonus_bg_particle_14","rect":[869,1027,432,340],"offset":[0,0],"originalSize":[432,340],"capInsets":[0,0,0,0]}],[0],0,[0],[0],[0]],[[{"name":"bonus_bg_particle_12","rect":[1,1027,432,340],"offset":[0,0],"originalSize":[432,340],"capInsets":[0,0,0,0]}],[0],0,[0],[0],[0]]]]