[1,["9aGJHmoyJMDa5uIcJq+v5/","8ddvFCf6dH5rce51lQh0+K","d8n4nLei1LSaZ9y7WV0T7w","3fuFWwIXRMEasvs7b32V2S","678SUv2aBFjoGJQqBf5Wb1","b2syHkOK9L9qWmRpwg2azF"],["_textureSetter","s_fspins","s_mul","s_wild_a","s_plus","s_wild_b"],["cc.SpriteFrame",["cc.SpriteAtlas",["_name","_spriteFrames"],2,11]],[[1,0,1,2]],[[[{"name":"s_wild_a","rect":[1,1021,350,350],"offset":[0,0],"originalSize":[350,350],"capInsets":[0,0,0,0]}],[0],0,[0],[0],[0]],[[{"name":"s_plus","rect":[353,705,350,350],"offset":[0,0],"originalSize":[350,350],"capInsets":[0,0,0,0]}],[0],0,[0],[0],[0]],[[[0,"Alats51.plist",[{},"s_fspins",6,0,"s_mul",6,1,"s_wild_a",6,2,"s_plus",6,3,"s_wild_b",6,4]]],0,0,[0,0,0,0,0],[1,2,3,4,5],[1,2,3,4,5]],[[{"name":"s_fspins","rect":[353,1,350,350],"offset":[0,0],"originalSize":[350,350],"capInsets":[0,0,0,0]}],[0],0,[0],[0],[0]],[[{"name":"s_wild_b","rect":[1,1,350,1018],"offset":[0,0],"originalSize":[350,1018],"capInsets":[0,0,0,0]}],[0],0,[0],[0],[0]],[[{"name":"s_mul","rect":[353,353,350,350],"offset":[0,0],"originalSize":[350,350],"capInsets":[0,0,0,0]}],[0],0,[0],[0],[0]]]]