[1,["berkdCJ6xIZLw7Z8VFGd+J","c18ReNAKVPz4NEYXHgAh4l","bb50BqCXFCO7VATMyrf+qK","c6yEcUhm1Pwbb0WekI9EBi","51VbaTpJNDc7fGfgMttSVM","7cCMJLnQlNGoCFf04+3Rq9","76tIiL5V1Psqsj8mQB4kyq"],["_textureSetter","mw_e","mw_c","mw_a","mw_d","mw_f_screen","mw_b"],["cc.SpriteFrame",["cc.SpriteAtlas",["_name","_spriteFrames"],2,11]],[[1,0,1,2]],[[[{"name":"mw_f_screen","rect":[1085,1,540,493],"offset":[0,0],"originalSize":[540,493],"capInsets":[0,0,0,0]}],[0],0,[0],[0],[0]],[[[0,"Alats53.plist",[{},"mw_e",6,0,"mw_c",6,1,"mw_a",6,2,"mw_d",6,3,"mw_f_screen",6,4,"mw_b",6,5]]],0,0,[0,0,0,0,0,0],[1,2,3,4,5,6],[1,2,3,4,5,6]]]]