[1,["d2l9W6BZhJDpLbbOdFeXMZ","2aiOZT7NhC/Iqg57NdZLA2","68gmN5PW9LjZ65tbHxnjl1","4aJ5yt46FF9pOoPkohV2b3","3fcdpO4mtJS7XJj6VwcW1k","c0NiNM8YtLZrtIHc25DNRM"],["ui_reel_frame","ui_bg_btm","ui_bg_top","ui_footer","ui_reel_bg","_textureSetter"],["cc.SpriteFrame",["cc.SpriteAtlas",["_name","_spriteFrames"],2,11]],[[1,0,1,2]],[[[[0,"Alats5.plist",[{},"ui_reel_frame",6,0,"ui_bg_btm",6,1,"ui_bg_top",6,2,"ui_footer",6,3,"ui_reel_bg",6,4]]],0,0,[0,0,0,0,0],[0,1,2,3,4],[0,1,2,3,4]],[[{"name":"ui_reel_frame","rect":[759,1,756,778],"offset":[0,0],"originalSize":[756,778],"rotated":1,"capInsets":[0,0,0,0]}],[0],0,[0],[5],[5]]]]