[1,["f2slldTrBL8IvxkM5QqNGp","c2owfLkl1IDpIVWUKb6XPd","3aqAz8XsBJxqwYKM5HHDAu","d6m7BXtEtL5obZpKM5UWW8","68/2TfhGBOxIDU9zj8kPfz","8fsva1jahIwJZjp3eYvwhb","1ab/Boz75Anb/rp9dDWHQG","62n+dUD4dJV4t9VBAUa3CD","b2ysjGWaFDl4EzYBXeY+rC","f14yj5j2pJ1or9B9es0mkN","e53lDBR6xKJ5ws4uH1Hj9Y","57h0PZ4JVOPL7kDlgx50JS","210OM2wERDDZxqRHb2QDju","edQ49snDFA1JCj/xm7pOPd","23JlixXONAa5zoQBG73pZo","cbW+ZWA1hMKorRzYGc5FHl","33hkvHPiZJtLnMq+iJAZfh","cdlo1zdb9G9aUjMGN6oIYE","06R02lEIFP2rM+WnVeVtdI","a4LYauQVFPVputig/mYfmc","a8SCwmjd9FXoSAIs21hXom","ceWru8/KxOFKNGpD9XLbnC"],["_textureSetter","fs_vfx_a_screen_07","fs_vfx_a_screen_15","fs_vfx_a_screen_01","fs_vfx_a_screen_04","fs_vfx_a_screen_08","fs_vfx_a_screen_17","fs_vfx_a_screen_09","fs_vfx_a_screen_16","fs_vfx_a_screen_05","fs_vfx_a_screen_11","fs_vfx_a_screen_13","fs_vfx_a_screen_10","fs_vfx_a_screen_18","fs_vfx_a_screen_14","fs_vfx_a_screen_03","fs_vfx_a_screen_06","fs_vfx_a_screen_00","fs_vfx_a_screen_02","fs_vfx_a_screen_12","fs_vfx_a_screen_20","fs_vfx_a_screen_19"],["cc.SpriteFrame",["cc.SpriteAtlas",["_name","_spriteFrames"],2,11]],[[1,0,1,2]],[[[{"name":"fs_vfx_a_screen_20","rect":[1303,1015,181,650],"offset":[15,1],"originalSize":[211,662],"rotated":1,"capInsets":[0,0,0,0]}],[0],0,[0],[0],[0]],[[[0,"Alats45.plist",[{},"fs_vfx_a_screen_07",6,0,"fs_vfx_a_screen_15",6,1,"fs_vfx_a_screen_01",6,2,"fs_vfx_a_screen_04",6,3,"fs_vfx_a_screen_08",6,4,"fs_vfx_a_screen_17",6,5,"fs_vfx_a_screen_09",6,6,"fs_vfx_a_screen_16",6,7,"fs_vfx_a_screen_05",6,8,"fs_vfx_a_screen_11",6,9,"fs_vfx_a_screen_13",6,10,"fs_vfx_a_screen_10",6,11,"fs_vfx_a_screen_18",6,12,"fs_vfx_a_screen_14",6,13,"fs_vfx_a_screen_03",6,14,"fs_vfx_a_screen_06",6,15,"fs_vfx_a_screen_00",6,16,"fs_vfx_a_screen_02",6,17,"fs_vfx_a_screen_12",6,18,"fs_vfx_a_screen_20",6,19,"fs_vfx_a_screen_19",6,20]]],0,0,[0,0,0,0,0,0,0,0,0,0,0,0,0,0,0,0,0,0,0,0,0],[1,2,3,4,5,6,7,8,9,10,11,12,13,14,15,16,17,18,19,20,21],[1,2,3,4,5,6,7,8,9,10,11,12,13,14,15,16,17,18,19,20,21]]]]