[1,["0aDkkFPNNGvrA6OG7fywMH"],["_textureSetter"],["cc.SpriteFrame"],0,[[[{"name":"wh_vfx_b_02_13","rect":[811,476,133,473],"offset":[0,0],"originalSize":[143,475],"capInsets":[0,0,0,0]}],[0],0,[0],[0],[0]],[[{"name":"wh_vfx_b_02_02","rect":[136,1,133,473],"offset":[0,0],"originalSize":[143,475],"capInsets":[0,0,0,0]}],[0],0,[0],[0],[0]],[[{"name":"wh_vfx_b_02_00","rect":[1,1,133,473],"offset":[0,0],"originalSize":[143,475],"capInsets":[0,0,0,0]}],[0],0,[0],[0],[0]],[[{"name":"wh_vfx_b_02_09","rect":[541,476,133,473],"offset":[0,0],"originalSize":[143,475],"capInsets":[0,0,0,0]}],[0],0,[0],[0],[0]],[[{"name":"wh_vfx_b_02_19","rect":[1216,476,133,473],"offset":[0,0],"originalSize":[143,475],"capInsets":[0,0,0,0]}],[0],0,[0],[0],[0]],[[{"name":"wh_vfx_b_02_20","rect":[1351,1,133,473],"offset":[0,0],"originalSize":[143,475],"capInsets":[0,0,0,0]}],[0],0,[0],[0],[0]],[[{"name":"wh_vfx_b_02_08","rect":[541,1,133,473],"offset":[0,0],"originalSize":[143,475],"capInsets":[0,0,0,0]}],[0],0,[0],[0],[0]],[[{"name":"wh_vfx_b_02_12","rect":[811,1,133,473],"offset":[0,0],"originalSize":[143,475],"capInsets":[0,0,0,0]}],[0],0,[0],[0],[0]],[[{"name":"wh_vfx_b_02_07","rect":[406,476,133,473],"offset":[0,0],"originalSize":[143,475],"capInsets":[0,0,0,0]}],[0],0,[0],[0],[0]],[[{"name":"wh_vfx_b_02_03","rect":[136,476,133,473],"offset":[0,0],"originalSize":[143,475],"capInsets":[0,0,0,0]}],[0],0,[0],[0],[0]],[[{"name":"wh_vfx_b_02_15","rect":[946,476,133,473],"offset":[0,0],"originalSize":[143,475],"capInsets":[0,0,0,0]}],[0],0,[0],[0],[0]],[[{"name":"wh_vfx_b_02_23","rect":[1486,476,133,473],"offset":[0,0],"originalSize":[143,475],"capInsets":[0,0,0,0]}],[0],0,[0],[0],[0]],[[{"name":"wh_vfx_b_02_17","rect":[1081,476,133,473],"offset":[0,0],"originalSize":[143,475],"capInsets":[0,0,0,0]}],[0],0,[0],[0],[0]],[[{"name":"wh_vfx_b_02_16","rect":[1081,1,133,473],"offset":[0,0],"originalSize":[143,475],"capInsets":[0,0,0,0]}],[0],0,[0],[0],[0]],[[{"name":"wh_vfx_b_02_04","rect":[271,1,133,473],"offset":[0,0],"originalSize":[143,475],"capInsets":[0,0,0,0]}],[0],0,[0],[0],[0]],[[{"name":"wh_vfx_b_02_18","rect":[1216,1,133,473],"offset":[0,0],"originalSize":[143,475],"capInsets":[0,0,0,0]}],[0],0,[0],[0],[0]],[[{"name":"wh_vfx_b_02_22","rect":[1486,1,133,473],"offset":[0,0],"originalSize":[143,475],"capInsets":[0,0,0,0]}],[0],0,[0],[0],[0]],[[{"name":"wh_vfx_b_02_25","rect":[1621,476,133,473],"offset":[0,0],"originalSize":[143,475],"capInsets":[0,0,0,0]}],[0],0,[0],[0],[0]],[[{"name":"wh_vfx_b_02_05","rect":[271,476,133,473],"offset":[0,0],"originalSize":[143,475],"capInsets":[0,0,0,0]}],[0],0,[0],[0],[0]],[[{"name":"wh_vfx_b_02_21","rect":[1351,476,133,473],"offset":[0,0],"originalSize":[143,475],"capInsets":[0,0,0,0]}],[0],0,[0],[0],[0]],[[{"name":"wh_vfx_b_02_01","rect":[1,476,133,473],"offset":[0,0],"originalSize":[143,475],"capInsets":[0,0,0,0]}],[0],0,[0],[0],[0]],[[{"name":"wh_vfx_b_02_10","rect":[676,1,133,473],"offset":[0,0],"originalSize":[143,475],"capInsets":[0,0,0,0]}],[0],0,[0],[0],[0]],[[{"name":"wh_vfx_b_02_06","rect":[406,1,133,473],"offset":[0,0],"originalSize":[143,475],"capInsets":[0,0,0,0]}],[0],0,[0],[0],[0]],[[{"name":"wh_vfx_b_02_24","rect":[1621,1,133,473],"offset":[0,0],"originalSize":[143,475],"capInsets":[0,0,0,0]}],[0],0,[0],[0],[0]],[[{"name":"wh_vfx_b_02_11","rect":[676,476,133,473],"offset":[0,0],"originalSize":[143,475],"capInsets":[0,0,0,0]}],[0],0,[0],[0],[0]],[[{"name":"wh_vfx_b_02_14","rect":[946,1,133,473],"offset":[0,0],"originalSize":[143,475],"capInsets":[0,0,0,0]}],[0],0,[0],[0],[0]]]]