[1,["c0+ErzmqdE3KtMC9wzcyU7","0cU4n+3edFYJs3bjmoUR0A","d4N7QdJOtLqbAY1A4gANo3","48XapsZwtPAqtN75lyDBHZ","28cgDJrr9DDq9RfYzzF/gf","32lVQYVIZAi5ZhkhVVOCgd","9bs9qjRdlDs5lS3DxWP447","c0HERWzY5KF5+pM+gBUwFO","ac4w7wAQlF/7cvBcYYqy03","6bI7RAMdFH/4+39LaAlfOn","0dRNBaHIJErp3fUyVZGkBx","22Xqm6e2VDLqgRj8mgzK0L"],["_textureSetter","0","1","2","3","4","5","6","7","8","9","multiply"],["cc.SpriteFrame",["cc.SpriteAtlas",["_name","_spriteFrames"],2,11]],[[1,0,1,2]],[[[{"name":"0","rect":[743,1,81,132],"offset":[0,0],"originalSize":[81,132],"capInsets":[0,0,0,0]}],[0],0,[0],[0],[0]],[[{"name":"9","rect":[440,1,81,129],"offset":[0,0],"originalSize":[81,129],"capInsets":[0,0,0,0]}],[0],0,[0],[0],[0]],[[{"name":"multiply","rect":[1,1,79,104],"offset":[0,0],"originalSize":[79,104],"capInsets":[0,0,0,0]}],[0],0,[0],[0],[0]],[[{"name":"3","rect":[172,1,92,126],"offset":[0,0],"originalSize":[92,126],"capInsets":[0,0,0,0]}],[0],0,[0],[0],[0]],[[{"name":"4","rect":[661,1,80,131],"offset":[0,0],"originalSize":[80,131],"capInsets":[0,0,0,0]}],[0],0,[0],[0],[0]],[[{"name":"2","rect":[82,1,88,126],"offset":[0,0],"originalSize":[88,126],"capInsets":[0,0,0,0]}],[0],0,[0],[0],[0]],[[{"name":"8","rect":[826,1,80,132],"offset":[0,0],"originalSize":[80,132],"capInsets":[0,0,0,0]}],[0],0,[0],[0],[0]],[[{"name":"5","rect":[266,1,82,126],"offset":[0,0],"originalSize":[82,126],"capInsets":[0,0,0,0]}],[0],0,[0],[0],[0]],[[{"name":"7","rect":[350,1,88,126],"offset":[0,0],"originalSize":[88,126],"capInsets":[0,0,0,0]}],[0],0,[0],[0],[0]],[[{"name":"6","rect":[579,1,80,130],"offset":[0,0],"originalSize":[80,130],"capInsets":[0,0,0,0]}],[0],0,[0],[0],[0]],[[{"name":"1","rect":[523,1,54,130],"offset":[0,0],"originalSize":[54,130],"capInsets":[0,0,0,0]}],[0],0,[0],[0],[0]],[[[0,"Alats69.plist",[{},"0",6,0,"1",6,1,"2",6,2,"3",6,3,"4",6,4,"5",6,5,"6",6,6,"7",6,7,"8",6,8,"9",6,9,"multiply",6,10]]],0,0,[0,0,0,0,0,0,0,0,0,0,0],[1,2,3,4,5,6,7,8,9,10,11],[1,2,3,4,5,6,7,8,9,10,11]]]]