[1,["38JxMpGgtBZI2lQ0Wj3GSS"],["_textureSetter"],["cc.SpriteFrame"],0,[[[{"name":"bw_vfx_c_03","rect":[543,1197,216,227],"offset":[0,0],"originalSize":[216,227],"capInsets":[0,0,0,0]}],[0],0,[0],[0],[0]],[[{"name":"bw_vfx_i_03","rect":[1,1008,540,296],"offset":[0,0],"originalSize":[540,296],"capInsets":[0,0,0,0]}],[0],0,[0],[0],[0]],[[{"name":"bw_vfx_o_01","rect":[543,472,239,265],"offset":[0,0],"originalSize":[239,265],"capInsets":[0,0,0,0]}],[0],0,[0],[0],[0]],[[{"name":"bw_vfx_c_02","rect":[543,968,216,227],"offset":[0,0],"originalSize":[216,227],"capInsets":[0,0,0,0]}],[0],0,[0],[0],[0]],[[{"name":"bw_vfx_k_01","rect":[543,1,375,155],"offset":[0,0],"originalSize":[375,155],"capInsets":[0,0,0,0]}],[0],0,[0],[0],[0]],[[{"name":"bw_vfx_o_03","rect":[1,1,540,409],"offset":[0,0],"originalSize":[540,409],"capInsets":[0,0,0,0]}],[0],0,[0],[0],[0]],[[{"name":"bw_vfx_c_01","rect":[543,739,216,227],"offset":[0,0],"originalSize":[216,227],"capInsets":[0,0,0,0]}],[0],0,[0],[0],[0]],[[{"name":"bw_vfx_o_02","rect":[1,1306,487,153],"offset":[0,0],"originalSize":[487,153],"capInsets":[0,0,0,0]}],[0],0,[0],[0],[0]],[[{"name":"bw_vfx_i_01","rect":[1,412,540,296],"offset":[0,0],"originalSize":[540,296],"capInsets":[0,0,0,0]}],[0],0,[0],[0],[0]],[[{"name":"bw_vfx_k_02","rect":[543,158,375,155],"offset":[0,0],"originalSize":[375,155],"capInsets":[0,0,0,0]}],[0],0,[0],[0],[0]],[[{"name":"bw_vfx_i_02","rect":[1,710,540,296],"offset":[0,0],"originalSize":[540,296],"capInsets":[0,0,0,0]}],[0],0,[0],[0],[0]]]]