[1,["bbUKHirk1Aqq33Ng4ZYZCH","17DPCDU81OxYNKti6PPvjp","85w3GOrcNAaZ7XwBGoLpn1","0aHb4Tsu5NGIFOvhQPH8hx"],["freespin_bg_multiplier_mask","bonus_reel","freespin_top","_textureSetter"],["cc.SpriteFrame",["cc.SpriteAtlas",["_name","_spriteFrames"],2,11]],[[1,0,1,2]],[[[[0,"Alats2.plist",[{},"freespin_bg_multiplier_mask",6,0,"bonus_reel",6,1,"freespin_top",6,2]]],0,0,[0,0,0],[0,1,2],[0,1,2]],[[{"name":"bonus_reel","rect":[1,1,536,428],"offset":[0,0],"originalSize":[536,428],"capInsets":[0,0,0,0]}],[0],0,[0],[3],[3]]]]