[1,["bdWjHAMPBP9Kyl61GtT9mg"],0,[["sp.SkeletonData",["_name","_atlasText","textureNames","_skeletonJson","textures"],-1,3]],[[0,0,1,2,3,4,5]],[[0,"jackpot","\r\njackpot.png\r\nsize: 317,247\r\nformat: RGBA8888\r\nfilter: Linear,Linear\r\nrepeat: none\r\n1\r\n  rotate: false\r\n  xy: 2, 86\r\n  size: 187, 56\r\n  orig: 189, 58\r\n  offset: 1, 1\r\n  index: -1\r\n1_coin1\r\n  rotate: false\r\n  xy: 252, 32\r\n  size: 29, 27\r\n  orig: 40, 31\r\n  offset: 11, 3\r\n  index: -1\r\n1_coin2\r\n  rotate: false\r\n  xy: 31, 4\r\n  size: 22, 22\r\n  orig: 23, 23\r\n  offset: 1, 1\r\n  index: -1\r\n1_coin3\r\n  rotate: true\r\n  xy: 191, 3\r\n  size: 27, 28\r\n  orig: 28, 29\r\n  offset: 0, 1\r\n  index: -1\r\n2\r\n  rotate: false\r\n  xy: 2, 28\r\n  size: 187, 56\r\n  orig: 189, 58\r\n  offset: 1, 1\r\n  index: -1\r\nA\r\n  rotate: true\r\n  xy: 2, 2\r\n  size: 24, 27\r\n  orig: 26, 29\r\n  offset: 1, 1\r\n  index: -1\r\nC\r\n  rotate: true\r\n  xy: 277, 5\r\n  size: 24, 28\r\n  orig: 26, 30\r\n  offset: 1, 1\r\n  index: -1\r\nJ\r\n  rotate: false\r\n  xy: 224, 2\r\n  size: 22, 34\r\n  orig: 24, 36\r\n  offset: 1, 1\r\n  index: -1\r\nK\r\n  rotate: false\r\n  xy: 225, 74\r\n  size: 25, 27\r\n  orig: 27, 31\r\n  offset: 1, 1\r\n  index: -1\r\nO\r\n  rotate: false\r\n  xy: 224, 38\r\n  size: 26, 28\r\n  orig: 28, 30\r\n  offset: 1, 1\r\n  index: -1\r\nP\r\n  rotate: false\r\n  xy: 191, 32\r\n  size: 31, 34\r\n  orig: 33, 36\r\n  offset: 1, 1\r\n  index: -1\r\nT\r\n  rotate: true\r\n  xy: 248, 5\r\n  size: 25, 27\r\n  orig: 27, 29\r\n  offset: 1, 1\r\n  index: -1\r\nkhung\r\n  rotate: true\r\n  xy: 252, 61\r\n  size: 184, 63\r\n  orig: 186, 65\r\n  offset: 1, 1\r\n  index: -1\r\nrong\r\n  rotate: false\r\n  xy: 2, 144\r\n  size: 248, 101\r\n  orig: 262, 111\r\n  offset: 14, 9\r\n  index: -1\r\nxx1\r\n  rotate: false\r\n  xy: 191, 103\r\n  size: 39, 39\r\n  orig: 39, 39\r\n  offset: 0, 0\r\n  index: -1\r\nxx2\r\n  rotate: false\r\n  xy: 191, 68\r\n  size: 32, 33\r\n  orig: 32, 33\r\n  offset: 0, 0\r\n  index: -1\r\nxx3\r\n  rotate: false\r\n  xy: 283, 31\r\n  size: 27, 28\r\n  orig: 27, 28\r\n  offset: 0, 0\r\n  index: -1\r\n",["jackpot.png"],{"skeleton":{"hash":"cnt9aHEVzKMW0Fb8O+BToUI2/O8","spine":"3.8.84","x":-138.2,"y":-34.5,"width":247.02,"height":162.11,"images":"./images/","audio":"E:/My Drive/GiangHoang/T6.2022/le/jackpot"},"bones":[{"name":"root"},{"name":"khung","parent":"root"},{"name":"J","parent":"khung","x":-54.71,"y":22.41},{"name":"A","parent":"khung","x":-42.71,"y":22.41},{"name":"C","parent":"khung","x":-25.23,"y":22.41},{"name":"K","parent":"khung","x":-8.77,"y":22.41},{"name":"P","parent":"khung","x":10.89,"y":22.41},{"name":"O","parent":"khung","x":33.31,"y":22.41},{"name":"T","parent":"khung","x":51.76,"y":22.41},{"name":"coinall","parent":"khung","x":16.35,"y":44.51},{"name":"1_coin1","parent":"coinall","x":-1.66,"y":-30.34},{"name":"1_coin5","parent":"1_coin1","x":-1.63,"y":44.17},{"name":"1_coin3","parent":"coinall","x":35.43,"y":-29.68},{"name":"1_coin6","parent":"1_coin3","x":-0.81,"y":99.8},{"name":"1_coin2","parent":"coinall","x":-49.15,"y":-27.43},{"name":"1_coin7","parent":"1_coin2","x":0.69,"y":91.8},{"name":"1_coin4","parent":"coinall","x":-1.66,"y":-30.34},{"name":"1_coin8","parent":"1_coin4","x":-1.63,"y":44.17},{"name":"1_coin9","parent":"coinall","x":35.43,"y":-29.68},{"name":"1_coin10","parent":"1_coin9","x":-0.81,"y":99.8},{"name":"xx3","parent":"khung","x":-3.49,"y":75.45},{"name":"xx1","parent":"khung","x":31.33,"y":72.22},{"name":"xx2","parent":"khung","x":18.41,"y":57.14},{"name":"rong","parent":"khung","x":-14.62,"y":41.34},{"name":"rong2","parent":"rong","length":33.1,"rotation":139.4,"x":-5.74,"y":2.51},{"name":"rong3","parent":"rong2","length":27.65,"rotation":39.11,"x":33.1},{"name":"rong4","parent":"rong3","length":43.98,"rotation":49.47,"x":27.65},{"name":"rong5","parent":"rong","length":22.27,"rotation":-32.91,"x":10.18,"y":-3.6},{"name":"rong6","parent":"rong5","length":24.48,"rotation":58.89,"x":22.27},{"name":"rong7","parent":"rong6","length":19.09,"rotation":10.22,"x":24.48},{"name":"rong8","parent":"rong7","length":26.84,"rotation":-88.28,"x":19.09},{"name":"rong9","parent":"rong8","length":17.19,"rotation":59.43,"x":26.84},{"name":"rong10","parent":"rong9","length":19.02,"rotation":78.5,"x":17.19},{"name":"rong11","parent":"rong10","length":20.22,"rotation":-40.86,"x":19.02}],"slots":[{"name":"1_coin1","bone":"1_coin5","attachment":"1_coin1"},{"name":"1_coin14","bone":"1_coin5","color":"ffffff00","attachment":"1_coin1","blend":"additive"},{"name":"1_coin4","bone":"1_coin8","attachment":"1_coin1"},{"name":"1_coin16","bone":"1_coin8","color":"ffffff00","attachment":"1_coin1","blend":"additive"},{"name":"1_coin3","bone":"1_coin6","attachment":"1_coin3"},{"name":"1_coin13","bone":"1_coin6","color":"ffffff00","attachment":"1_coin3","blend":"additive"},{"name":"1_coin5","bone":"1_coin10","attachment":"1_coin3"},{"name":"1_coin17","bone":"1_coin10","color":"ffffff00","attachment":"1_coin3","blend":"additive"},{"name":"1_coin2","bone":"1_coin7","attachment":"1_coin2"},{"name":"1_coin15","bone":"1_coin7","color":"ffffff00","attachment":"1_coin2","blend":"additive"},{"name":"rong","bone":"rong","attachment":"rong"},{"name":"xx1","bone":"xx1","attachment":"xx1"},{"name":"xx2","bone":"xx2","attachment":"xx2"},{"name":"xx3","bone":"xx3","attachment":"xx3"},{"name":"khung","bone":"khung","attachment":"khung"},{"name":"1","bone":"khung","attachment":"1"},{"name":"P","bone":"P","attachment":"P"},{"name":"P2","bone":"P","color":"ffffff00","attachment":"P","blend":"additive"},{"name":"O","bone":"O","attachment":"O"},{"name":"O2","bone":"O","color":"ffffff00","attachment":"O","blend":"additive"},{"name":"T","bone":"T","attachment":"T"},{"name":"T2","bone":"T","color":"ffffff00","attachment":"T","blend":"additive"},{"name":"K","bone":"K","attachment":"K"},{"name":"K2","bone":"K","color":"ffffff00","attachment":"K","blend":"additive"},{"name":"C","bone":"C","attachment":"C"},{"name":"C2","bone":"C","color":"ffffff00","attachment":"C","blend":"additive"},{"name":"A","bone":"A","attachment":"A"},{"name":"A2","bone":"A","color":"ffffff00","attachment":"A","blend":"additive"},{"name":"J","bone":"J","attachment":"J"},{"name":"J2","bone":"J","color":"ffffff00","attachment":"J","blend":"additive"}],"skins":[{"name":"default","attachments":{"1":{"1":{"x":-0.5,"y":-5.5,"width":189,"height":58},"2":{"x":-0.5,"y":-5.5,"width":189,"height":58}},"1_coin1":{"1_coin1":{"x":-2.93,"y":3.08,"width":40,"height":31}},"1_coin13":{"1_coin3":{"x":3.04,"y":-1.52,"width":28,"height":29}},"1_coin14":{"1_coin1":{"x":-2.93,"y":3.08,"width":40,"height":31}},"1_coin15":{"1_coin2":{"x":-0.01,"y":-3.58,"width":23,"height":23}},"1_coin16":{"1_coin1":{"x":-2.93,"y":3.08,"width":40,"height":31}},"1_coin17":{"1_coin3":{"x":3.04,"y":-1.52,"width":28,"height":29}},"1_coin2":{"1_coin2":{"x":-0.01,"y":-3.58,"width":23,"height":23}},"1_coin3":{"1_coin3":{"x":3.04,"y":-1.52,"width":28,"height":29}},"1_coin4":{"1_coin1":{"x":-2.93,"y":3.08,"width":40,"height":31}},"1_coin5":{"1_coin3":{"x":3.04,"y":-1.52,"width":28,"height":29}},"A":{"A":{"x":-0.29,"y":9.59,"width":26,"height":29}},"A2":{"A":{"x":-0.29,"y":9.59,"width":26,"height":29}},"C":{"C":{"x":0.23,"y":10.09,"width":26,"height":30}},"C2":{"C":{"x":0.23,"y":10.09,"width":26,"height":30}},"J":{"J":{"x":0.71,"y":13.09,"width":24,"height":36}},"J2":{"J":{"x":0.71,"y":13.09,"width":24,"height":36}},"K":{"K":{"x":1.27,"y":10.59,"width":27,"height":31}},"K2":{"K":{"x":1.27,"y":10.59,"width":27,"height":31}},"O":{"O":{"x":-0.31,"y":10.09,"width":28,"height":30}},"O2":{"O":{"x":-0.31,"y":10.09,"width":28,"height":30}},"P":{"P":{"x":3.61,"y":13.09,"width":33,"height":36}},"P2":{"P":{"x":3.61,"y":13.09,"width":33,"height":36}},"T":{"T":{"x":1.74,"y":9.59,"width":27,"height":29}},"T2":{"T":{"x":1.74,"y":9.59,"width":27,"height":29}},"khung":{"khung":{"width":186,"height":65}},"rong":{"rong":{"type":"mesh","hull":46,"width":262,"height":111,"uvs":[0.37835,0.01466,0.39694,0.03194,0.41128,0.10681,0.48139,0.18943,0.51254,0.26297,0.62123,0.2941,0.67165,0.44058,0.71501,0.41939,0.75074,0.40193,0.78127,0.4291,0.81402,0.45721,0.83665,0.49937,0.80866,0.40942,0.82668,0.36483,0.88968,0.33404,0.92894,0.39959,0.94196,0.3085,0.97251,0.29357,0.98984,0.36878,1,0.43479,1,0.45718,0.98329,0.54801,0.9678,0.63215,0.94667,0.74699,0.92595,0.85961,0.87394,0.84698,0.82169,0.8343,0.80098,0.74035,0.78512,0.66837,0.72861,0.80413,0.68306,0.87533,0.60082,0.89451,0.51504,0.9145,0.47011,0.80513,0.41258,0.66506,0.37516,0.57397,0.32638,0.64898,0.26374,0.88284,0.22467,0.90586,0.11729,0.82282,0.05725,0.83579,0.05716,0.66327,0.11146,0.55454,0.15102,0.36674,0.18761,0.19309,0.25064,0.10858,0.21465,0.62893,0.23358,0.49767,0.31049,0.3692,0.39094,0.3329,0.44892,0.41947,0.49625,0.55074,0.5424,0.69038,0.60511,0.72947,0.68083,0.62893,0.73408,0.54515,0.79087,0.54794,0.83701,0.67362,0.87488,0.76857,0.91984,0.65128,0.89972,0.49488,0.96598,0.4474],"triangles":[0,2,48,2,0,1,49,2,3,48,45,0,2,49,48,44,45,48,47,43,44,50,49,3,50,3,4,16,18,15,18,16,17,61,18,19,61,15,18,61,19,20,60,14,15,11,13,14,13,11,12,48,47,44,14,60,11,55,7,8,55,8,9,56,9,10,56,10,11,55,9,56,21,61,20,51,50,4,42,43,47,35,48,49,35,49,50,34,35,50,55,54,6,55,6,7,46,42,47,61,21,60,36,48,35,47,48,36,46,47,36,60,21,59,61,60,15,22,59,21,51,34,50,28,55,56,57,11,60,57,60,59,56,11,57,28,56,57,5,51,4,6,51,5,53,52,6,6,52,51,54,53,6,27,28,57,23,59,22,58,57,59,58,59,23,28,29,54,28,54,55,33,34,51,33,51,52,39,42,46,41,42,39,26,27,57,26,57,58,40,41,39,25,26,58,24,58,23,25,58,24,30,54,29,53,54,30,37,46,36,38,39,46,31,52,53,31,53,30,37,38,46,32,33,52,32,52,31],"vertices":[4,24,65.71,-24.91,0.02174,25,9.59,-39.9,0.96953,26,-42.06,-12.2,0.00873,33,-58.51,140.38,0,4,24,60.76,-26.62,0.03351,25,4.67,-38.11,0.9634,26,-43.9,-7.3,0.00309,33,-56.42,135.58,0,4,23,-30.8,53.96,0.00007,24,52.5,-22.76,0.12429,25,0.7,-29.9,0.87565,33,-59.64,127.04,0,7,23,-12.43,44.79,0.01543,24,32.59,-27.75,0.66142,25,-17.9,-21.21,0.30671,27,-45.27,28.34,0.01571,28,-10.63,72.48,0,29,-21.69,77.55,0.00072,33,-53.14,107.57,0,7,23,-4.27,36.63,0.06144,24,21.08,-26.86,0.77635,25,-26.27,-13.26,0.06875,27,-33.98,25.92,0.08325,28,-6.87,61.56,0.00281,29,-19.92,66.15,0.0074,33,-53.14,96.03,0,6,23,24.21,33.17,0.11558,24,-2.79,-42.77,0.30144,27,-8.2,38.49,0.426,28,17.21,45.98,0.06926,29,1.01,46.54,0.08772,33,-35.45,73.45,0,6,23,37.42,16.91,0.02646,24,-23.4,-39.02,0.05666,27,11.72,32.02,0.33335,28,21.97,25.57,0.21178,29,2.07,25.61,0.37175,33,-37.6,52.61,0,6,23,48.78,19.26,0.00225,24,-30.5,-48.2,0.00687,27,19.98,40.16,0.09548,28,33.21,22.71,0.09507,29,12.62,20.8,0.80033,33,-27.91,46.24,0,6,23,58.14,21.2,0.00003,24,-36.34,-55.77,0.00053,27,26.79,46.88,0.02834,28,42.47,20.35,0.01497,29,21.32,16.83,0.91895,30,-16.76,2.74,0.03718,5,27,35.14,48.69,0.0057,29,25.99,9.67,0.71466,30,-9.46,7.19,0.27211,32,28.35,35.83,0.00395,33,-16.39,33.2,0.00359,4,29,31.07,2.09,0.21972,30,-1.73,12.04,0.68531,32,25.85,27.05,0.04717,33,-12.53,24.93,0.0478,5,29,33.09,-5.19,0.00962,30,5.61,13.84,0.60331,31,1.12,25.33,0.00613,32,21.61,20.8,0.16498,33,-11.65,17.43,0.21596,5,29,33.07,7.2,0,30,-6.78,14.2,0.40741,31,-4.88,36.17,0,32,31.04,28.84,0.13253,33,-9.77,29.67,0.46005,3,30,-7.78,20.96,0.38366,32,36.32,24.48,0.12533,33,-2.93,29.83,0.491,3,30,-0.33,36.08,0.21494,32,40.92,8.27,0.05925,33,11.15,20.58,0.72581,3,30,11.73,39.72,0.04003,32,34.41,-2.52,0.00172,33,13.28,8.16,0.95825,2,30,5.85,48.63,0.00061,33,22.84,12.9,0.99939,1,33,29.68,8.41,1,1,33,26.98,-0.71,1,2,32,31.86,-21.37,0.00984,33,23.68,-7.77,0.99016,2,32,29.38,-21.55,0.01996,33,21.93,-9.52,0.98004,2,32,19.01,-17.91,0.23451,33,11.7,-13.56,0.76549,2,32,9.4,-14.54,0.69228,33,2.23,-17.29,0.30772,3,31,26.19,-5.62,0.26295,32,-3.72,-9.94,0.72487,33,-10.7,-22.39,0.01219,3,31,19.2,-17.32,0.8475,32,-16.58,-5.43,0.1525,33,-23.38,-27.39,0,4,30,42.05,-2.16,0.01092,31,5.87,-14.19,0.98899,32,-16.16,8.27,0.00009,33,-32.02,-16.77,0,3,30,32.52,-12.1,0.49537,31,-7.53,-11.04,0.50463,33,-40.71,-6.09,0,4,29,9.75,-21.25,0.0197,30,20.96,-9.97,0.95801,31,-11.57,-0.01,0.02229,33,-37.17,5.12,0,3,28,37.61,-10.18,0.01755,29,11.12,-12.35,0.3247,30,12.11,-8.34,0.65775,3,28,17.7,-17.24,0.90104,29,-9.73,-15.76,0.09554,30,14.89,-29.28,0.00342,3,23,40.41,-31.35,0.00046,27,40.45,-6.87,0.0491,28,3.51,-19.11,0.95044,4,23,18.86,-33.47,0.08033,24,-42.1,11.31,0.00255,27,23.52,-20.37,0.72234,28,-16.8,-11.58,0.19477,4,23,-3.61,-35.69,0.2735,24,-26.48,27.62,0.10897,27,5.85,-34.44,0.61732,28,-37.97,-3.73,0.00021,4,23,-15.38,-23.55,0.29188,24,-9.65,26.06,0.38895,25,-16.72,47.19,0.00032,27,-10.63,-30.64,0.31885,5,23,-30.46,-8.01,0.03956,24,11.92,24.07,0.85172,25,-1.25,32.04,0.07532,26,5.57,42.79,0.01628,27,-31.73,-25.78,0.01712,4,23,-40.26,2.1,0.00013,24,25.94,22.77,0.44841,25,8.81,22.18,0.35759,26,4.62,28.74,0.19388,3,24,30.22,37.41,0.06115,25,21.37,30.84,0.18422,26,19.36,24.82,0.75464,2,25,37.11,57.22,0.00121,26,49.63,30,0.99879,1,26,58.38,24.11,1,2,26,70.36,-2.96,1,33,-170.3,125.31,0,2,26,81.96,-13.69,1,33,-182.45,135.41,0,2,26,67.75,-26.52,1,33,-168.92,148.97,0,2,26,49.26,-24.03,1,33,-150.33,147.45,0,3,25,68.11,0.71,0.00039,26,26.84,-30.29,0.99961,33,-128.26,154.86,0,3,25,59.03,-18.8,0.10243,26,6.1,-36.07,0.89757,33,-107.85,161.71,0,3,25,42.77,-28.61,0.44922,26,-11.92,-30.08,0.55078,33,-89.54,156.67,0,2,25,50.69,29.38,0.00029,26,37.3,1.58,0.99971,2,26,23.16,-4.49,1,33,-123.24,129.29,0,2,25,26.34,-0.1,0.73237,26,-0.93,0.93,0.26763,3,24,40.22,-0.24,0.01637,25,5.37,-4.67,0.98363,33,-81.15,113.06,0,5,23,-20.93,19.25,0.00231,24,22.43,-2.82,0.99594,27,-38.54,2.28,0.00167,29,-43.63,61.98,0.00008,33,-77.21,95.53,0,2,24,3.53,0.17,0.99998,25,-22.84,18.78,0.00002,3,23,3.56,-10.82,0.35706,24,-15.74,4.07,0.04312,27,-1.64,-9.66,0.59981,2,23,19.99,-15.16,0.01687,27,14.51,-4.38,0.98313,6,23,39.83,-4,0.00014,24,-38.84,-24.71,0.00211,27,25.1,15.77,0.10116,28,14.97,5.73,0.80551,29,-8.34,7.32,0.09108,33,-50.68,36.12,0,6,23,53.78,5.3,0.00011,24,-43.37,-40.85,0.00104,27,31.76,31.16,0.02753,28,31.58,7.97,0.0458,29,8.41,6.59,0.92552,33,-34.24,32.84,0,5,29,20.23,-2.45,0.00412,30,2.49,1.07,0.98875,31,-11.47,21.51,0.00001,32,15.37,32.37,0.00399,33,-23.94,22.1,0.00313,4,30,20.92,2.03,0.90311,31,-1.26,6.13,0.06765,32,2.33,19.31,0.02868,33,-25.26,3.68,0.00056,2,31,7.23,-5.59,1,33,-25.69,-10.78,0,2,32,6.37,-2.16,0.97608,33,-8.16,-9.91,0.02392,4,30,15.37,27.19,0.1076,31,17.57,23.71,0.00159,32,23.31,4.35,0.26311,33,0.39,6.09,0.6277,2,32,29.82,-12.58,0.01042,33,16.39,-2.46,0.98958],"edges":[0,90,0,2,2,4,4,6,6,8,8,10,10,12,34,36,36,38,38,40,56,58,58,60,70,72,72,74,74,76,76,78,78,80,80,82,82,84,88,90,84,86,86,88,68,70,64,66,66,68,12,14,14,16,16,18,18,20,20,22,22,24,24,26,26,28,28,30,32,34,30,32,48,50,50,52,52,54,54,56,46,48,44,46,40,42,42,44,60,62,62,64]}},"xx1":{"xx1":{"x":1.93,"y":-3.21,"width":39,"height":39}},"xx2":{"xx2":{"x":-0.57,"y":0.79,"width":32,"height":33}},"xx3":{"xx3":{"x":1.08,"y":-0.65,"width":27,"height":28}}}}],"animations":{"animation":{"slots":{"1":{"attachment":[{"time":0.1333,"name":"2"},{"time":0.2667,"name":"1"},{"time":0.3667,"name":"2"},{"time":0.5,"name":"1"},{"time":0.6333,"name":"2"},{"time":0.7667,"name":"1"},{"time":0.8667,"name":"2"},{"time":1,"name":"1"},{"time":1.1333,"name":"2"},{"time":1.2667,"name":"1"},{"time":1.3667,"name":"2"},{"time":1.5,"name":"1"},{"time":1.6333,"name":"2"},{"time":1.7667,"name":"1"},{"time":1.8667,"name":"2"},{"time":2,"name":"1"}]},"1_coin1":{"color":[{"color":"ffffff00","curve":0.25,"c3":0.75},{"time":0.4,"color":"ffffffff","curve":0.25,"c3":0.75},{"time":0.8333,"color":"ffffff00"}]},"1_coin2":{"color":[{"color":"ffffff00","curve":"stepped"},{"time":0.1667,"color":"ffffff00","curve":0.25,"c3":0.75},{"time":0.5,"color":"ffffffff","curve":0.25,"c3":0.75},{"time":0.8667,"color":"ffffff00"}]},"1_coin3":{"color":[{"color":"ffffff00","curve":"stepped"},{"time":0.3333,"color":"ffffff00","curve":0.25,"c3":0.75},{"time":0.8333,"color":"ffffffff","curve":0.25,"c3":0.75},{"time":1.3,"color":"ffffff00"}]},"1_coin4":{"color":[{"color":"ffffff00","curve":"stepped"},{"time":0.6667,"color":"ffffff00","curve":0.25,"c3":0.75},{"time":1.0667,"color":"ffffffff","curve":0.25,"c3":0.75},{"time":1.4333,"color":"ffffff00"}]},"1_coin5":{"color":[{"color":"ffffff00","curve":"stepped"},{"time":1,"color":"ffffff00","curve":0.25,"c3":0.75},{"time":1.4333,"color":"ffffffff","curve":0.25,"c3":0.75},{"time":1.8333,"color":"ffffff00"}]},"1_coin13":{"color":[{"time":0.3333,"color":"ffffff00","curve":0.25,"c3":0.75},{"time":0.8333,"color":"ffffffc9","curve":0.25,"c3":0.75},{"time":1.3,"color":"ffffff00"}]},"1_coin14":{"color":[{"color":"ffffff00","curve":0.25,"c3":0.75},{"time":0.4,"color":"ffffffc9","curve":0.25,"c3":0.75},{"time":0.8333,"color":"ffffff00"}]},"1_coin15":{"color":[{"time":0.1667,"color":"ffffff00","curve":0.25,"c3":0.75},{"time":0.5,"color":"ffffffc9","curve":0.25,"c3":0.75},{"time":0.8667,"color":"ffffff00"}]},"1_coin16":{"color":[{"time":0.6667,"color":"ffffff00","curve":0.25,"c3":0.75},{"time":1.0667,"color":"ffffffc9","curve":0.25,"c3":0.75},{"time":1.4333,"color":"ffffff00"}]},"1_coin17":{"color":[{"time":1,"color":"ffffff00","curve":0.25,"c3":0.75},{"time":1.4333,"color":"ffffffc9","curve":0.25,"c3":0.75},{"time":1.8333,"color":"ffffff00"}]},"A2":{"color":[{"time":0.1,"color":"ffffff00","curve":0.25,"c3":0.75},{"time":0.2667,"color":"ffffffff","curve":0.25,"c3":0.75},{"time":0.4667,"color":"ffffff00","curve":"stepped"},{"time":1.1,"color":"ffffff00","curve":0.25,"c3":0.75},{"time":1.2667,"color":"ffffffff","curve":0.25,"c3":0.75},{"time":1.4667,"color":"ffffff00"}]},"C2":{"color":[{"time":0.2,"color":"ffffff00","curve":0.25,"c3":0.75},{"time":0.3667,"color":"ffffffff","curve":0.25,"c3":0.75},{"time":0.5667,"color":"ffffff00","curve":"stepped"},{"time":1.2,"color":"ffffff00","curve":0.25,"c3":0.75},{"time":1.3667,"color":"ffffffff","curve":0.25,"c3":0.75},{"time":1.5667,"color":"ffffff00"}]},"J2":{"color":[{"color":"ffffff00","curve":0.25,"c3":0.75},{"time":0.1667,"color":"ffffffff","curve":0.25,"c3":0.75},{"time":0.3667,"color":"ffffff00","curve":"stepped"},{"time":1,"color":"ffffff00","curve":0.25,"c3":0.75},{"time":1.1667,"color":"ffffffff","curve":0.25,"c3":0.75},{"time":1.3667,"color":"ffffff00"}]},"K2":{"color":[{"time":0.3,"color":"ffffff00","curve":0.25,"c3":0.75},{"time":0.4667,"color":"ffffffff","curve":0.25,"c3":0.75},{"time":0.6667,"color":"ffffff00","curve":"stepped"},{"time":1.3,"color":"ffffff00","curve":0.25,"c3":0.75},{"time":1.4667,"color":"ffffffff","curve":0.25,"c3":0.75},{"time":1.6667,"color":"ffffff00"}]},"O2":{"color":[{"time":0.5,"color":"ffffff00","curve":0.25,"c3":0.75},{"time":0.6667,"color":"ffffffff","curve":0.25,"c3":0.75},{"time":0.8667,"color":"ffffff00","curve":"stepped"},{"time":1.5,"color":"ffffff00","curve":0.25,"c3":0.75},{"time":1.6667,"color":"ffffffff","curve":0.25,"c3":0.75},{"time":1.8667,"color":"ffffff00"}]},"P2":{"color":[{"time":0.4,"color":"ffffff00","curve":0.25,"c3":0.75},{"time":0.5667,"color":"ffffffff","curve":0.25,"c3":0.75},{"time":0.7667,"color":"ffffff00","curve":"stepped"},{"time":1.4,"color":"ffffff00","curve":0.25,"c3":0.75},{"time":1.5667,"color":"ffffffff","curve":0.25,"c3":0.75},{"time":1.7667,"color":"ffffff00"}]},"T2":{"color":[{"time":0.6,"color":"ffffff00","curve":0.25,"c3":0.75},{"time":0.7667,"color":"ffffffff","curve":0.25,"c3":0.75},{"time":0.9667,"color":"ffffff00","curve":"stepped"},{"time":1.6,"color":"ffffff00","curve":0.25,"c3":0.75},{"time":1.7667,"color":"ffffffff","curve":0.25,"c3":0.75},{"time":1.9667,"color":"ffffff00"}]}},"bones":{"T":{"scale":[{"time":0.6,"curve":0.25,"c3":0.75},{"time":0.7667,"x":1.1,"y":1.1,"curve":0.25,"c3":0.75},{"time":0.9667,"curve":"stepped"},{"time":1.6,"curve":0.25,"c3":0.75},{"time":1.7667,"x":1.1,"y":1.1,"curve":0.25,"c3":0.75},{"time":1.9667}]},"P":{"scale":[{"time":0.4,"curve":0.25,"c3":0.75},{"time":0.5667,"x":1.1,"y":1.1,"curve":0.25,"c3":0.75},{"time":0.7667,"curve":"stepped"},{"time":1.4,"curve":0.25,"c3":0.75},{"time":1.5667,"x":1.1,"y":1.1,"curve":0.25,"c3":0.75},{"time":1.7667}]},"O":{"scale":[{"time":0.5,"curve":0.25,"c3":0.75},{"time":0.6667,"x":1.1,"y":1.1,"curve":0.25,"c3":0.75},{"time":0.8667,"curve":"stepped"},{"time":1.5,"curve":0.25,"c3":0.75},{"time":1.6667,"x":1.1,"y":1.1,"curve":0.25,"c3":0.75},{"time":1.8667}]},"K":{"scale":[{"time":0.3,"curve":0.25,"c3":0.75},{"time":0.4667,"x":1.1,"y":1.1,"curve":0.25,"c3":0.75},{"time":0.6667,"curve":"stepped"},{"time":1.3,"curve":0.25,"c3":0.75},{"time":1.4667,"x":1.1,"y":1.1,"curve":0.25,"c3":0.75},{"time":1.6667}]},"J":{"scale":[{"curve":0.25,"c3":0.75},{"time":0.1667,"x":1.1,"y":1.1,"curve":0.25,"c3":0.75},{"time":0.3667,"curve":"stepped"},{"time":1,"curve":0.25,"c3":0.75},{"time":1.1667,"x":1.1,"y":1.1,"curve":0.25,"c3":0.75},{"time":1.3667}]},"C":{"scale":[{"time":0.2,"curve":0.25,"c3":0.75},{"time":0.3667,"x":1.1,"y":1.1,"curve":0.25,"c3":0.75},{"time":0.5667,"curve":"stepped"},{"time":1.2,"curve":0.25,"c3":0.75},{"time":1.3667,"x":1.1,"y":1.1,"curve":0.25,"c3":0.75},{"time":1.5667}]},"A":{"scale":[{"time":0.1,"curve":0.25,"c3":0.75},{"time":0.2667,"x":1.1,"y":1.1,"curve":0.25,"c3":0.75},{"time":0.4667,"curve":"stepped"},{"time":1.1,"curve":0.25,"c3":0.75},{"time":1.2667,"x":1.1,"y":1.1,"curve":0.25,"c3":0.75},{"time":1.4667}]},"1_coin10":{"rotate":[{"time":1},{"time":1.9333,"angle":-108.83}],"translate":[{"y":-145.03,"curve":"stepped"},{"time":1,"y":-145.03,"curve":0.144,"c2":0.44,"c3":0.626},{"time":1.4333,"y":9.34,"curve":0.413,"c3":0.782,"c4":0.66},{"time":1.9333,"y":-151.11}]},"1_coin9":{"translate":[{"x":-88.61,"curve":"stepped"},{"time":1,"x":-88.61},{"time":1.9333,"x":35.68}]},"1_coin2":{"translate":[{"time":0.1667},{"time":1.1667,"x":76.98}]},"1_coin7":{"rotate":[{"time":0.1667},{"time":1,"angle":120}],"translate":[{"y":-134.07,"curve":"stepped"},{"time":0.1667,"y":-134.07,"curve":0.144,"c2":0.44,"c3":0.626},{"time":0.6,"y":0.67,"curve":0.413,"c3":0.782,"c4":0.66},{"time":1,"y":-140.66}]},"1_coin8":{"rotate":[{"time":0.6667},{"time":1.5333,"angle":-131.85}],"translate":[{"y":-46.69,"curve":"stepped"},{"time":0.6667,"y":-46.69,"curve":0.144,"c2":0.44,"c3":0.626},{"time":1.1,"y":73.54,"curve":0.413,"c3":0.782,"c4":0.66},{"time":1.5333,"y":-59.36}]},"1_coin6":{"rotate":[{"time":0.3333},{"time":1.5,"angle":-108.83}],"translate":[{"y":-146.25,"curve":"stepped"},{"time":0.3333,"y":-146.25,"curve":0.144,"c2":0.44,"c3":0.626},{"time":0.9,"y":9.34,"curve":0.413,"c3":0.782,"c4":0.66},{"time":1.5,"y":-151.11}]},"1_coin3":{"translate":[{"x":12.31},{"time":0.3333},{"time":1.5,"x":-98.72}]},"1_coin4":{"translate":[{"x":65.76,"curve":"stepped"},{"time":0.6667,"x":65.76},{"time":1.5,"x":4.62}],"scale":[{"x":0.8,"y":0.8}]},"1_coin5":{"rotate":[{},{"time":1,"angle":-131.85}],"translate":[{"y":-51.49,"curve":0.144,"c2":0.44,"c3":0.626},{"time":0.5,"y":78.27,"curve":0.413,"c3":0.782,"c4":0.66},{"time":1,"y":-59.36}]},"1_coin1":{"translate":[{},{"time":1,"x":-86.04}]},"rong":{"rotate":[{"angle":1.83}],"translate":[{"curve":0.25,"c3":0.75},{"time":0.5,"y":-3.9,"curve":0.25,"c3":0.75},{"time":1,"curve":0.25,"c3":0.75},{"time":1.5,"y":-3.9,"curve":0.25,"c3":0.75},{"time":2}]},"rong11":{"rotate":[{"angle":-1.23,"curve":0.277,"c2":0.12,"c3":0.754},{"time":0.4667,"angle":2.52,"curve":0.313,"c3":0.648,"c4":0.35},{"time":0.5,"angle":2.43,"curve":0.277,"c2":0.12,"c3":0.754},{"time":0.9667,"angle":-1.32,"curve":0.25,"c3":0.75},{"time":1.4667,"angle":2.52,"curve":0.25,"c3":0.75},{"time":1.9667,"angle":-1.32,"curve":0.313,"c3":0.648,"c4":0.35},{"time":2,"angle":-1.23}]},"rong10":{"rotate":[{"angle":-0.82,"curve":0.32,"c2":0.29,"c3":0.757},{"time":0.4,"angle":2.52,"curve":0.284,"c3":0.625,"c4":0.38},{"time":0.5,"angle":2.02,"curve":0.32,"c2":0.29,"c3":0.757},{"time":0.9,"angle":-1.32,"curve":0.25,"c3":0.75},{"time":1.4,"angle":2.52,"curve":0.25,"c3":0.75},{"time":1.9,"angle":-1.32,"curve":0.284,"c3":0.625,"c4":0.38},{"time":2,"angle":-0.82}]},"rong9":{"rotate":[{"angle":-0.23,"curve":0.351,"c2":0.4,"c3":0.757},{"time":0.3333,"angle":2.52,"curve":0.265,"c3":0.618,"c4":0.43},{"time":0.5,"angle":1.43,"curve":0.351,"c2":0.4,"c3":0.757},{"time":0.8333,"angle":-1.32,"curve":0.25,"c3":0.75},{"time":1.3333,"angle":2.52,"curve":0.25,"c3":0.75},{"time":1.8333,"angle":-1.32,"curve":0.265,"c3":0.618,"c4":0.43},{"time":2,"angle":-0.23}]},"rong8":{"rotate":[{"angle":0.43,"curve":0.372,"c2":0.48,"c3":0.752},{"time":0.2667,"angle":2.52,"curve":0.252,"c3":0.622,"c4":0.48},{"time":0.5,"angle":0.77,"curve":0.372,"c2":0.48,"c3":0.752},{"time":0.7667,"angle":-1.32,"curve":0.25,"c3":0.75},{"time":1.2667,"angle":2.52,"curve":0.25,"c3":0.75},{"time":1.7667,"angle":-1.32,"curve":0.252,"c3":0.622,"c4":0.48},{"time":2,"angle":0.43}]},"rong7":{"rotate":[{"angle":1.1,"curve":0.381,"c2":0.55,"c3":0.742},{"time":0.2,"angle":2.52,"curve":0.245,"c3":0.637,"c4":0.56},{"time":0.5,"angle":0.09,"curve":0.381,"c2":0.55,"c3":0.742},{"time":0.7,"angle":-1.32,"curve":0.25,"c3":0.75},{"time":1.2,"angle":2.52,"curve":0.25,"c3":0.75},{"time":1.7,"angle":-1.32,"curve":0.245,"c3":0.637,"c4":0.56},{"time":2,"angle":1.1}]},"rong6":{"rotate":[{"angle":1.74,"curve":0.38,"c2":0.59,"c3":0.727},{"time":0.1333,"angle":2.52,"curve":0.242,"c3":0.663,"c4":0.65},{"time":0.5,"angle":-0.54,"curve":0.38,"c2":0.59,"c3":0.727},{"time":0.6333,"angle":-1.32,"curve":0.25,"c3":0.75},{"time":1.1333,"angle":2.52,"curve":0.25,"c3":0.75},{"time":1.6333,"angle":-1.32,"curve":0.242,"c3":0.663,"c4":0.65},{"time":2,"angle":1.74}]},"rong5":{"rotate":[{"angle":2.25,"curve":0.366,"c2":0.63,"c3":0.703},{"time":0.0667,"angle":2.52,"curve":0.244,"c3":0.7,"c4":0.79},{"time":0.5,"angle":-1.05,"curve":0.366,"c2":0.63,"c3":0.703},{"time":0.5667,"angle":-1.32,"curve":0.25,"c3":0.75},{"time":1.0667,"angle":2.52,"curve":0.25,"c3":0.75},{"time":1.5667,"angle":-1.32,"curve":0.244,"c3":0.7,"c4":0.79},{"time":2,"angle":2.25}]},"rong4":{"rotate":[{"angle":-0.4,"curve":0.363,"c2":0.44,"c3":0.755},{"time":0.3,"angle":-1.97,"curve":0.25,"c3":0.75},{"time":0.8,"angle":0.51,"curve":0.25,"c3":0.75},{"time":1.3,"angle":-1.97,"curve":0.25,"c3":0.75},{"time":1.8,"angle":0.51,"curve":0.258,"c3":0.619,"c4":0.45},{"time":2,"angle":-0.4}],"translate":[{"x":0.02,"y":0.37,"curve":0.381,"c2":0.55,"c3":0.742},{"time":0.2,"curve":0.25,"c3":0.75},{"time":0.7,"x":0.06,"y":1,"curve":0.25,"c3":0.75},{"time":1.2,"curve":0.25,"c3":0.75},{"time":1.7,"x":0.06,"y":1,"curve":0.245,"c3":0.637,"c4":0.56},{"time":2,"x":0.02,"y":0.37}]},"rong3":{"rotate":[{"angle":-1.06,"curve":0.381,"c2":0.55,"c3":0.742},{"time":0.2,"angle":-1.97,"curve":0.25,"c3":0.75},{"time":0.7,"angle":0.51,"curve":0.25,"c3":0.75},{"time":1.2,"angle":-1.97,"curve":0.25,"c3":0.75},{"time":1.7,"angle":0.51,"curve":0.245,"c3":0.637,"c4":0.56},{"time":2,"angle":-1.06}],"translate":[{"x":0.19,"y":-0.18,"curve":0.38,"c2":0.59,"c3":0.727},{"time":0.1333,"x":0.45,"y":-0.49,"curve":0.25,"c3":0.75},{"time":0.6333,"x":-0.82,"y":1.05,"curve":0.25,"c3":0.75},{"time":1.1333,"x":0.45,"y":-0.49,"curve":0.25,"c3":0.75},{"time":1.6333,"x":-0.82,"y":1.05,"curve":0.242,"c3":0.663,"c4":0.65},{"time":2,"x":0.19,"y":-0.18}]},"rong2":{"rotate":[{"angle":-1.47,"curve":0.38,"c2":0.59,"c3":0.727},{"time":0.1333,"angle":-1.97,"curve":0.25,"c3":0.75},{"time":0.6333,"angle":0.51,"curve":0.25,"c3":0.75},{"time":1.1333,"angle":-1.97,"curve":0.25,"c3":0.75},{"time":1.6333,"angle":0.51,"curve":0.242,"c3":0.663,"c4":0.65},{"time":2,"angle":-1.47}]},"xx3":{"rotate":[{"angle":-0.02}],"translate":[{"y":-1.11,"curve":0.351,"c2":0.4,"c3":0.757},{"time":0.3333,"y":5.31},{"time":0.8333,"y":-3.65,"curve":0.25,"c3":0.75},{"time":1.3333,"y":5.31,"curve":0.25,"c3":0.75},{"time":1.8333,"y":-3.65,"curve":0.265,"c3":0.618,"c4":0.43},{"time":2,"y":-1.11}]},"xx2":{"rotate":[{"angle":-0.02}],"translate":[{"y":-1.84,"curve":0.38,"c2":0.59,"c3":0.727},{"time":0.1333,"y":-3.65,"curve":0.25,"c3":0.75},{"time":0.6333,"y":5.31},{"time":1.1333,"y":-3.65,"curve":0.25,"c3":0.75},{"time":1.6333,"y":5.31,"curve":0.242,"c3":0.663,"c4":0.65},{"time":2,"y":-1.84}]},"xx1":{"rotate":[{"angle":-0.02}],"translate":[{"y":4.69,"curve":0.3,"c2":0.21,"c3":0.756},{"time":0.4333,"y":-3.65,"curve":0.25,"c3":0.75},{"time":0.9333,"y":5.31},{"time":1.4333,"y":-3.65,"curve":0.25,"c3":0.75},{"time":1.9333,"y":5.31,"curve":0.297,"c3":0.634,"c4":0.37},{"time":2,"y":4.69}]}}}}},[0]]],0,0,[0],[-1],[0]]