[1,["5a+DXtFtpLm73xKnEB6yoG"],["_textureSetter"],["cc.SpriteFrame"],0,[[[{"name":"fast_vfx_c_18","rect":[1431,1,91,572],"offset":[15,3],"originalSize":[161,592],"capInsets":[0,0,0,0]}],[0],0,[0],[0],[0]],[[{"name":"fast_vfx_c_24","rect":[332,1,105,572],"offset":[8,3],"originalSize":[161,592],"capInsets":[0,0,0,0]}],[0],0,[0],[0],[0]],[[{"name":"fast_vfx_c_37","rect":[1423,575,91,572],"offset":[16,3],"originalSize":[161,592],"capInsets":[0,0,0,0]}],[0],0,[0],[0],[0]],[[{"name":"fast_vfx_c_11","rect":[435,575,103,572],"offset":[9,3],"originalSize":[161,592],"capInsets":[0,0,0,0]}],[0],0,[0],[0],[0]],[[{"name":"fast_vfx_c_38","rect":[1243,1,93,572],"offset":[14,3],"originalSize":[161,592],"capInsets":[0,0,0,0]}],[0],0,[0],[0],[0]],[[{"name":"fast_vfx_c_28","rect":[752,1,99,572],"offset":[11,3],"originalSize":[161,592],"capInsets":[0,0,0,0]}],[0],0,[0],[0],[0]],[[{"name":"fast_vfx_c_05","rect":[1235,575,93,570],"offset":[19,2],"originalSize":[161,592],"capInsets":[0,0,0,0]}],[0],0,[0],[0],[0]],[[{"name":"fast_vfx_c_33","rect":[328,575,105,572],"offset":[12,3],"originalSize":[161,592],"capInsets":[0,0,0,0]}],[0],0,[0],[0],[0]],[[{"name":"fast_vfx_c_16","rect":[1140,575,93,572],"offset":[17,3],"originalSize":[161,592],"capInsets":[0,0,0,0]}],[0],0,[0],[0],[0]],[[{"name":"fast_vfx_c_03","rect":[1,1149,101,572],"offset":[16,3],"originalSize":[161,592],"rotated":1,"capInsets":[0,0,0,0]}],[0],0,[0],[0],[0]],[[{"name":"fast_vfx_c_25","rect":[1,1357,103,558],"offset":[9,-4],"originalSize":[161,592],"rotated":1,"capInsets":[0,0,0,0]}],[0],0,[0],[0],[0]],[[{"name":"fast_vfx_c_30","rect":[575,1149,93,572],"offset":[16,3],"originalSize":[161,592],"rotated":1,"capInsets":[0,0,0,0]}],[0],0,[0],[0],[0]],[[{"name":"fast_vfx_c_35","rect":[1,1,113,572],"offset":[7,3],"originalSize":[161,592],"capInsets":[0,0,0,0]}],[0],0,[0],[0],[0]],[[{"name":"fast_vfx_c_01","rect":[540,575,101,572],"offset":[14,3],"originalSize":[161,592],"capInsets":[0,0,0,0]}],[0],0,[0],[0],[0]],[[{"name":"fast_vfx_c_04","rect":[439,1,103,572],"offset":[15,3],"originalSize":[161,592],"capInsets":[0,0,0,0]}],[0],0,[0],[0],[0]],[[{"name":"fast_vfx_c_12","rect":[1148,1,93,572],"offset":[14,3],"originalSize":[161,592],"capInsets":[0,0,0,0]}],[0],0,[0],[0],[0]],[[{"name":"fast_vfx_c_27","rect":[571,1331,87,572],"offset":[18,3],"originalSize":[161,592],"rotated":1,"capInsets":[0,0,0,0]}],[0],0,[0],[0],[0]],[[{"name":"fast_vfx_c_08","rect":[853,1,97,572],"offset":[13,3],"originalSize":[161,592],"capInsets":[0,0,0,0]}],[0],0,[0],[0],[0]],[[{"name":"fast_vfx_c_14","rect":[575,1244,85,572],"offset":[21,3],"originalSize":[161,592],"rotated":1,"capInsets":[0,0,0,0]}],[0],0,[0],[0],[0]],[[{"name":"fast_vfx_c_23","rect":[112,575,107,572],"offset":[6,3],"originalSize":[161,592],"capInsets":[0,0,0,0]}],[0],0,[0],[0],[0]],[[{"name":"fast_vfx_c_17","rect":[1338,1,91,572],"offset":[14,3],"originalSize":[161,592],"capInsets":[0,0,0,0]}],[0],0,[0],[0],[0]],[[{"name":"fast_vfx_c_22","rect":[221,575,105,572],"offset":[7,3],"originalSize":[161,592],"capInsets":[0,0,0,0]}],[0],0,[0],[0],[0]],[[{"name":"fast_vfx_c_00","rect":[116,1,107,572],"offset":[11,3],"originalSize":[161,592],"capInsets":[0,0,0,0]}],[0],0,[0],[0],[0]],[[{"name":"fast_vfx_c_21","rect":[1,1252,103,568],"offset":[10,1],"originalSize":[161,592],"rotated":1,"capInsets":[0,0,0,0]}],[0],0,[0],[0],[0]],[[{"name":"fast_vfx_c_34","rect":[1,575,109,572],"offset":[9,3],"originalSize":[161,592],"capInsets":[0,0,0,0]}],[0],0,[0],[0],[0]],[[{"name":"fast_vfx_c_06","rect":[1330,575,91,570],"offset":[19,2],"originalSize":[161,592],"capInsets":[0,0,0,0]}],[0],0,[0],[0],[0]],[[{"name":"fast_vfx_c_02","rect":[225,1,105,572],"offset":[13,3],"originalSize":[161,592],"capInsets":[0,0,0,0]}],[0],0,[0],[0],[0]],[[{"name":"fast_vfx_c_20","rect":[845,575,97,572],"offset":[11,3],"originalSize":[161,592],"capInsets":[0,0,0,0]}],[0],0,[0],[0],[0]],[[{"name":"fast_vfx_c_07","rect":[1,1462,91,568],"offset":[17,4],"originalSize":[161,592],"rotated":1,"capInsets":[0,0,0,0]}],[0],0,[0],[0],[0]],[[{"name":"fast_vfx_c_10","rect":[643,575,99,572],"offset":[11,3],"originalSize":[161,592],"capInsets":[0,0,0,0]}],[0],0,[0],[0],[0]],[[{"name":"fast_vfx_c_15","rect":[1516,575,89,572],"offset":[19,3],"originalSize":[161,592],"capInsets":[0,0,0,0]}],[0],0,[0],[0],[0]],[[{"name":"fast_vfx_c_09","rect":[1051,1,95,572],"offset":[13,3],"originalSize":[161,592],"capInsets":[0,0,0,0]}],[0],0,[0],[0],[0]],[[{"name":"fast_vfx_c_13","rect":[1524,1,81,572],"offset":[22,3],"originalSize":[161,592],"capInsets":[0,0,0,0]}],[0],0,[0],[0],[0]],[[{"name":"fast_vfx_c_40","rect":[744,575,99,572],"offset":[13,3],"originalSize":[161,592],"capInsets":[0,0,0,0]}],[0],0,[0],[0],[0]],[[{"name":"fast_vfx_c_36","rect":[544,1,103,572],"offset":[11,3],"originalSize":[161,592],"capInsets":[0,0,0,0]}],[0],0,[0],[0],[0]],[[{"name":"fast_vfx_c_39","rect":[944,575,97,572],"offset":[12,3],"originalSize":[161,592],"capInsets":[0,0,0,0]}],[0],0,[0],[0],[0]],[[{"name":"fast_vfx_c_19","rect":[1043,575,95,572],"offset":[13,3],"originalSize":[161,592],"capInsets":[0,0,0,0]}],[0],0,[0],[0],[0]],[[{"name":"fast_vfx_c_31","rect":[952,1,97,572],"offset":[15,3],"originalSize":[161,592],"capInsets":[0,0,0,0]}],[0],0,[0],[0],[0]],[[{"name":"fast_vfx_c_29","rect":[571,1420,89,572],"offset":[17,3],"originalSize":[161,592],"rotated":1,"capInsets":[0,0,0,0]}],[0],0,[0],[0],[0]],[[{"name":"fast_vfx_c_26","rect":[571,1511,85,566],"offset":[17,0],"originalSize":[161,592],"rotated":1,"capInsets":[0,0,0,0]}],[0],0,[0],[0],[0]],[[{"name":"fast_vfx_c_32","rect":[649,1,101,572],"offset":[13,3],"originalSize":[161,592],"capInsets":[0,0,0,0]}],[0],0,[0],[0],[0]]]]