[1,["a7KZpMDyxIZ5diWkk2e8PF"],["_textureSetter"],["cc.SpriteFrame"],0,[[[{"name":"dragon_particle_screen_mode_13","rect":[1,905,114,331],"offset":[-1,0],"originalSize":[194,421],"rotated":1,"capInsets":[0,0,0,0]}],[0],0,[0],[0],[0]],[[{"name":"dragon_particle_screen_mode_39","rect":[762,654,136,355],"offset":[0,-1],"originalSize":[194,421],"capInsets":[0,0,0,0]}],[0],0,[0],[0],[0]],[[{"name":"dragon_particle_screen_mode_33","rect":[139,1,136,381],"offset":[0,13],"originalSize":[194,421],"rotated":1,"capInsets":[0,0,0,0]}],[0],0,[0],[0],[0]],[[{"name":"dragon_particle_screen_mode_30","rect":[381,798,136,379],"offset":[0,12],"originalSize":[194,421],"rotated":1,"capInsets":[0,0,0,0]}],[0],0,[0],[0],[0]],[[{"name":"dragon_particle_screen_mode_16","rect":[900,654,120,343],"offset":[1,3],"originalSize":[194,421],"capInsets":[0,0,0,0]}],[0],0,[0],[0],[0]],[[{"name":"dragon_particle_screen_mode_32","rect":[1,384,136,381],"offset":[0,13],"originalSize":[194,421],"rotated":1,"capInsets":[0,0,0,0]}],[0],0,[0],[0],[0]],[[{"name":"dragon_particle_screen_mode_14","rect":[263,522,116,335],"offset":[0,2],"originalSize":[194,421],"capInsets":[0,0,0,0]}],[0],0,[0],[0],[0]],[[{"name":"dragon_particle_screen_mode_34","rect":[522,1,136,379],"offset":[0,12],"originalSize":[194,421],"capInsets":[0,0,0,0]}],[0],0,[0],[0],[0]],[[{"name":"dragon_particle_screen_mode_41","rect":[660,1,136,355],"offset":[0,-1],"originalSize":[194,421],"capInsets":[0,0,0,0]}],[0],0,[0],[0],[0]],[[{"name":"dragon_particle_screen_mode_06","rect":[903,382,64,145],"offset":[-15,-89],"originalSize":[194,421],"capInsets":[0,0,0,0]}],[0],0,[0],[0],[0]],[[{"name":"dragon_particle_screen_mode_29","rect":[381,660,136,379],"offset":[0,12],"originalSize":[194,421],"rotated":1,"capInsets":[0,0,0,0]}],[0],0,[0],[0],[0]],[[{"name":"dragon_particle_screen_mode_38","rect":[139,522,122,381],"offset":[0,13],"originalSize":[194,421],"capInsets":[0,0,0,0]}],[0],0,[0],[0],[0]],[[{"name":"dragon_particle_screen_mode_35","rect":[139,139,136,381],"offset":[-1,13],"originalSize":[194,421],"rotated":1,"capInsets":[0,0,0,0]}],[0],0,[0],[0],[0]],[[{"name":"dragon_particle_screen_mode_26","rect":[522,382,134,379],"offset":[0,11],"originalSize":[194,421],"rotated":1,"capInsets":[0,0,0,0]}],[0],0,[0],[0],[0]],[[{"name":"dragon_particle_screen_mode_27","rect":[522,518,134,379],"offset":[0,12],"originalSize":[194,421],"rotated":1,"capInsets":[0,0,0,0]}],[0],0,[0],[0],[0]],[[{"name":"dragon_particle_screen_mode_37","rect":[1,522,136,381],"offset":[0,12],"originalSize":[194,421],"capInsets":[0,0,0,0]}],[0],0,[0],[0],[0]],[[{"name":"dragon_particle_screen_mode_28","rect":[798,1,134,379],"offset":[0,12],"originalSize":[194,421],"capInsets":[0,0,0,0]}],[0],0,[0],[0],[0]],[[{"name":"dragon_particle_screen_mode_05","rect":[903,529,54,121],"offset":[-18,-99],"originalSize":[194,421],"capInsets":[0,0,0,0]}],[0],0,[0],[0],[0]],[[{"name":"dragon_particle_screen_mode_31","rect":[1,1,136,381],"offset":[0,13],"originalSize":[194,421],"capInsets":[0,0,0,0]}],[0],0,[0],[0],[0]],[[{"name":"dragon_particle_screen_mode_36","rect":[384,277,136,381],"offset":[0,13],"originalSize":[194,421],"capInsets":[0,0,0,0]}],[0],0,[0],[0],[0]],[[{"name":"dragon_particle_screen_mode_07","rect":[139,277,88,225],"offset":[-9,-50],"originalSize":[194,421],"rotated":1,"capInsets":[0,0,0,0]}],[0],0,[0],[0],[0]]]]