[1,["0d0PAEvL5KLJqWyeLMqUPO","76y640IyVI4bE0/e52mIi6","fcs+FMniVIgJlr38q4BAuR","67NHq48D5MdrRh7DIIUKEN","4bM3fv+alLo74+eAlFlVyE","cfWy3TWcNMcZVZ1jydAeXG","05cYoBX91Ozp6rmghtLGDR","c8+tAP4UFNWZA0C0BcP1sN","145x/DlBNOEKujYgCYErdF","93ZEMAXbpPuY9Nvlahy3xg","16XjgFeP9I/J1St9CGzATn","33dyHjcSNLEpEesStAvrt0","28lxdX9KJNRYUIwehYChWq","64iPH41fVLP5r0PqNL6/CO","3asI2ItnpK0JYXBeanGIZR","8ecIrxFdNIW6CZdPYaaADW","c3Zne5jf5K+6G+mBKNXJu3","faxKUDWnBKOLMVx+T9zipS","f4OkDJXNxHYbNpzzfMQhjt","172b8l9+hHQ5v7djZLV56L","91pIS/wwxIn5h3/FzVEZC1","ee7givbP9JaIs/ZUFcbT9d","e9oLeqLk9JmaIhNm9Itkzh","44wvvp3rpDBKQuTPbGmcbK","59vgKfczlEsqthc9Pneonu","42vTf+bz9BCbMM6DaD/LIS","8a4U63UaRHL49/J//igT6X","01gyy2Qy9IxriLXCtUQHan","8c1NPVnZNO9atgkHTASTlA","49qYfCM7RNiZ8SzwwE1P3a","64qnMFZfFJEpGHfP9EnIo0"],["value"],[["cc.AnimationClip",["_name","_duration","sample","curveData"],0,11]],[[0,0,1,2,3,4]],[[0,"topSymbol",3.1,10,[{},"comps",11,[{},"cc.Sprite",11,[{},"spriteFrame",12,[[[{"frame":0},"value",6,0],[{"frame":0.1},"value",6,1],[{"frame":0.2},"value",6,2],[{"frame":0.3},"value",6,3],[{"frame":0.4},"value",6,4],[{"frame":0.5},"value",6,5],[{"frame":0.6},"value",6,6],[{"frame":0.7},"value",6,7],[{"frame":0.8},"value",6,8],[{"frame":0.9},"value",6,9],[{"frame":1},"value",6,10],[{"frame":1.1},"value",6,11],[{"frame":1.2},"value",6,12],[{"frame":1.3},"value",6,13],[{"frame":1.4},"value",6,14],[{"frame":1.5},"value",6,15],[{"frame":1.6},"value",6,16],[{"frame":1.7},"value",6,17],[{"frame":1.8},"value",6,18],[{"frame":1.9},"value",6,19],[{"frame":2},"value",6,20],[{"frame":2.1},"value",6,21],[{"frame":2.2},"value",6,22],[{"frame":2.3},"value",6,23],[{"frame":2.4},"value",6,24],[{"frame":2.5},"value",6,25],[{"frame":2.6},"value",6,26],[{"frame":2.7},"value",6,27],[{"frame":2.8},"value",6,28],[{"frame":2.9},"value",6,29],[{"frame":3},"value",6,30]],11,11,11,11,11,11,11,11,11,11,11,11,11,11,11,11,11,11,11,11,11,11,11,11,11,11,11,11,11,11,11]]]]]],0,0,[0,0,0,0,0,0,0,0,0,0,0,0,0,0,0,0,0,0,0,0,0,0,0,0,0,0,0,0,0,0,0],[0,0,0,0,0,0,0,0,0,0,0,0,0,0,0,0,0,0,0,0,0,0,0,0,0,0,0,0,0,0,0],[0,1,2,3,4,5,6,7,8,9,10,11,12,13,14,15,16,17,18,19,20,21,22,23,24,25,26,27,28,29,30]]