[1,["feFeLL3MpBg75y96KbE/pb"],["_textureSetter"],["cc.SpriteFrame"],0,[[[{"name":"s_btm_wild_11","rect":[210,317,207,156],"offset":[-1,-1],"originalSize":[221,174],"capInsets":[0,0,0,0]}],[0],0,[0],[0],[0]],[[{"name":"s_btm_wild_07","rect":[419,159,207,156],"offset":[-1,-1],"originalSize":[221,174],"capInsets":[0,0,0,0]}],[0],0,[0],[0],[0]],[[{"name":"s_btm_wild_09","rect":[837,210,207,156],"offset":[-1,-1],"originalSize":[221,174],"rotated":1,"capInsets":[0,0,0,0]}],[0],0,[0],[0],[0]],[[{"name":"s_btm_wild_14","rect":[837,419,207,156],"offset":[-1,-1],"originalSize":[221,174],"rotated":1,"capInsets":[0,0,0,0]}],[0],0,[0],[0],[0]],[[{"name":"s_btm_wild_17","rect":[419,475,207,156],"offset":[-1,-1],"originalSize":[221,174],"capInsets":[0,0,0,0]}],[0],0,[0],[0],[0]],[[{"name":"s_btm_wild_03","rect":[628,1,207,156],"offset":[-1,-1],"originalSize":[221,174],"capInsets":[0,0,0,0]}],[0],0,[0],[0],[0]],[[{"name":"s_btm_wild_12","rect":[419,317,207,156],"offset":[-1,-1],"originalSize":[221,174],"capInsets":[0,0,0,0]}],[0],0,[0],[0],[0]],[[{"name":"s_btm_wild_16","rect":[210,475,207,156],"offset":[-1,-1],"originalSize":[221,174],"capInsets":[0,0,0,0]}],[0],0,[0],[0],[0]],[[{"name":"s_btm_wild_06","rect":[210,159,207,156],"offset":[-1,-1],"originalSize":[221,174],"capInsets":[0,0,0,0]}],[0],0,[0],[0],[0]],[[{"name":"s_btm_wild_02","rect":[419,1,207,156],"offset":[-1,-1],"originalSize":[221,174],"capInsets":[0,0,0,0]}],[0],0,[0],[0],[0]],[[{"name":"s_btm_wild_05","rect":[1,159,207,156],"offset":[-1,-1],"originalSize":[221,174],"capInsets":[0,0,0,0]}],[0],0,[0],[0],[0]],[[{"name":"s_btm_wild_00","rect":[1,1,207,156],"offset":[-1,-1],"originalSize":[221,174],"capInsets":[0,0,0,0]}],[0],0,[0],[0],[0]],[[{"name":"s_btm_wild_04","rect":[837,1,207,156],"offset":[-1,-1],"originalSize":[221,174],"rotated":1,"capInsets":[0,0,0,0]}],[0],0,[0],[0],[0]],[[{"name":"s_btm_wild_15","rect":[1,475,207,156],"offset":[-1,-1],"originalSize":[221,174],"capInsets":[0,0,0,0]}],[0],0,[0],[0],[0]],[[{"name":"s_btm_wild_10","rect":[1,317,207,156],"offset":[-1,-1],"originalSize":[221,174],"capInsets":[0,0,0,0]}],[0],0,[0],[0],[0]],[[{"name":"s_btm_wild_13","rect":[628,317,207,156],"offset":[-1,-1],"originalSize":[221,174],"capInsets":[0,0,0,0]}],[0],0,[0],[0],[0]],[[{"name":"s_btm_wild_08","rect":[628,159,207,156],"offset":[-1,-1],"originalSize":[221,174],"capInsets":[0,0,0,0]}],[0],0,[0],[0],[0]],[[{"name":"s_btm_wild_01","rect":[210,1,207,156],"offset":[-1,-1],"originalSize":[221,174],"capInsets":[0,0,0,0]}],[0],0,[0],[0],[0]]]]