[1,["d06RCNOcdC+rut9g3CqEe1","cfXyHm4cpEPp22ae9c33wr","a3K05m/plMeILSxQNni3xY","0fSZ9ZNulHk7XVp6unhPQK","d1lW6+PXtPgJ1fvkYN75sI","796lj9Gu9M9aweYzStdr4j","24vNd+JDBGULlkgDcxgfON","aeBxZWPfZIlqN2aMiTyKm0","71tQZP0WhBxLNN9bdZuoVi","7b/qTD3glH7aCuhz/vO1hb","40zfGyVwRNfJh6e86buHqZ","d0zkRnBL5HBqzzvcMvjnev","44EGJbZiVKgZWpi9GmWNMZ","f1399mMYJKCKSi+TH2oY4y","00Fq2SsdBLFY3G3THSKzNO","b4Uj852uBAhrAnc3yFfmWz","70WIn1BepGkaCjiNn6lNNO","1cptRAAohM/LlkxB7csFHi","772XwyQZhLaaS19sHU1Ozk","55iuVqjupCwYBoutLyR94t","baUXkNDYpMc6kygia6x/zr","deJ0AZUMdCSppTsejzsuq3","7aS27yROtJ9qfS+jcxbqJc","f18XLhcJBAVqaNltpiQMEx","f8UhW/IzRMcajEPdzguwes","72a6MuKM9FlrmW0eyeC0oH"],["_textureSetter","0","1","2","3","4","5","6","7","8","9","t_0","t_5","t_7","select_glow_b","t_8","top_win_higlight","t_9","t_6","t_2","idle_line","t_4","win_particle_circle","t_1","t_3","win_line"],["cc.SpriteFrame",["cc.SpriteAtlas",["_name","_spriteFrames"],2,11]],[[1,0,1,2]],[[[{"name":"2","rect":[763,105,100,89],"offset":[1,-1],"originalSize":[102,103],"capInsets":[0,0,0,0]}],[0],0,[0],[0],[0]],[[{"name":"t_9","rect":[863,1,98,102],"offset":[-1,0],"originalSize":[102,102],"capInsets":[0,0,0,0]}],[0],0,[0],[0],[0]],[[{"name":"5","rect":[1067,101,92,89],"offset":[-2,0],"originalSize":[102,103],"capInsets":[0,0,0,0]}],[0],0,[0],[0],[0]],[[{"name":"9","rect":[763,1,98,102],"offset":[-1,0],"originalSize":[102,102],"capInsets":[0,0,0,0]}],[0],0,[0],[0],[0]],[[{"name":"t_5","rect":[1161,101,92,89],"offset":[-2,0],"originalSize":[102,103],"capInsets":[0,0,0,0]}],[0],0,[0],[0],[0]],[[{"name":"t_2","rect":[865,105,100,89],"offset":[1,-1],"originalSize":[102,103],"capInsets":[0,0,0,0]}],[0],0,[0],[0],[0]],[[{"name":"top_win_higlight","rect":[1,1,662,165],"offset":[0,0],"originalSize":[662,165],"capInsets":[0,0,0,0]}],[0],0,[0],[0],[0]],[[{"name":"7","rect":[963,1,92,98],"offset":[-2,1],"originalSize":[102,102],"capInsets":[0,0,0,0]}],[0],0,[0],[0],[0]],[[{"name":"win_line","rect":[1,168,719,86],"offset":[0,0],"originalSize":[719,86],"capInsets":[0,0,0,0]}],[0],0,[0],[0],[0]],[[{"name":"t_6","rect":[1245,1,92,98],"offset":[-1,1],"originalSize":[102,102],"capInsets":[0,0,0,0]}],[0],0,[0],[0],[0]],[[{"name":"4","rect":[1339,1,96,94],"offset":[-3,0],"originalSize":[102,102],"capInsets":[0,0,0,0]}],[0],0,[0],[0],[0]],[[{"name":"8","rect":[1535,1,98,90],"offset":[-1,0],"originalSize":[102,102],"rotated":1,"capInsets":[0,0,0,0]}],[0],0,[0],[0],[0]],[[[0,"Alats8.plist",[{},"0",6,0,"1",6,1,"2",6,2,"3",6,3,"4",6,4,"5",6,5,"6",6,6,"7",6,7,"8",6,8,"9",6,9,"t_0",6,10,"t_5",6,11,"t_7",6,12,"select_glow_b",6,13,"t_8",6,14,"top_win_higlight",6,15,"t_9",6,16,"t_6",6,17,"t_2",6,18,"idle_line",6,19,"t_4",6,20,"win_particle_circle",6,21,"t_1",6,22,"t_3",6,23,"win_line",6,24]]],0,0,[0,0,0,0,0,0,0,0,0,0,0,0,0,0,0,0,0,0,0,0,0,0,0,0,0],[1,2,3,4,5,6,7,8,9,10,11,12,13,14,15,16,17,18,19,20,21,22,23,24,25],[1,2,3,4,5,6,7,8,9,10,11,12,13,14,15,16,17,18,19,20,21,22,23,24,25]],[[{"name":"6","rect":[1151,1,92,98],"offset":[-1,1],"originalSize":[102,102],"capInsets":[0,0,0,0]}],[0],0,[0],[0],[0]],[[{"name":"t_8","rect":[967,101,98,90],"offset":[-1,0],"originalSize":[102,102],"capInsets":[0,0,0,0]}],[0],0,[0],[0],[0]],[[{"name":"idle_line","rect":[665,119,39,39],"offset":[0,0],"originalSize":[39,39],"capInsets":[0,0,0,0]}],[0],0,[0],[0],[0]],[[{"name":"0","rect":[1339,181,72,90],"offset":[-1,1],"originalSize":[102,102],"rotated":1,"capInsets":[0,0,0,0]}],[0],0,[0],[0],[0]],[[{"name":"t_0","rect":[1435,177,72,90],"offset":[-1,1],"originalSize":[102,102],"rotated":1,"capInsets":[0,0,0,0]}],[0],0,[0],[0],[0]],[[{"name":"3","rect":[1255,101,94,82],"offset":[-1,0],"originalSize":[102,102],"rotated":1,"capInsets":[0,0,0,0]}],[0],0,[0],[0],[0]],[[{"name":"t_4","rect":[1437,1,96,94],"offset":[-3,0],"originalSize":[102,102],"capInsets":[0,0,0,0]}],[0],0,[0],[0],[0]],[[{"name":"t_7","rect":[1057,1,92,98],"offset":[-2,1],"originalSize":[102,102],"capInsets":[0,0,0,0]}],[0],0,[0],[0],[0]],[[{"name":"t_3","rect":[1339,97,94,82],"offset":[-1,0],"originalSize":[102,102],"capInsets":[0,0,0,0]}],[0],0,[0],[0],[0]]]]