[1,["18sm4LnnxPY5Fn9UQf2ulh"],["value"],[["cc.AnimationClip",["_name","_duration","sample","speed","wrapMode","curveData"],-2,11]],[[0,0,1,2,3,4,5,6]],[[0,"Start",1.8666666666666667,15,0.8,2,[{},"paths",11,[{},"sb_hover_screen",11,[{},"props",11,[{"opacity":[{"frame":0,"value":100},{"frame":1.8666666666666667,"value":0}]},"scale",12,[[[{"frame":0},"value",8,[1,0.819,0.819,1]],[{"frame":1.3333333333333333},"value",8,[1,1.4,1.4,1]]],11,11]]],"sb_arrow",11,[{"props":{"angle":[{"frame":0,"value":0},{"frame":1.8666666666666667,"value":-360}]}},"comps",11,[{},"cc.Sprite",11,[{},"spriteFrame",12,[[[{"frame":0.06666666666666667},"value",6,0]],11]]]]]]]],0,0,[0],[0],[0]]