[1,["8emviDJ/BIrYmLl4wxp2a0"],["_textureSetter"],["cc.SpriteFrame"],0,[[[{"name":"ps_border_a_screen_02","rect":[1,1,201,137],"offset":[0,2],"originalSize":[245,245],"capInsets":[0,0,0,0]}],[0],0,[0],[0],[0]],[[{"name":"ps_border_a_screen_03","rect":[202,198,199,175],"offset":[0,2],"originalSize":[245,245],"capInsets":[0,0,0,0]}],[0],0,[0],[0],[0]],[[{"name":"ps_border_a_screen_00","rect":[202,375,181,67],"offset":[0,1],"originalSize":[245,245],"capInsets":[0,0,0,0]}],[0],0,[0],[0],[0]],[[{"name":"ps_border_a_screen_01","rect":[1,335,199,91],"offset":[0,1],"originalSize":[245,245],"capInsets":[0,0,0,0]}],[0],0,[0],[0],[0]]]]