[1,["d7Gnht/r9MFZU1796n7Mf9"],["_textureSetter"],["cc.SpriteFrame"],0,[[[{"name":"wild_vfx_c_09","rect":[329,1,112,420],"offset":[0,6],"originalSize":[112,432],"capInsets":[0,0,0,0]}],[0],0,[0],[0],[0]],[[{"name":"wild_vfx_c_13","rect":[539,1,88,416],"offset":[-1,5],"originalSize":[112,432],"capInsets":[0,0,0,0]}],[0],0,[0],[0],[0]],[[{"name":"wild_vfx_c_00","rect":[725,763,66,150],"offset":[23,-34],"originalSize":[112,432],"rotated":1,"capInsets":[0,0,0,0]}],[0],0,[0],[0],[0]],[[{"name":"wild_vfx_c_16","rect":[629,1,80,410],"offset":[-3,3],"originalSize":[112,432],"capInsets":[0,0,0,0]}],[0],0,[0],[0],[0]],[[{"name":"wild_vfx_c_06","rect":[225,1,102,424],"offset":[5,2],"originalSize":[112,432],"capInsets":[0,0,0,0]}],[0],0,[0],[0],[0]],[[{"name":"wild_vfx_c_05","rect":[1,433,98,402],"offset":[7,-5],"originalSize":[112,432],"capInsets":[0,0,0,0]}],[0],0,[0],[0],[0]],[[{"name":"wild_vfx_c_12","rect":[443,1,94,420],"offset":[0,6],"originalSize":[112,432],"capInsets":[0,0,0,0]}],[0],0,[0],[0],[0]],[[{"name":"wild_vfx_c_14","rect":[259,427,82,410],"offset":[-3,3],"originalSize":[112,432],"capInsets":[0,0,0,0]}],[0],0,[0],[0],[0]],[[{"name":"wild_vfx_c_04","rect":[807,91,96,344],"offset":[8,-24],"originalSize":[112,432],"capInsets":[0,0,0,0]}],[0],0,[0],[0],[0]],[[{"name":"wild_vfx_c_17","rect":[643,413,80,408],"offset":[-3,2],"originalSize":[112,432],"capInsets":[0,0,0,0]}],[0],0,[0],[0],[0]],[[{"name":"wild_vfx_c_20","rect":[181,433,76,394],"offset":[-2,-1],"originalSize":[112,432],"capInsets":[0,0,0,0]}],[0],0,[0],[0],[0]],[[{"name":"wild_vfx_c_07","rect":[115,1,108,430],"offset":[2,1],"originalSize":[112,432],"capInsets":[0,0,0,0]}],[0],0,[0],[0],[0]],[[{"name":"wild_vfx_c_19","rect":[101,433,78,398],"offset":[-3,-1],"originalSize":[112,432],"capInsets":[0,0,0,0]}],[0],0,[0],[0],[0]],[[{"name":"wild_vfx_c_03","rect":[711,91,94,262],"offset":[9,-57],"originalSize":[112,432],"capInsets":[0,0,0,0]}],[0],0,[0],[0],[0]],[[{"name":"wild_vfx_c_10","rect":[343,423,110,414],"offset":[-1,3],"originalSize":[112,432],"capInsets":[0,0,0,0]}],[0],0,[0],[0],[0]],[[{"name":"wild_vfx_c_01","rect":[711,1,88,214],"offset":[12,-56],"originalSize":[112,432],"rotated":1,"capInsets":[0,0,0,0]}],[0],0,[0],[0],[0]],[[{"name":"wild_vfx_c_11","rect":[455,423,102,414],"offset":[0,3],"originalSize":[112,432],"capInsets":[0,0,0,0]}],[0],0,[0],[0],[0]],[[{"name":"wild_vfx_c_02","rect":[807,437,86,240],"offset":[13,-54],"originalSize":[112,432],"capInsets":[0,0,0,0]}],[0],0,[0],[0],[0]],[[{"name":"wild_vfx_c_08","rect":[1,1,112,430],"offset":[0,0],"originalSize":[112,432],"capInsets":[0,0,0,0]}],[0],0,[0],[0],[0]],[[{"name":"wild_vfx_c_18","rect":[725,355,80,406],"offset":[-4,2],"originalSize":[112,432],"capInsets":[0,0,0,0]}],[0],0,[0],[0],[0]],[[{"name":"wild_vfx_c_15","rect":[559,419,82,410],"offset":[-3,3],"originalSize":[112,432],"capInsets":[0,0,0,0]}],[0],0,[0],[0],[0]]]]