[1,["85nPogfdBLxplONAp3qeie","f9ena64JZCOIYFr65J2GRT","61ysKqqhZIgJBD2DaPqK5P","c5yxd6sTBPhIL4OwZ6SrEd","69ACBjBFJLZIjPH7Nc+Thm","f8sjiTaURIxqc8drUTqAjF"],["_textureSetter","txt_auto","ic_win","txt_turbo_on","ic_hist","txt_turbo_off"],["cc.SpriteFrame",["cc.SpriteAtlas",["_name","_spriteFrames"],2,11]],[[1,0,1,2]],[[[{"name":"ic_hist","rect":[1,1,108,108],"offset":[0,0],"originalSize":[108,108],"capInsets":[0,0,0,0]}],[0],0,[0],[0],[0]],[[[0,"Alats20.plist",[{},"txt_auto",6,0,"ic_win",6,1,"txt_turbo_on",6,2,"ic_hist",6,3,"txt_turbo_off",6,4]]],0,0,[0,0,0,0,0],[1,2,3,4,5],[1,2,3,4,5]],[[{"name":"txt_turbo_on","rect":[295,1,90,90],"offset":[0,0],"originalSize":[90,90],"capInsets":[0,0,0,0]}],[0],0,[0],[0],[0]],[[{"name":"txt_turbo_off","rect":[203,1,90,90],"offset":[0,0],"originalSize":[90,90],"capInsets":[0,0,0,0]}],[0],0,[0],[0],[0]]]]