[1,["9dR6yo2PpMbLAHgSxHNilp","5dOTdONApCq6zxnuf4JnTC","e1XXJoR35MWL6HaHI1c+3z","2alpXotW5F+pGHR1+6RQuL","00w0RdIplGeLfoT1wj3PZh","1bndTBsv1Et7HFdCdoJVu4","37BHwSD31NbK9oL4xsR96n","ed/YsgiAFBO77V0gOvVwmp","99c3gvifdPOqofsnUTAvDL","185kyf0zNIOZGa0a5GAFem","683vxmjAhKA6/42SHoD/ik","44QzlrHWhLt5AGH175WMbI","7eCcFcLrRLbLjoKr+55ftp","e4rmR5JSNG+pvkq9yuL7vt","84SSNSCe9AhImAZHsgEA2r","95Q2NxdEZGi7U1IKJ60rFx","150pGpAxtKlIpk3gwqvl4Z","d6IMzdzjVDG5JzxytQWdjA","420Ro7yttAzaZhxMOQop8p","918Xyw3V9BPZFpka03qxmZ","e930/BmZpDGJyNDti804kt","52SRBaFs1PX49WSUw5QvAH","36JFbheg1FVZJnSfyZKeNH","5eD7Y2eFRC2af2kKwydrJ+","74BnKdvB5HxII5Yrt0lQzL","4cztt1G9FKJrEjBQ0msReF","1bhA1dd3xAdJI1ZtGcIdHP","7fUUPxmxxH+puqyWACbWs0","1ej1uO1ZNEP7dJAr/DMgdD","b9Bn9eOn1JiZ9MklZdsOxR","bez4kb+HlAO7iboVgDqhqe","depHHLPVBGcoBwa1xIFklS","degqL5ahFM+48AYv7Fg8ah","dapKGOVJ9N8LfTGn8h96ji","88NuWtz1xGm4Q010myYQF+","cey0CefltI4YRJ/ELu5d6q","3b3FKuVc5P1bdqfuXMoJQh","25viAP2AlFloZqFax0SrMH","18F4+biE5Cqbl4Vl4SzLyr","96CBA8bY9FRLKDuSPy14P+","d0bXVtYKlB9JommVon4IH7","c1l3cqI7lJzat3R6eXwQIT","01lCfL+/ZMfZPcB1LlawwV","66CPOnAedHiaqV/LgifXk9","c4/Qhbw5RFPb6e7dEemoS2","20OZF/Mb9JM71sjvJyaI9M","f5Nxq8NBlCkoK7yLKhWCfc","6cRFVm3jdETIb9Ux6Pw+/I","cfcqCmlcdIGbB9ozAnY8rb","84XDkxO99AtJ5C/C8vSInf","61Ds51FWRF67WhaZYERKvT","18d+fl2EtBdI34vQ1JF/fI","89LLx4Rw9Hv4cbfYxgXdee","5amkwR7yxJvJcUtSAo4IxA","c0ySuwUDJE+JZ0U/1NTVqC","3fBZfBz7JOkKmunaWKBI1E","aa0jzxry9AcaCph1U0D6hK","0e+ywnBCJEx6LJ5fjeC6tV","328oOwyolFgYk8fhs05Y+a","69jwde4VxEgoJXZj6gbRTq","f4IUmyFAZOqKB/wqNZpht6","00ZRMnrmtOS5CECpyl6795","ac0/ycc9ZH+IQ6fQ12/l7P","86WIxUNF9PioHsE+g8dpSu","8bPeHS1ZRB0p/wVkEJhSFe","09ljacJwNA/aiLPIRv/sme","91POU8l8JI0YEMqa3CJIpX","80CaFjy3NOkKXDQXiNISEc","cfHfZY545Ly6YeVe9s7xvC","d7NpFG/o9B76PtynL2UJSY","212Uu73TBL54SRv4szuta5","f3evQW+7xLG4VEXKVMj8Iz","c2syHT80JO1KCpOJz9G/jl","e3oh1/nldIS4C8gdJvy/Zx","abt9stbMJLyovslQc/De5Q","80aKq5p6ZOiqzm8EmKjcRO","e0QOgKYoBH3o+9unfUOkYO","38QrNjR7RA551FQWlFFj6M","895xpePHZJDqD7ywpxDpHd","75PKEq+vFLGrNOq2QUgDZB","ea6+czA1NDwK3UghfJDL+b","105f5qg29CrYAR9i2XRs/J","d99P/08CNPfoMZWpP5cAxV","f3FiuvlltKZoAY5jYoBbbc","624/C1DChCcZdtcSoZAbSO","965e79yzFGFrIiTzJMvK4B","33U66Ka0ZGOp5mUTDrS8rM","92DP19KmpMJJktIKfStxE9","7eiNjehDVBepwMEzTeeXu6","dfF11GD6JLUJigw3eBpuIC","e9OypTve5LLajIO4OZmc85","f9LsKeNLFD7qTuta7n9E6l","40t4g/I8lJxKhgGm4mwl11","7dVW8/KGNKgZo3sQDp5w98","f8Sm+O/f1KJIGvdQcRP5+7","f6WHD2VR9DHYG04tsagPgU","e9gTGySyVJxYWHKmvADbYk","7eMmcZq3tLHoLLTfkRcNCK","96Im7qbN5AB5QPX6OEztBH","8ci0XiZp5ODqHZ4saHUvHH","0d8wCB3G5FZ4irnE6g69jq","13Jp0r1p5PZJrKZIGPvE/w","54vHmkGq5ItIWquftbuZcK","da338DmLdH7L/L+kzVXqeR","f1WsHETWxG+JkdzDBY0+PR","c1xG2N+UBCz6lVbQsFlHrp","7aq45Y3flPQaa136MuWCDQ","9a8oU3Q9lGp6YgIxKPf3lL","20AriqNOdFsKrhkJOG8IUG","ddHxOfoTxDCrJod8vR6v5p","bbSfrlPCdDipdf2SlR/ZmU","ce4ChAI1VHHqT/Ak2ZjuNj","a8r1OX20BLKrDqP4Bz/zWG","6exr2YdzND1KS0RjpTOXJ4","47m8LZZrJGoKE/8rKFBg2y","cfUe1Euo5IsImNSu3qEaMf","1erOZlYFVLNLqKpkm5KPjE","53khdPj6tEbLRu7pENI8gI","9aEIt2zMtHEIoiF/9Rl5To","44vKdpel9Ij4URK1GZHSN1","eeXZRiHV5OQ4fQ3AuWXWLh","07LqszZ2dC2I0YKPMRSzlv","62oAwrY3FF3axgpQQ6Xn/2","6cQ9L4xDtEX7ksV8AQFeHA","85gCokHp9IDK9M3LMK4XJ7","26OFp1T7NCWaetWdc7DBtf","0cC84vFW9Ajp51B7Hzrq+V"],["value","_textureSetter"],["cc.SpriteFrame",["cc.AnimationClip",["_name","_duration","sample","curveData"],0,11]],[[1,0,1,2,3,4]],[[[{"name":"ib_vfx_b_screen_19","rect":[0,0,324,104],"offset":[0,0],"originalSize":[324,104],"capInsets":[0,0,0,0]}],[0],0,[0],[1],[32]],[[{"name":"ib_vfx_b_screen_00","rect":[0,0,324,104],"offset":[0,0],"originalSize":[324,104],"capInsets":[0,0,0,0]}],[0],0,[0],[1],[33]],[[{"name":"ib_vfx_b_screen_23","rect":[0,0,324,104],"offset":[0,0],"originalSize":[324,104],"capInsets":[0,0,0,0]}],[0],0,[0],[1],[34]],[[{"name":"ib_vfx_b_screen_15","rect":[0,0,324,104],"offset":[0,0],"originalSize":[324,104],"capInsets":[0,0,0,0]}],[0],0,[0],[1],[35]],[[{"name":"ib_vfx_f_add_05","rect":[0,0,218,123],"offset":[0,0],"originalSize":[218,123],"capInsets":[0,0,0,0]}],[0],0,[0],[1],[36]],[[{"name":"ib_vfx_b_screen_09","rect":[0,0,324,104],"offset":[0,0],"originalSize":[324,104],"capInsets":[0,0,0,0]}],[0],0,[0],[1],[37]],[[{"name":"ib_vfx_f_add_15","rect":[0,0,218,123],"offset":[0,0],"originalSize":[218,123],"capInsets":[0,0,0,0]}],[0],0,[0],[1],[38]],[[{"name":"ib_vfx_f_add_17","rect":[0,0,218,123],"offset":[0,0],"originalSize":[218,123],"capInsets":[0,0,0,0]}],[0],0,[0],[1],[39]],[[{"name":"ib_vfx_b_screen_03","rect":[0,0,324,104],"offset":[0,0],"originalSize":[324,104],"capInsets":[0,0,0,0]}],[0],0,[0],[1],[40]],[[{"name":"ib_vfx_e_add_00","rect":[0,0,432,117],"offset":[0,0],"originalSize":[432,117],"capInsets":[0,0,0,0]}],[0],0,[0],[1],[41]],[[[0,"InfoBarTakeMoney",1.36,25,[{},"paths",11,[{"ib_vfx_d_screen":{"props":{"opacity":[{"frame":0,"value":0},{"frame":0.08,"value":255}]}}},"ib_vfx_b_screen_00",11,[{},"comps",11,[{},"cc.Sprite",11,[{},"spriteFrame",12,[[[{"frame":0},"value",6,0],[{"frame":0.04},"value",6,1],[{"frame":0.08},"value",6,2],[{"frame":0.12},"value",6,3],[{"frame":0.16},"value",6,4],[{"frame":0.2},"value",6,5],[{"frame":0.24},"value",6,6],[{"frame":0.28},"value",6,7],[{"frame":0.32},"value",6,8],[{"frame":0.36},"value",6,9],[{"frame":0.4},"value",6,10],[{"frame":0.44},"value",6,11],[{"frame":0.48},"value",6,12],[{"frame":0.52},"value",6,13],[{"frame":0.56},"value",6,14],[{"frame":0.6},"value",6,15],[{"frame":0.64},"value",6,16],[{"frame":0.68},"value",6,17],[{"frame":0.72},"value",6,18],[{"frame":0.76},"value",6,19],[{"frame":0.8},"value",6,20],[{"frame":0.84},"value",6,21],[{"frame":0.88},"value",6,22],[{"frame":0.92},"value",6,23],[{"frame":0.96},"value",6,24],[{"frame":1},"value",6,25],[{"frame":1.04},"value",6,26],[{"frame":1.08},"value",6,27],{"frame":1.12,"value":null}],11,11,11,11,11,11,11,11,11,11,11,11,11,11,11,11,11,11,11,11,11,11,11,11,11,11,11,11,0]]]],"ib_vfx_c_add_00",11,[{},"comps",11,[{},"cc.Sprite",11,[{},"spriteFrame",12,[[[{"frame":0},"value",6,28],[{"frame":0.04},"value",6,29],[{"frame":0.08},"value",6,30],[{"frame":0.12},"value",6,31],[{"frame":0.16},"value",6,32],[{"frame":0.2},"value",6,33],[{"frame":0.24},"value",6,34],[{"frame":0.28},"value",6,35],[{"frame":0.32},"value",6,36],[{"frame":0.36},"value",6,37],[{"frame":0.4},"value",6,38],[{"frame":0.44},"value",6,39],[{"frame":0.48},"value",6,40],[{"frame":0.52},"value",6,41],[{"frame":0.56},"value",6,42],[{"frame":0.6},"value",6,43],[{"frame":0.64},"value",6,44],[{"frame":0.68},"value",6,45],[{"frame":0.72},"value",6,46],[{"frame":0.76},"value",6,47],[{"frame":0.8},"value",6,48],[{"frame":0.84},"value",6,49],[{"frame":0.88},"value",6,50],[{"frame":0.92},"value",6,51],[{"frame":0.96},"value",6,52],[{"frame":1},"value",6,53],[{"frame":1.04},"value",6,54],[{"frame":1.08},"value",6,55],[{"frame":1.12},"value",6,56],[{"frame":1.16},"value",6,57],[{"frame":1.2},"value",6,58],[{"frame":1.24},"value",6,59],[{"frame":1.28},"value",6,60],{"frame":1.32,"value":null}],11,11,11,11,11,11,11,11,11,11,11,11,11,11,11,11,11,11,11,11,11,11,11,11,11,11,11,11,11,11,11,11,11,0]]]],"ib_vfx_e_add_00",11,[{},"comps",11,[{},"cc.Sprite",11,[{},"spriteFrame",12,[[[{"frame":0},"value",6,61],[{"frame":0.04},"value",6,62],[{"frame":0.08},"value",6,63],[{"frame":0.12},"value",6,64],[{"frame":0.16},"value",6,65],[{"frame":0.2},"value",6,66],[{"frame":0.24},"value",6,67],[{"frame":0.28},"value",6,68],[{"frame":0.32},"value",6,69]],11,11,11,11,11,11,11,11,11]]]],"ib_vfx_f_add_00 copy",11,[{},"comps",11,[{},"cc.Sprite",11,[{},"spriteFrame",12,[[[{"frame":0},"value",6,70],[{"frame":0.04},"value",6,71],[{"frame":0.08},"value",6,72],[{"frame":0.12},"value",6,73],[{"frame":0.16},"value",6,74],[{"frame":0.2},"value",6,75],[{"frame":0.24},"value",6,76],[{"frame":0.28},"value",6,77],[{"frame":0.32},"value",6,78],[{"frame":0.36},"value",6,79],[{"frame":0.4},"value",6,80],[{"frame":0.44},"value",6,81],[{"frame":0.48},"value",6,82],[{"frame":0.52},"value",6,83],[{"frame":0.56},"value",6,84],[{"frame":0.6},"value",6,85],[{"frame":0.64},"value",6,86],[{"frame":0.68},"value",6,87],[{"frame":0.72},"value",6,88],[{"frame":0.76},"value",6,89],[{"frame":0.8},"value",6,90]],11,11,11,11,11,11,11,11,11,11,11,11,11,11,11,11,11,11,11,11,11]]]],"ib_vfx_f_add_00",11,[{},"comps",11,[{},"cc.Sprite",11,[{},"spriteFrame",12,[[[{"frame":0},"value",6,91],[{"frame":0.04},"value",6,92],[{"frame":0.08},"value",6,93],[{"frame":0.12},"value",6,94],[{"frame":0.16},"value",6,95],[{"frame":0.2},"value",6,96],[{"frame":0.24},"value",6,97],[{"frame":0.28},"value",6,98],[{"frame":0.32},"value",6,99],[{"frame":0.36},"value",6,100],[{"frame":0.4},"value",6,101],[{"frame":0.44},"value",6,102],[{"frame":0.48},"value",6,103],[{"frame":0.52},"value",6,104],[{"frame":0.56},"value",6,105],[{"frame":0.6},"value",6,106],[{"frame":0.64},"value",6,107],[{"frame":0.68},"value",6,108],[{"frame":0.72},"value",6,109],[{"frame":0.76},"value",6,110],[{"frame":0.8},"value",6,111]],11,11,11,11,11,11,11,11,11,11,11,11,11,11,11,11,11,11,11,11,11]]]],"ParrentMOney",11,[{},"props",11,[{},"scale",12,[[[{"frame":0},"value",8,[0,1,1]],[{"frame":0.16},"value",8,[0,1.2,1.2]],[{"frame":0.32},"value",8,[0,1,1]]],11,11,11]]]]]]],0,0,[0,0,0,0,0,0,0,0,0,0,0,0,0,0,0,0,0,0,0,0,0,0,0,0,0,0,0,0,0,0,0,0,0,0,0,0,0,0,0,0,0,0,0,0,0,0,0,0,0,0,0,0,0,0,0,0,0,0,0,0,0,0,0,0,0,0,0,0,0,0,0,0,0,0,0,0,0,0,0,0,0,0,0,0,0,0,0,0,0,0,0,0,0,0,0,0,0,0,0,0,0,0,0,0,0,0,0,0,0,0,0,0],[0,0,0,0,0,0,0,0,0,0,0,0,0,0,0,0,0,0,0,0,0,0,0,0,0,0,0,0,0,0,0,0,0,0,0,0,0,0,0,0,0,0,0,0,0,0,0,0,0,0,0,0,0,0,0,0,0,0,0,0,0,0,0,0,0,0,0,0,0,0,0,0,0,0,0,0,0,0,0,0,0,0,0,0,0,0,0,0,0,0,0,0,0,0,0,0,0,0,0,0,0,0,0,0,0,0,0,0,0,0,0,0],[42,43,44,45,46,47,48,49,50,51,52,53,54,55,56,57,58,59,60,61,62,63,64,65,66,67,68,69,0,1,2,3,4,5,6,7,8,9,10,0,1,2,3,4,5,6,7,8,9,10,0,1,2,3,4,5,6,7,8,9,10,70,71,72,73,74,75,76,77,78,11,12,13,14,15,16,17,18,19,20,21,22,23,24,25,26,27,28,29,30,31,11,12,13,14,15,16,17,18,19,20,21,22,23,24,25,26,27,28,29,30,31]],[[{"name":"ib_vfx_b_screen_16","rect":[0,0,324,104],"offset":[0,0],"originalSize":[324,104],"capInsets":[0,0,0,0]}],[0],0,[0],[1],[79]],[[{"name":"ib_vfx_f_add_11","rect":[0,0,218,123],"offset":[0,0],"originalSize":[218,123],"capInsets":[0,0,0,0]}],[0],0,[0],[1],[80]],[[{"name":"ib_vfx_e_add_07","rect":[0,0,432,117],"offset":[0,0],"originalSize":[432,117],"capInsets":[0,0,0,0]}],[0],0,[0],[1],[81]],[[{"name":"ib_vfx_b_screen_13","rect":[0,0,324,104],"offset":[0,0],"originalSize":[324,104],"capInsets":[0,0,0,0]}],[0],0,[0],[1],[82]],[[{"name":"ib_vfx_f_add_07","rect":[0,0,218,123],"offset":[0,0],"originalSize":[218,123],"capInsets":[0,0,0,0]}],[0],0,[0],[1],[83]],[[{"name":"ib_vfx_f_add_00","rect":[0,0,218,123],"offset":[0,0],"originalSize":[218,123],"capInsets":[0,0,0,0]}],[0],0,[0],[1],[84]],[[{"name":"ib_vfx_f_add_14","rect":[0,0,218,123],"offset":[0,0],"originalSize":[218,123],"capInsets":[0,0,0,0]}],[0],0,[0],[1],[85]],[[{"name":"ib_vfx_f_add_10","rect":[0,0,218,123],"offset":[0,0],"originalSize":[218,123],"capInsets":[0,0,0,0]}],[0],0,[0],[1],[86]],[[{"name":"ib_vfx_b_screen_11","rect":[0,0,324,104],"offset":[0,0],"originalSize":[324,104],"capInsets":[0,0,0,0]}],[0],0,[0],[1],[87]],[[{"name":"ib_vfx_f_add_12","rect":[0,0,218,123],"offset":[0,0],"originalSize":[218,123],"capInsets":[0,0,0,0]}],[0],0,[0],[1],[88]],[[{"name":"ib_vfx_b_screen_08","rect":[0,0,324,104],"offset":[0,0],"originalSize":[324,104],"capInsets":[0,0,0,0]}],[0],0,[0],[1],[89]],[[{"name":"ib_vfx_b_screen_01","rect":[0,0,324,104],"offset":[0,0],"originalSize":[324,104],"capInsets":[0,0,0,0]}],[0],0,[0],[1],[90]],[[{"name":"ib_vfx_b_screen_17","rect":[0,0,324,104],"offset":[0,0],"originalSize":[324,104],"capInsets":[0,0,0,0]}],[0],0,[0],[1],[91]],[[{"name":"ib_vfx_b_screen_05","rect":[0,0,324,104],"offset":[0,0],"originalSize":[324,104],"capInsets":[0,0,0,0]}],[0],0,[0],[1],[92]],[[{"name":"ib_vfx_f_add_13","rect":[0,0,218,123],"offset":[0,0],"originalSize":[218,123],"capInsets":[0,0,0,0]}],[0],0,[0],[1],[93]],[[{"name":"ib_vfx_f_add_01","rect":[0,0,218,123],"offset":[0,0],"originalSize":[218,123],"capInsets":[0,0,0,0]}],[0],0,[0],[1],[94]],[[{"name":"ib_vfx_f_add_16","rect":[0,0,218,123],"offset":[0,0],"originalSize":[218,123],"capInsets":[0,0,0,0]}],[0],0,[0],[1],[95]],[[{"name":"ib_vfx_b_screen_25","rect":[0,0,324,104],"offset":[0,0],"originalSize":[324,104],"capInsets":[0,0,0,0]}],[0],0,[0],[1],[96]],[[{"name":"ib_vfx_e_add_05","rect":[0,0,432,117],"offset":[0,0],"originalSize":[432,117],"capInsets":[0,0,0,0]}],[0],0,[0],[1],[97]],[[{"name":"ib_vfx_f_add_03","rect":[0,0,218,123],"offset":[0,0],"originalSize":[218,123],"capInsets":[0,0,0,0]}],[0],0,[0],[1],[98]],[[{"name":"ib_vfx_b_screen_07","rect":[0,0,324,104],"offset":[0,0],"originalSize":[324,104],"capInsets":[0,0,0,0]}],[0],0,[0],[1],[99]],[[{"name":"ib_vfx_b_screen_21","rect":[0,0,324,104],"offset":[0,0],"originalSize":[324,104],"capInsets":[0,0,0,0]}],[0],0,[0],[1],[100]],[[{"name":"ib_vfx_b_screen_10","rect":[0,0,324,104],"offset":[0,0],"originalSize":[324,104],"capInsets":[0,0,0,0]}],[0],0,[0],[1],[101]],[[{"name":"ib_vfx_e_add_08","rect":[0,0,432,117],"offset":[0,0],"originalSize":[432,117],"capInsets":[0,0,0,0]}],[0],0,[0],[1],[102]],[[{"name":"ib_vfx_b_screen_22","rect":[0,0,324,104],"offset":[0,0],"originalSize":[324,104],"capInsets":[0,0,0,0]}],[0],0,[0],[1],[103]],[[{"name":"ib_vfx_b_screen_24","rect":[0,0,324,104],"offset":[0,0],"originalSize":[324,104],"capInsets":[0,0,0,0]}],[0],0,[0],[1],[104]],[[{"name":"ib_vfx_f_add_08","rect":[0,0,218,123],"offset":[0,0],"originalSize":[218,123],"capInsets":[0,0,0,0]}],[0],0,[0],[1],[105]],[[{"name":"ib_vfx_f_add_04","rect":[0,0,218,123],"offset":[0,0],"originalSize":[218,123],"capInsets":[0,0,0,0]}],[0],0,[0],[1],[106]],[[{"name":"ib_vfx_b_screen_14","rect":[0,0,324,104],"offset":[0,0],"originalSize":[324,104],"capInsets":[0,0,0,0]}],[0],0,[0],[1],[107]],[[{"name":"ib_vfx_e_add_04","rect":[0,0,432,117],"offset":[0,0],"originalSize":[432,117],"capInsets":[0,0,0,0]}],[0],0,[0],[1],[108]],[[{"name":"ib_vfx_b_screen_20","rect":[0,0,324,104],"offset":[0,0],"originalSize":[324,104],"capInsets":[0,0,0,0]}],[0],0,[0],[1],[109]],[[{"name":"ib_vfx_f_add_18","rect":[0,0,218,123],"offset":[0,0],"originalSize":[218,123],"capInsets":[0,0,0,0]}],[0],0,[0],[1],[110]],[[{"name":"ib_vfx_f_add_19","rect":[0,0,218,123],"offset":[0,0],"originalSize":[218,123],"capInsets":[0,0,0,0]}],[0],0,[0],[1],[111]],[[{"name":"ib_vfx_b_screen_12","rect":[0,0,324,104],"offset":[0,0],"originalSize":[324,104],"capInsets":[0,0,0,0]}],[0],0,[0],[1],[112]],[[{"name":"ib_vfx_e_add_02","rect":[0,0,432,117],"offset":[0,0],"originalSize":[432,117],"capInsets":[0,0,0,0]}],[0],0,[0],[1],[113]],[[{"name":"ib_vfx_b_screen_02","rect":[0,0,324,104],"offset":[0,0],"originalSize":[324,104],"capInsets":[0,0,0,0]}],[0],0,[0],[1],[114]],[[{"name":"ib_vfx_b_screen_26","rect":[0,0,324,104],"offset":[0,0],"originalSize":[324,104],"capInsets":[0,0,0,0]}],[0],0,[0],[1],[115]],[[{"name":"ib_vfx_b_screen_06","rect":[0,0,324,104],"offset":[0,0],"originalSize":[324,104],"capInsets":[0,0,0,0]}],[0],0,[0],[1],[116]],[[{"name":"ib_vfx_f_add_06","rect":[0,0,218,123],"offset":[0,0],"originalSize":[218,123],"capInsets":[0,0,0,0]}],[0],0,[0],[1],[117]],[[{"name":"ib_vfx_b_screen_27","rect":[0,0,324,104],"offset":[0,0],"originalSize":[324,104],"capInsets":[0,0,0,0]}],[0],0,[0],[1],[118]],[[{"name":"ib_vfx_f_add_20","rect":[0,0,218,123],"offset":[0,0],"originalSize":[218,123],"capInsets":[0,0,0,0]}],[0],0,[0],[1],[119]],[[{"name":"ib_vfx_e_add_06","rect":[0,0,432,117],"offset":[0,0],"originalSize":[432,117],"capInsets":[0,0,0,0]}],[0],0,[0],[1],[120]],[[{"name":"ib_vfx_e_add_03","rect":[0,0,432,117],"offset":[0,0],"originalSize":[432,117],"capInsets":[0,0,0,0]}],[0],0,[0],[1],[121]],[[{"name":"ib_vfx_f_add_02","rect":[0,0,218,123],"offset":[0,0],"originalSize":[218,123],"capInsets":[0,0,0,0]}],[0],0,[0],[1],[122]],[[{"name":"ib_vfx_f_add_09","rect":[0,0,218,123],"offset":[0,0],"originalSize":[218,123],"capInsets":[0,0,0,0]}],[0],0,[0],[1],[123]],[[{"name":"ib_vfx_e_add_01","rect":[0,0,432,117],"offset":[0,0],"originalSize":[432,117],"capInsets":[0,0,0,0]}],[0],0,[0],[1],[124]],[[{"name":"ib_vfx_b_screen_18","rect":[0,0,324,104],"offset":[0,0],"originalSize":[324,104],"capInsets":[0,0,0,0]}],[0],0,[0],[1],[125]],[[{"name":"ib_vfx_b_screen_04","rect":[0,0,324,104],"offset":[0,0],"originalSize":[324,104],"capInsets":[0,0,0,0]}],[0],0,[0],[1],[126]]]]