[1,["cc1qU9eGdFkqcHhxfrUp3M","bbn5sth/NCgLmPAEHm4fhx","catgDBZohEQInnHYR21fcE","d0IZP58WNKEYGsPhbA4a6t","aedLHUoP9Hw57pxF0GdupK","94P98G/tROAJyDl/X0QQvm","3009PpkgxC0JtFWrjI0k3z","adRoHe5T1IZpjrs06ou4NT","f8Zvur9+dE67OrzL0PnRkv","63ftui+dhPOabQoZ1RWQgq","d6nnb3LqVAV5TD31SU7Imh","6aykngXQRLjIJ4qw/RHlKS","2crVqmqChPo5IMSY0dxlzN","3erjBaKr1AQqLvJm9pAyD5","61Dw1ko0FF95W9a0IMCaUV","7bNslJQgpIgrVf77ftBXXD","ffpcYujopBy6zmAXQcrP/A"],["value"],[["cc.AnimationClip",["_name","_duration","sample","curveData"],0,11]],[[0,0,1,2,3,4]],[[0,"EffectRemoveSymbol_1",0.5,30,[{},"paths",11,[{"ps_vfx_a_a_00":{"props":{"opacity":[{"frame":0,"value":255},{"frame":0.13333333333333333,"value":0}]}}},"ps_vfx_e_screen_00",11,[{},"comps",11,[{},"cc.Sprite",11,[{},"spriteFrame",12,[[{"frame":0,"value":null},[{"frame":0.13333333333333333},"value",6,0],[{"frame":0.16666666666666666},"value",6,1],[{"frame":0.2},"value",6,2],[{"frame":0.23333333333333334},"value",6,3],[{"frame":0.26666666666666666},"value",6,4],[{"frame":0.3},"value",6,5],[{"frame":0.3333333333333333},"value",6,6],[{"frame":0.36666666666666664},"value",6,7]],0,11,11,11,11,11,11,11,11]]]],"ps_border_a_screen_00",11,[{},"props",11,[{"opacity":[{"frame":0,"value":255},{"frame":0.2,"value":0}]},"scale",12,[[[{"frame":0},"value",8,[1,1,1,1]],[{"frame":0.2},"value",8,[1,0,0,1]]],11,11]]],"ps_vfx_d_add",11,[{},"comps",11,[{},"cc.Sprite",11,[{},"spriteFrame",12,[[{"frame":0,"value":null},[{"frame":0.16666666666666666},"value",6,8],[{"frame":0.2},"value",6,9],[{"frame":0.23333333333333334},"value",6,10],[{"frame":0.26666666666666666},"value",6,11],[{"frame":0.3},"value",6,12],[{"frame":0.3333333333333333},"value",6,13],[{"frame":0.36666666666666664},"value",6,14],[{"frame":0.4},"value",6,15],[{"frame":0.43333333333333335},"value",6,16],{"frame":0.4666666666666667,"value":null}],0,11,11,11,11,11,11,11,11,11,0]]]]]]]],0,0,[0,0,0,0,0,0,0,0,0,0,0,0,0,0,0,0,0],[0,0,0,0,0,0,0,0,0,0,0,0,0,0,0,0,0],[0,1,2,3,4,5,6,7,8,9,10,11,12,13,14,15,16]]