[1,["a3hZPQPJhPqLWi2EV4AvbC"],["_textureSetter"],["cc.SpriteFrame"],0,[[[{"name":"sb_vfx_b_screen_12","rect":[409,841,204,202],"offset":[6,28],"originalSize":[290,290],"capInsets":[0,0,0,0]}],[0],0,[0],[0],[0]],[[{"name":"sb_vfx_b_screen_03","rect":[639,639,196,190],"offset":[-3,8],"originalSize":[290,290],"capInsets":[0,0,0,0]}],[0],0,[0],[0],[0]],[[{"name":"sb_vfx_b_screen_04","rect":[1,653,204,198],"offset":[-3,9],"originalSize":[290,290],"rotated":1,"capInsets":[0,0,0,0]}],[0],0,[0],[0],[0]],[[{"name":"sb_vfx_b_screen_15","rect":[661,429,208,208],"offset":[3,29],"originalSize":[290,290],"capInsets":[0,0,0,0]}],[0],0,[0],[0],[0]],[[{"name":"sb_vfx_b_screen_08","rect":[1,1,220,216],"offset":[-2,12],"originalSize":[290,290],"capInsets":[0,0,0,0]}],[0],0,[0],[0],[0]],[[{"name":"sb_vfx_b_screen_01","rect":[839,865,168,162],"offset":[-1,7],"originalSize":[290,290],"capInsets":[0,0,0,0]}],[0],0,[0],[0],[0]],[[{"name":"sb_vfx_b_screen_26","rect":[941,227,18,16],"offset":[109,-72],"originalSize":[290,290],"capInsets":[0,0,0,0]}],[0],0,[0],[0],[0]],[[{"name":"sb_vfx_b_screen_06","rect":[441,217,216,210],"offset":[-3,10],"originalSize":[290,290],"capInsets":[0,0,0,0]}],[0],0,[0],[0],[0]],[[{"name":"sb_vfx_b_screen_18","rect":[223,217,216,212],"offset":[3,30],"originalSize":[290,290],"capInsets":[0,0,0,0]}],[0],0,[0],[0],[0]],[[{"name":"sb_vfx_b_screen_02","rect":[1,859,184,178],"offset":[-2,8],"originalSize":[290,290],"rotated":1,"capInsets":[0,0,0,0]}],[0],0,[0],[0],[0]],[[{"name":"sb_vfx_b_screen_17","rect":[1,219,214,212],"offset":[3,30],"originalSize":[290,290],"capInsets":[0,0,0,0]}],[0],0,[0],[0],[0]],[[{"name":"sb_vfx_b_screen_16","rect":[659,217,212,210],"offset":[3,29],"originalSize":[290,290],"capInsets":[0,0,0,0]}],[0],0,[0],[0],[0]],[[{"name":"sb_vfx_b_screen_11","rect":[201,845,204,198],"offset":[7,27],"originalSize":[290,290],"capInsets":[0,0,0,0]}],[0],0,[0],[0],[0]],[[{"name":"sb_vfx_b_screen_20","rect":[445,1,220,214],"offset":[2,30],"originalSize":[290,290],"capInsets":[0,0,0,0]}],[0],0,[0],[0],[0]],[[{"name":"sb_vfx_b_screen_07","rect":[223,1,220,214],"offset":[-3,11],"originalSize":[290,290],"capInsets":[0,0,0,0]}],[0],0,[0],[0],[0]],[[{"name":"sb_vfx_b_screen_23","rect":[887,1,224,110],"offset":[3,-23],"originalSize":[290,290],"rotated":1,"capInsets":[0,0,0,0]}],[0],0,[0],[0],[0]],[[{"name":"sb_vfx_b_screen_24","rect":[873,227,22,44],"offset":[105,-57],"originalSize":[290,290],"rotated":1,"capInsets":[0,0,0,0]}],[0],0,[0],[0],[0]],[[{"name":"sb_vfx_b_screen_00","rect":[871,429,144,140],"offset":[0,7],"originalSize":[290,290],"rotated":1,"capInsets":[0,0,0,0]}],[0],0,[0],[0],[0]],[[{"name":"sb_vfx_b_screen_19","rect":[667,1,218,214],"offset":[3,30],"originalSize":[290,290],"capInsets":[0,0,0,0]}],[0],0,[0],[0],[0]],[[{"name":"sb_vfx_b_screen_09","rect":[1,433,200,218],"offset":[9,14],"originalSize":[290,290],"capInsets":[0,0,0,0]}],[0],0,[0],[0],[0]],[[{"name":"sb_vfx_b_screen_10","rect":[441,429,202,218],"offset":[8,17],"originalSize":[290,290],"rotated":1,"capInsets":[0,0,0,0]}],[0],0,[0],[0],[0]],[[{"name":"sb_vfx_b_screen_13","rect":[203,639,204,204],"offset":[3,28],"originalSize":[290,290],"capInsets":[0,0,0,0]}],[0],0,[0],[0],[0]],[[{"name":"sb_vfx_b_screen_05","rect":[217,431,212,206],"offset":[-3,10],"originalSize":[290,290],"capInsets":[0,0,0,0]}],[0],0,[0],[0],[0]],[[{"name":"sb_vfx_b_screen_21","rect":[615,841,222,168],"offset":[2,7],"originalSize":[290,290],"capInsets":[0,0,0,0]}],[0],0,[0],[0],[0]],[[{"name":"sb_vfx_b_screen_14","rect":[431,633,206,206],"offset":[3,29],"originalSize":[290,290],"capInsets":[0,0,0,0]}],[0],0,[0],[0],[0]],[[{"name":"sb_vfx_b_screen_22","rect":[839,639,224,166],"offset":[2,6],"originalSize":[290,290],"rotated":1,"capInsets":[0,0,0,0]}],[0],0,[0],[0],[0]],[[{"name":"sb_vfx_b_screen_25","rect":[919,227,20,18],"offset":[107,-70],"originalSize":[290,290],"capInsets":[0,0,0,0]}],[0],0,[0],[0],[0]]]]