[1,["38phyNSflJBK0xECWdQklL","cb9nwmQKJN5buF4e6D0pbf","28G5mhUXpLAoXxq0hhS3aT","99lVXz3c5KBa1TyZ0z3O6Z","30/TnGl1dDm6/cUUYfpxbi","67/SKtG7hJVo9kR6wnd/00"],["total_win","info_3","info_2","info_1","win","_textureSetter"],["cc.SpriteFrame",["cc.SpriteAtlas",["_name","_spriteFrames"],2,11]],[[1,0,1,2]],[[[[0,"Alats25.plist",[{},"total_win",6,0,"info_3",6,1,"info_2",6,2,"info_1",6,3,"win",6,4]]],0,0,[0,0,0,0,0],[0,1,2,3,4],[0,1,2,3,4]],[[{"name":"total_win","rect":[1034,1,166,35],"offset":[0,0],"originalSize":[166,35],"capInsets":[0,0,0,0]}],[0],0,[0],[5],[5]]]]