[1,["e2hoFYBMpLFpSz+1EIVkzh","aefE5TfCRCCKMB1j1dbk1C","91JWRKTrlIOruITc+AbGZi","722qngiUlGyqHvHfemWStg","daKGkJHypKUZFhdwiQD5jK","b8XyZ8W11EgbCitwonEzg0","02U1rTB5ZEibgujAgjXdw5"],["_textureSetter","spin_flare_a","spin_glow_a","spin_glow_d","spin_glow_c","spin_glow_e","spin_glow_b"],["cc.SpriteFrame",["cc.SpriteAtlas",["_name","_spriteFrames"],2,11]],[[1,0,1,2]],[[[{"name":"spin_glow_b","rect":[468,118,74,74],"offset":[0,0],"originalSize":[74,74],"capInsets":[0,0,0,0]}],[0],0,[0],[0],[0]],[[{"name":"spin_glow_a","rect":[281,116,104,102],"offset":[0,0],"originalSize":[104,102],"capInsets":[0,0,0,0]}],[0],0,[0],[0],[0]],[[[0,"Alats53.plist",[{},"spin_flare_a",6,0,"spin_glow_a",6,1,"spin_glow_d",6,2,"spin_glow_c",6,3,"spin_glow_e",6,4,"spin_glow_b",6,5]]],0,0,[0,0,0,0,0,0],[1,2,3,4,5,6],[1,2,3,4,5,6]]]]