[1,["eckmkQrx5Ou4LYiy4d5glD"],["_textureSetter"],["cc.SpriteFrame"],0,[[[{"name":"win_vfx_a_1x1_01","rect":[375,309,48,54],"offset":[0,1],"originalSize":[150,150],"capInsets":[0,0,0,0]}],[0],0,[0],[0],[0]],[[{"name":"win_vfx_a_1x1_12","rect":[1,1,120,106],"offset":[-1,2],"originalSize":[150,150],"capInsets":[0,0,0,0]}],[0],0,[0],[0],[0]],[[{"name":"win_vfx_a_1x1_15","rect":[239,109,114,76],"offset":[-3,-10],"originalSize":[150,150],"capInsets":[0,0,0,0]}],[0],0,[0],[0],[0]],[[{"name":"win_vfx_a_1x1_03","rect":[347,227,80,82],"offset":[0,1],"originalSize":[150,150],"rotated":1,"capInsets":[0,0,0,0]}],[0],0,[0],[0],[0]],[[{"name":"win_vfx_a_1x1_00","rect":[375,365,30,34],"offset":[0,0],"originalSize":[150,150],"rotated":1,"capInsets":[0,0,0,0]}],[0],0,[0],[0],[0]],[[{"name":"win_vfx_a_1x1_07","rect":[1,321,112,104],"offset":[-1,3],"originalSize":[150,150],"capInsets":[0,0,0,0]}],[0],0,[0],[0],[0]],[[{"name":"win_vfx_a_1x1_04","rect":[213,325,92,90],"offset":[0,1],"originalSize":[150,150],"capInsets":[0,0,0,0]}],[0],0,[0],[0],[0]],[[{"name":"win_vfx_a_1x1_16","rect":[357,1,116,74],"offset":[-3,-9],"originalSize":[150,150],"rotated":1,"capInsets":[0,0,0,0]}],[0],0,[0],[0],[0]],[[{"name":"win_vfx_a_1x1_14","rect":[233,187,112,94],"offset":[-3,-1],"originalSize":[150,150],"capInsets":[0,0,0,0]}],[0],0,[0],[0],[0]],[[{"name":"win_vfx_a_1x1_11","rect":[239,1,116,106],"offset":[-5,2],"originalSize":[150,150],"capInsets":[0,0,0,0]}],[0],0,[0],[0],[0]],[[{"name":"win_vfx_a_1x1_02","rect":[307,325,66,70],"offset":[0,2],"originalSize":[150,150],"capInsets":[0,0,0,0]}],[0],0,[0],[0],[0]],[[{"name":"win_vfx_a_1x1_17","rect":[355,119,106,74],"offset":[-3,-9],"originalSize":[150,150],"rotated":1,"capInsets":[0,0,0,0]}],[0],0,[0],[0],[0]],[[{"name":"win_vfx_a_1x1_06","rect":[123,111,108,100],"offset":[-1,2],"originalSize":[150,150],"capInsets":[0,0,0,0]}],[0],0,[0],[0],[0]],[[{"name":"win_vfx_a_1x1_09","rect":[1,109,120,104],"offset":[-1,0],"originalSize":[150,150],"capInsets":[0,0,0,0]}],[0],0,[0],[0],[0]],[[{"name":"win_vfx_a_1x1_13","rect":[121,215,110,98],"offset":[-3,1],"originalSize":[150,150],"capInsets":[0,0,0,0]}],[0],0,[0],[0],[0]],[[{"name":"win_vfx_a_1x1_10","rect":[1,215,118,104],"offset":[-3,0],"originalSize":[150,150],"capInsets":[0,0,0,0]}],[0],0,[0],[0],[0]],[[{"name":"win_vfx_a_1x1_08","rect":[123,1,114,108],"offset":[-1,3],"originalSize":[150,150],"capInsets":[0,0,0,0]}],[0],0,[0],[0],[0]],[[{"name":"win_vfx_a_1x1_05","rect":[115,321,100,96],"offset":[0,2],"originalSize":[150,150],"rotated":1,"capInsets":[0,0,0,0]}],[0],0,[0],[0],[0]],[[{"name":"win_vfx_a_1x1_18","rect":[233,283,108,40],"offset":[-3,-8],"originalSize":[150,150],"capInsets":[0,0,0,0]}],[0],0,[0],[0],[0]]]]