[1,["86Qq5b8r5Dt540KcloHRK+"],["_textureSetter"],["cc.SpriteFrame"],0,[[[{"name":"infoboard_lv02_vfx_g_add_06","rect":[621,389,200,188],"offset":[1,2],"originalSize":[378,192],"rotated":1,"capInsets":[0,0,0,0]}],[0],0,[0],[0],[0]],[[{"name":"infoboard_lv02_vfx_g_add_04","rect":[811,383,184,186],"offset":[2,-3],"originalSize":[378,192],"capInsets":[0,0,0,0]}],[0],0,[0],[0],[0]],[[{"name":"infoboard_lv02_vfx_g_add_16","rect":[437,195,200,192],"offset":[2,0],"originalSize":[378,192],"capInsets":[0,0,0,0]}],[0],0,[0],[0],[0]],[[{"name":"infoboard_lv02_vfx_g_add_09","rect":[439,1,212,190],"offset":[1,-1],"originalSize":[378,192],"capInsets":[0,0,0,0]}],[0],0,[0],[0],[0]],[[{"name":"infoboard_lv02_vfx_g_add_00","rect":[865,137,110,108],"offset":[2,-3],"originalSize":[378,192],"capInsets":[0,0,0,0]}],[0],0,[0],[0],[0]],[[{"name":"infoboard_lv02_vfx_g_add_03","rect":[811,571,172,174],"offset":[2,-4],"originalSize":[378,192],"rotated":1,"capInsets":[0,0,0,0]}],[0],0,[0],[0],[0]],[[{"name":"infoboard_lv02_vfx_g_add_08","rect":[653,1,210,188],"offset":[1,-2],"originalSize":[378,192],"capInsets":[0,0,0,0]}],[0],0,[0],[0],[0]],[[{"name":"infoboard_lv02_vfx_g_add_14","rect":[1,195,218,192],"offset":[1,0],"originalSize":[378,192],"capInsets":[0,0,0,0]}],[0],0,[0],[0],[0]],[[{"name":"infoboard_lv02_vfx_g_add_15","rect":[217,389,208,192],"offset":[6,0],"originalSize":[378,192],"capInsets":[0,0,0,0]}],[0],0,[0],[0],[0]],[[{"name":"infoboard_lv02_vfx_g_add_10","rect":[1,389,214,192],"offset":[1,0],"originalSize":[378,192],"capInsets":[0,0,0,0]}],[0],0,[0],[0],[0]],[[{"name":"infoboard_lv02_vfx_g_add_12","rect":[221,1,216,192],"offset":[0,0],"originalSize":[378,192],"capInsets":[0,0,0,0]}],[0],0,[0],[0],[0]],[[{"name":"infoboard_lv02_vfx_g_add_02","rect":[377,583,156,158],"offset":[2,-3],"originalSize":[378,192],"capInsets":[0,0,0,0]}],[0],0,[0],[0],[0]],[[{"name":"infoboard_lv02_vfx_g_add_11","rect":[221,195,214,192],"offset":[0,0],"originalSize":[378,192],"capInsets":[0,0,0,0]}],[0],0,[0],[0],[0]],[[{"name":"infoboard_lv02_vfx_g_add_17","rect":[1,583,186,168],"offset":[9,-12],"originalSize":[378,192],"capInsets":[0,0,0,0]}],[0],0,[0],[0],[0]],[[{"name":"infoboard_lv02_vfx_g_add_07","rect":[653,191,206,190],"offset":[1,1],"originalSize":[378,192],"capInsets":[0,0,0,0]}],[0],0,[0],[0],[0]],[[{"name":"infoboard_lv02_vfx_g_add_05","rect":[427,389,192,192],"offset":[2,0],"originalSize":[378,192],"capInsets":[0,0,0,0]}],[0],0,[0],[0],[0]],[[{"name":"infoboard_lv02_vfx_g_add_18","rect":[189,583,186,164],"offset":[9,-11],"originalSize":[378,192],"capInsets":[0,0,0,0]}],[0],0,[0],[0],[0]],[[{"name":"infoboard_lv02_vfx_g_add_13","rect":[1,1,218,192],"offset":[0,0],"originalSize":[378,192],"capInsets":[0,0,0,0]}],[0],0,[0],[0],[0]],[[{"name":"infoboard_lv02_vfx_g_add_01","rect":[865,1,134,134],"offset":[3,-3],"originalSize":[378,192],"capInsets":[0,0,0,0]}],[0],0,[0],[0],[0]]]]