[1,["5a8opX+jJGJLwfSvfuQF9r"],["_textureSetter"],["cc.SpriteFrame"],0,[[[{"name":"bns_top_anim_screen_09","rect":[1085,543,540,267],"offset":[0,1],"originalSize":[540,269],"rotated":1,"capInsets":[0,0,0,0]}],[0],0,[0],[0],[0]],[[{"name":"bns_top_anim_screen_01","rect":[543,1,540,267],"offset":[0,1],"originalSize":[540,269],"capInsets":[0,0,0,0]}],[0],0,[0],[0],[0]],[[{"name":"bns_top_anim_screen_08","rect":[543,808,540,267],"offset":[0,1],"originalSize":[540,269],"capInsets":[0,0,0,0]}],[0],0,[0],[0],[0]],[[{"name":"bns_top_anim_screen_02","rect":[1,270,540,267],"offset":[0,1],"originalSize":[540,269],"capInsets":[0,0,0,0]}],[0],0,[0],[0],[0]],[[{"name":"bns_top_anim_screen_10","rect":[1,1077,540,267],"offset":[0,1],"originalSize":[540,269],"capInsets":[0,0,0,0]}],[0],0,[0],[0],[0]],[[{"name":"bns_top_anim_screen_07","rect":[1,808,540,267],"offset":[0,1],"originalSize":[540,269],"capInsets":[0,0,0,0]}],[0],0,[0],[0],[0]],[[{"name":"bns_top_anim_screen_05","rect":[1,539,540,267],"offset":[0,1],"originalSize":[540,269],"capInsets":[0,0,0,0]}],[0],0,[0],[0],[0]],[[{"name":"bns_top_anim_screen_06","rect":[543,539,540,267],"offset":[0,1],"originalSize":[540,269],"capInsets":[0,0,0,0]}],[0],0,[0],[0],[0]],[[{"name":"bns_top_anim_screen_04","rect":[1085,1,540,267],"offset":[0,1],"originalSize":[540,269],"rotated":1,"capInsets":[0,0,0,0]}],[0],0,[0],[0],[0]],[[{"name":"bns_top_anim_screen_00","rect":[1,1,540,267],"offset":[0,1],"originalSize":[540,269],"capInsets":[0,0,0,0]}],[0],0,[0],[0],[0]],[[{"name":"bns_top_anim_screen_11","rect":[543,1077,540,267],"offset":[0,1],"originalSize":[540,269],"capInsets":[0,0,0,0]}],[0],0,[0],[0],[0]],[[{"name":"bns_top_anim_screen_03","rect":[543,270,540,267],"offset":[0,1],"originalSize":[540,269],"capInsets":[0,0,0,0]}],[0],0,[0],[0],[0]]]]