[1,["c8p+r6r/ZJkYC81aBqTaMN","dbxouUBL9D8r8352GOQm28","e7vAQ6DTtAzJ8t7haZJnNl","cf60PYkQhFdLuiXprwgUPs","2boBJ4zfBLg6XFm1nNZS9A","20TbwQCZdBEpWPttnfuS/X","bfZkdo4whFMJusIMztJCT6","22jceTnJBNFJnicFiDuKde","bd4jrkJqFAsI6Ja34kk//i","b3N3fC7CZBjK4fS9r99RbJ","0cKuFm+5VGO4lTv8cspEXE","f4CsgCUPNLtJvl3BSsVDiW"],["_textureSetter","mult_7","mult_5","mult_1","mult_4","mult_6","mult_3","mult_multiply","mult_0","mult_8","mult_2","mult_9"],["cc.SpriteFrame",["cc.SpriteAtlas",["_name","_spriteFrames"],2,11]],[[1,0,1,2]],[[[{"name":"mult_2","rect":[829,1,167,152],"offset":[0,0],"originalSize":[167,152],"capInsets":[0,0,0,0]}],[0],0,[0],[0],[0]],[[{"name":"mult_6","rect":[666,1,161,153],"offset":[0,0],"originalSize":[161,153],"capInsets":[0,0,0,0]}],[0],0,[0],[0],[0]],[[{"name":"mult_multiply","rect":[1614,1,147,124],"offset":[0,0],"originalSize":[147,124],"rotated":1,"capInsets":[0,0,0,0]}],[0],0,[0],[0],[0]],[[{"name":"mult_4","rect":[1164,1,161,151],"offset":[0,0],"originalSize":[161,151],"capInsets":[0,0,0,0]}],[0],0,[0],[0],[0]],[[[0,"Alats33.plist",[{},"mult_7",6,0,"mult_5",6,1,"mult_1",6,2,"mult_4",6,3,"mult_6",6,4,"mult_3",6,5,"mult_multiply",6,6,"mult_0",6,7,"mult_8",6,8,"mult_2",6,9,"mult_9",6,10]]],0,0,[0,0,0,0,0,0,0,0,0,0,0],[1,2,3,4,5,6,7,8,9,10,11],[1,2,3,4,5,6,7,8,9,10,11]],[[{"name":"mult_8","rect":[170,1,164,153],"offset":[0,0],"originalSize":[164,153],"capInsets":[0,0,0,0]}],[0],0,[0],[0],[0]],[[{"name":"mult_0","rect":[1,1,167,153],"offset":[0,0],"originalSize":[167,153],"capInsets":[0,0,0,0]}],[0],0,[0],[0],[0]],[[{"name":"mult_3","rect":[336,1,163,153],"offset":[0,0],"originalSize":[163,153],"capInsets":[0,0,0,0]}],[0],0,[0],[0],[0]],[[{"name":"mult_1","rect":[1487,1,125,151],"offset":[0,0],"originalSize":[125,151],"capInsets":[0,0,0,0]}],[0],0,[0],[0],[0]],[[{"name":"mult_7","rect":[1327,1,158,151],"offset":[0,0],"originalSize":[158,151],"capInsets":[0,0,0,0]}],[0],0,[0],[0],[0]],[[{"name":"mult_5","rect":[998,1,164,152],"offset":[0,0],"originalSize":[164,152],"capInsets":[0,0,0,0]}],[0],0,[0],[0],[0]],[[{"name":"mult_9","rect":[501,1,163,153],"offset":[0,0],"originalSize":[163,153],"capInsets":[0,0,0,0]}],[0],0,[0],[0],[0]]]]