[1,["7cV8+WgYRKSIghzTwrksRf"],["_textureSetter"],["cc.SpriteFrame"],0,[[[{"name":"scat_vfx_b_add_20","rect":[961,1,304,304],"offset":[0,-5],"originalSize":[344,362],"capInsets":[0,0,0,0]}],[0],0,[0],[0],[0]],[[{"name":"scat_vfx_b_add_18","rect":[637,633,304,318],"offset":[0,-12],"originalSize":[344,362],"capInsets":[0,0,0,0]}],[0],0,[0],[0],[0]],[[{"name":"scat_vfx_b_add_09","rect":[947,307,304,306],"offset":[0,-2],"originalSize":[344,362],"capInsets":[0,0,0,0]}],[0],0,[0],[0],[0]],[[{"name":"scat_vfx_b_add_15","rect":[1,1,318,320],"offset":[2,-6],"originalSize":[344,362],"capInsets":[0,0,0,0]}],[0],0,[0],[0],[0]],[[{"name":"scat_vfx_b_add_03","rect":[543,963,240,246],"offset":[-1,8],"originalSize":[344,362],"capInsets":[0,0,0,0]}],[0],0,[0],[0],[0]],[[{"name":"scat_vfx_b_add_19","rect":[637,1,304,322],"offset":[0,-13],"originalSize":[344,362],"rotated":1,"capInsets":[0,0,0,0]}],[0],0,[0],[0],[0]],[[{"name":"scat_vfx_b_add_04","rect":[283,963,258,260],"offset":[-1,5],"originalSize":[344,362],"capInsets":[0,0,0,0]}],[0],0,[0],[0],[0]],[[{"name":"scat_vfx_b_add_21","rect":[1253,307,304,304],"offset":[0,-5],"originalSize":[344,362],"capInsets":[0,0,0,0]}],[0],0,[0],[0],[0]],[[{"name":"scat_vfx_b_add_06","rect":[785,953,284,286],"offset":[-2,3],"originalSize":[344,362],"rotated":1,"capInsets":[0,0,0,0]}],[0],0,[0],[0],[0]],[[{"name":"scat_vfx_b_add_05","rect":[1,963,272,280],"offset":[-1,7],"originalSize":[344,362],"rotated":1,"capInsets":[0,0,0,0]}],[0],0,[0],[0],[0]],[[{"name":"scat_vfx_b_add_10","rect":[943,633,310,310],"offset":[0,-4],"originalSize":[344,362],"capInsets":[0,0,0,0]}],[0],0,[0],[0],[0]],[[{"name":"scat_vfx_b_add_11","rect":[321,1,314,314],"offset":[0,-4],"originalSize":[344,362],"capInsets":[0,0,0,0]}],[0],0,[0],[0],[0]],[[{"name":"scat_vfx_b_add_02","rect":[1255,613,218,226],"offset":[-1,9],"originalSize":[344,362],"capInsets":[0,0,0,0]}],[0],0,[0],[0],[0]],[[{"name":"scat_vfx_b_add_00","rect":[1365,1035,160,168],"offset":[-1,10],"originalSize":[344,362],"capInsets":[0,0,0,0]}],[0],0,[0],[0],[0]],[[{"name":"scat_vfx_b_add_12","rect":[633,317,312,314],"offset":[1,-5],"originalSize":[344,362],"capInsets":[0,0,0,0]}],[0],0,[0],[0],[0]],[[{"name":"scat_vfx_b_add_14","rect":[1,323,318,318],"offset":[-1,-6],"originalSize":[344,362],"capInsets":[0,0,0,0]}],[0],0,[0],[0],[0]],[[{"name":"scat_vfx_b_add_07","rect":[1073,945,290,290],"offset":[0,0],"originalSize":[344,362],"capInsets":[0,0,0,0]}],[0],0,[0],[0],[0]],[[{"name":"scat_vfx_b_add_16","rect":[319,643,318,316],"offset":[0,-10],"originalSize":[344,362],"rotated":1,"capInsets":[0,0,0,0]}],[0],0,[0],[0],[0]],[[{"name":"scat_vfx_b_add_13","rect":[1,643,316,318],"offset":[0,-7],"originalSize":[344,362],"capInsets":[0,0,0,0]}],[0],0,[0],[0],[0]],[[{"name":"scat_vfx_b_add_08","rect":[1267,1,298,300],"offset":[0,-2],"originalSize":[344,362],"capInsets":[0,0,0,0]}],[0],0,[0],[0],[0]],[[{"name":"scat_vfx_b_add_01","rect":[1365,841,192,200],"offset":[-1,9],"originalSize":[344,362],"rotated":1,"capInsets":[0,0,0,0]}],[0],0,[0],[0],[0]],[[{"name":"scat_vfx_b_add_17","rect":[321,317,310,318],"offset":[-3,-11],"originalSize":[344,362],"capInsets":[0,0,0,0]}],[0],0,[0],[0],[0]]]]