[1,["e2Z06eEXZMRKUD8VdVGeci","0bH1h9ktpNFaWKeOHiATZi","9df2huIn5FcLFg8RzwQsYD","46WYRU37dAG77z5ir95RHG","7fl+rWBglMo4VJ0BPQ22CU","a7D8eZFfNFHrEd0evVMgoY","d1WB9klHRLXabmsfMn8F7x","afXgmYv9BFPZwjc/EzpIK7"],["value"],[["cc.AnimationClip",["_name","_duration","sample","wrapMode","curveData"],-1,11]],[[0,0,1,2,3,4,5]],[[0,"fast_vfx_a",0.4,20,22,[{},"comps",11,[{},"cc.Sprite",11,[{},"spriteFrame",12,[[[{"frame":0},"value",6,0],[{"frame":0.05},"value",6,1],[{"frame":0.1},"value",6,2],[{"frame":0.15},"value",6,3],[{"frame":0.2},"value",6,4],[{"frame":0.25},"value",6,5],[{"frame":0.3},"value",6,6],[{"frame":0.35},"value",6,7]],11,11,11,11,11,11,11,11]]]]]],0,0,[0,0,0,0,0,0,0,0],[0,0,0,0,0,0,0,0],[0,1,2,3,4,5,6,7]]