[1,["55INRkG3lO6ou7jmb40VdB"],["_textureSetter"],["cc.SpriteFrame"],0,[[[{"name":"fs_vfx_a_09","rect":[1,358,117,302],"offset":[0,0],"originalSize":[119,302],"rotated":1,"capInsets":[0,0,0,0]}],[0],0,[0],[0],[0]],[[{"name":"fs_vfx_a_17","rect":[609,596,117,302],"offset":[0,0],"originalSize":[119,302],"rotated":1,"capInsets":[0,0,0,0]}],[0],0,[0],[0],[0]],[[{"name":"fs_vfx_a_08","rect":[609,239,117,302],"offset":[0,0],"originalSize":[119,302],"rotated":1,"capInsets":[0,0,0,0]}],[0],0,[0],[0],[0]],[[{"name":"fs_vfx_a_03","rect":[1,120,117,302],"offset":[0,0],"originalSize":[119,302],"rotated":1,"capInsets":[0,0,0,0]}],[0],0,[0],[0],[0]],[[{"name":"fs_vfx_a_04","rect":[305,120,117,302],"offset":[0,0],"originalSize":[119,302],"rotated":1,"capInsets":[0,0,0,0]}],[0],0,[0],[0],[0]],[[{"name":"fs_vfx_a_15","rect":[1,596,117,302],"offset":[0,0],"originalSize":[119,302],"rotated":1,"capInsets":[0,0,0,0]}],[0],0,[0],[0],[0]],[[{"name":"fs_vfx_a_18","rect":[1,715,117,302],"offset":[0,0],"originalSize":[119,302],"rotated":1,"capInsets":[0,0,0,0]}],[0],0,[0],[0],[0]],[[{"name":"fs_vfx_a_07","rect":[305,239,117,302],"offset":[0,0],"originalSize":[119,302],"rotated":1,"capInsets":[0,0,0,0]}],[0],0,[0],[0],[0]],[[{"name":"fs_vfx_a_06","rect":[1,239,117,302],"offset":[0,0],"originalSize":[119,302],"rotated":1,"capInsets":[0,0,0,0]}],[0],0,[0],[0],[0]],[[{"name":"fs_vfx_a_12","rect":[1,477,117,302],"offset":[0,0],"originalSize":[119,302],"rotated":1,"capInsets":[0,0,0,0]}],[0],0,[0],[0],[0]],[[{"name":"fs_vfx_a_10","rect":[305,358,117,302],"offset":[0,0],"originalSize":[119,302],"rotated":1,"capInsets":[0,0,0,0]}],[0],0,[0],[0],[0]],[[{"name":"fs_vfx_a_01","rect":[305,1,117,302],"offset":[0,0],"originalSize":[119,302],"rotated":1,"capInsets":[0,0,0,0]}],[0],0,[0],[0],[0]],[[{"name":"fs_vfx_a_14","rect":[609,477,117,302],"offset":[0,0],"originalSize":[119,302],"rotated":1,"capInsets":[0,0,0,0]}],[0],0,[0],[0],[0]],[[{"name":"fs_vfx_a_16","rect":[305,596,117,302],"offset":[0,0],"originalSize":[119,302],"rotated":1,"capInsets":[0,0,0,0]}],[0],0,[0],[0],[0]],[[{"name":"fs_vfx_a_05","rect":[609,120,117,302],"offset":[0,0],"originalSize":[119,302],"rotated":1,"capInsets":[0,0,0,0]}],[0],0,[0],[0],[0]],[[{"name":"fs_vfx_a_00","rect":[1,1,117,302],"offset":[0,0],"originalSize":[119,302],"rotated":1,"capInsets":[0,0,0,0]}],[0],0,[0],[0],[0]],[[{"name":"fs_vfx_a_11","rect":[609,358,117,302],"offset":[0,0],"originalSize":[119,302],"rotated":1,"capInsets":[0,0,0,0]}],[0],0,[0],[0],[0]],[[{"name":"fs_vfx_a_19","rect":[305,715,117,302],"offset":[0,0],"originalSize":[119,302],"rotated":1,"capInsets":[0,0,0,0]}],[0],0,[0],[0],[0]],[[{"name":"fs_vfx_a_02","rect":[609,1,117,302],"offset":[0,0],"originalSize":[119,302],"rotated":1,"capInsets":[0,0,0,0]}],[0],0,[0],[0],[0]],[[{"name":"fs_vfx_a_20","rect":[609,715,117,302],"offset":[0,0],"originalSize":[119,302],"rotated":1,"capInsets":[0,0,0,0]}],[0],0,[0],[0],[0]],[[{"name":"fs_vfx_a_13","rect":[305,477,117,302],"offset":[0,0],"originalSize":[119,302],"rotated":1,"capInsets":[0,0,0,0]}],[0],0,[0],[0],[0]]]]