[1,["1b895+0ZNJIrSB2hvnCGp7","58qWSnt0tBt5NMIQ1z0qzX","70WXSZdmtD2rRz8Nufmzmq","58OPo7ZHhHtaQ0VKHt5j5X","f9S81unb1PdKYY9IZazTcG","feeZaLndZEVZIOFNOT81Dn","9dlP7Z2tZEqorH8W0nK5Nq","42U201e3dDmKBQUT5p7xLW","86M9Dc7FZFFZbG4/gHi8LJ","5aKVQma8lHopchC072crrX","67/ZcqbldNA7iT28GIz/rE","5eHGhcZDdFAK+3j38bryPY","1dK7WtPXNBw6vm8M3SVuBK","b5v522wlZJ/r2omRry/huz","40c0Gc78FEzp66FPGXpFbK","02cLS/6HBINLZnreQ0zC4M","82snO3xyJHGKQxNrDH1R6c","0azZ/tZZVETqOvAmZEI48D","91g0KQgXhHrphHQPfyTQVD","94Sfuc1ONEApKmKJJyN/u9","a82MuUmfVMWo3sWPx1Krv/","6fUrmCmfdOcan1y5pIpdhZ","ddyoiwHPpAyY9nSu3h+4mJ","6aF3bEQSBMo6GoXGt7fxHh","3eggr+y1xGArwd9qeXIRIS"],["value"],[["cc.AnimationClip",["_name","_duration","sample","wrapMode","curveData"],-1,11]],[[0,0,1,2,3,4,5]],[[0,"fs_vfx_f",0.8333333333333334,30,2,[{},"comps",11,[{},"cc.Sprite",11,[{},"spriteFrame",12,[[[{"frame":0},"value",6,0],[{"frame":0.03333333333333333},"value",6,1],[{"frame":0.06666666666666667},"value",6,2],[{"frame":0.1},"value",6,3],[{"frame":0.13333333333333333},"value",6,4],[{"frame":0.16666666666666666},"value",6,5],[{"frame":0.2},"value",6,6],[{"frame":0.23333333333333334},"value",6,7],[{"frame":0.26666666666666666},"value",6,8],[{"frame":0.3},"value",6,9],[{"frame":0.3333333333333333},"value",6,10],[{"frame":0.36666666666666664},"value",6,11],[{"frame":0.4},"value",6,12],[{"frame":0.43333333333333335},"value",6,13],[{"frame":0.4666666666666667},"value",6,14],[{"frame":0.5},"value",6,15],[{"frame":0.5333333333333333},"value",6,16],[{"frame":0.5666666666666667},"value",6,17],[{"frame":0.6},"value",6,18],[{"frame":0.6333333333333333},"value",6,19],[{"frame":0.6666666666666666},"value",6,20],[{"frame":0.7},"value",6,21],[{"frame":0.7333333333333333},"value",6,22],[{"frame":0.7666666666666667},"value",6,23],[{"frame":0.8},"value",6,24]],11,11,11,11,11,11,11,11,11,11,11,11,11,11,11,11,11,11,11,11,11,11,11,11,11]]]]]],0,0,[0,0,0,0,0,0,0,0,0,0,0,0,0,0,0,0,0,0,0,0,0,0,0,0,0],[0,0,0,0,0,0,0,0,0,0,0,0,0,0,0,0,0,0,0,0,0,0,0,0,0],[0,1,2,3,4,5,6,7,8,9,10,11,12,13,14,15,16,17,18,19,20,21,22,23,24]]