[1,["056cmiiMVPGp7j/1o8/iRf","03AfPM9h1EcLHZV/aPc6Ji"],["_textureSetter","spriteFrame"],["cc.SpriteFrame",["cc.BitmapFont",["_name","fontSize","_fntConfig"],0]],[[1,0,1,2,4]],[[[{"name":"font_chat","rect":[0,0,375,255],"offset":[0,0],"originalSize":[375,255],"capInsets":[0,0,0,0]}],[0],0,[0],[0],[0]],[[[0,"font_chat",32,{"commonHeight":34,"fontSize":32,"atlasName":"font_chat.png","fontDefDictionary":{"9":{"xOffset":0,"yOffset":0,"xAdvance":56,"rect":{"x":0,"y":0,"width":0,"height":0}},"32":{"xOffset":0,"yOffset":0,"xAdvance":7,"rect":{"x":0,"y":0,"width":0,"height":0}},"33":{"xOffset":0,"yOffset":12,"xAdvance":8,"rect":{"x":364,"y":209,"width":6,"height":22}},"34":{"xOffset":0,"yOffset":12,"xAdvance":13,"rect":{"x":202,"y":202,"width":11,"height":9}},"35":{"xOffset":0,"yOffset":13,"xAdvance":17,"rect":{"x":252,"y":222,"width":15,"height":20}},"36":{"xOffset":0,"yOffset":11,"xAdvance":16,"rect":{"x":300,"y":28,"width":14,"height":25}},"37":{"xOffset":0,"yOffset":13,"xAdvance":27,"rect":{"x":0,"y":22,"width":25,"height":21}},"38":{"xOffset":0,"yOffset":12,"xAdvance":22,"rect":{"x":45,"y":177,"width":20,"height":22}},"39":{"xOffset":0,"yOffset":12,"xAdvance":7,"rect":{"x":37,"y":242,"width":5,"height":9}},"40":{"xOffset":0,"yOffset":12,"xAdvance":9,"rect":{"x":364,"y":183,"width":7,"height":25}},"41":{"xOffset":0,"yOffset":12,"xAdvance":9,"rect":{"x":363,"y":105,"width":7,"height":25}},"42":{"xOffset":0,"yOffset":12,"xAdvance":15,"rect":{"x":315,"y":63,"width":13,"height":13}},"43":{"xOffset":0,"yOffset":17,"xAdvance":19,"rect":{"x":26,"y":26,"width":17,"height":16}},"44":{"xOffset":0,"yOffset":27,"xAdvance":10,"rect":{"x":108,"y":133,"width":8,"height":10}},"45":{"xOffset":0,"yOffset":23,"xAdvance":11,"rect":{"x":147,"y":191,"width":9,"height":4}},"46":{"xOffset":0,"yOffset":27,"xAdvance":8,"rect":{"x":218,"y":248,"width":6,"height":7}},"47":{"xOffset":0,"yOffset":12,"xAdvance":12,"rect":{"x":344,"y":100,"width":10,"height":23}},"48":{"xOffset":0,"yOffset":13,"xAdvance":18,"rect":{"x":219,"y":72,"width":16,"height":21}},"49":{"xOffset":0,"yOffset":13,"xAdvance":11,"rect":{"x":354,"y":234,"width":9,"height":20}},"50":{"xOffset":0,"yOffset":13,"xAdvance":17,"rect":{"x":268,"y":223,"width":15,"height":20}},"51":{"xOffset":0,"yOffset":13,"xAdvance":17,"rect":{"x":268,"y":171,"width":15,"height":21}},"52":{"xOffset":0,"yOffset":13,"xAdvance":18,"rect":{"x":235,"y":184,"width":16,"height":20}},"53":{"xOffset":0,"yOffset":13,"xAdvance":16,"rect":{"x":284,"y":100,"width":14,"height":21}},"54":{"xOffset":0,"yOffset":13,"xAdvance":18,"rect":{"x":218,"y":226,"width":16,"height":21}},"55":{"xOffset":0,"yOffset":13,"xAdvance":16,"rect":{"x":269,"y":100,"width":14,"height":20}},"56":{"xOffset":0,"yOffset":13,"xAdvance":17,"rect":{"x":269,"y":78,"width":15,"height":21}},"57":{"xOffset":0,"yOffset":13,"xAdvance":17,"rect":{"x":269,"y":33,"width":15,"height":21}},"58":{"xOffset":0,"yOffset":18,"xAdvance":8,"rect":{"x":355,"y":105,"width":6,"height":16}},"59":{"xOffset":0,"yOffset":18,"xAdvance":10,"rect":{"x":354,"y":124,"width":8,"height":19}},"60":{"xOffset":0,"yOffset":17,"xAdvance":17,"rect":{"x":269,"y":16,"width":15,"height":16}},"61":{"xOffset":0,"yOffset":20,"xAdvance":19,"rect":{"x":19,"y":242,"width":17,"height":10}},"62":{"xOffset":0,"yOffset":17,"xAdvance":17,"rect":{"x":236,"y":144,"width":15,"height":16}},"63":{"xOffset":0,"yOffset":12,"xAdvance":13,"rect":{"x":343,"y":33,"width":11,"height":22}},"64":{"xOffset":0,"yOffset":15,"xAdvance":23,"rect":{"x":24,"y":74,"width":21,"height":21}},"65":{"xOffset":0,"yOffset":12,"xAdvance":21,"rect":{"x":107,"y":233,"width":19,"height":21}},"66":{"xOffset":0,"yOffset":12,"xAdvance":18,"rect":{"x":202,"y":128,"width":16,"height":22}},"67":{"xOffset":0,"yOffset":12,"xAdvance":19,"rect":{"x":184,"y":189,"width":17,"height":22}},"68":{"xOffset":0,"yOffset":12,"xAdvance":21,"rect":{"x":87,"y":232,"width":19,"height":22}},"69":{"xOffset":0,"yOffset":12,"xAdvance":16,"rect":{"x":285,"y":0,"width":14,"height":21}},"70":{"xOffset":0,"yOffset":12,"xAdvance":15,"rect":{"x":329,"y":211,"width":13,"height":21}},"71":{"xOffset":0,"yOffset":12,"xAdvance":21,"rect":{"x":108,"y":29,"width":19,"height":22}},"72":{"xOffset":0,"yOffset":12,"xAdvance":20,"rect":{"x":127,"y":219,"width":18,"height":21}},"73":{"xOffset":0,"yOffset":12,"xAdvance":7,"rect":{"x":364,"y":232,"width":5,"height":21}},"74":{"xOffset":0,"yOffset":12,"xAdvance":13,"rect":{"x":344,"y":56,"width":11,"height":22}},"75":{"xOffset":0,"yOffset":12,"xAdvance":19,"rect":{"x":166,"y":169,"width":17,"height":21}},"76":{"xOffset":0,"yOffset":12,"xAdvance":15,"rect":{"x":329,"y":233,"width":13,"height":21}},"77":{"xOffset":0,"yOffset":12,"xAdvance":25,"rect":{"x":0,"y":44,"width":23,"height":21}},"78":{"xOffset":0,"yOffset":12,"xAdvance":20,"rect":{"x":147,"y":50,"width":18,"height":21}},"79":{"xOffset":0,"yOffset":12,"xAdvance":22,"rect":{"x":67,"y":94,"width":20,"height":22}},"80":{"xOffset":0,"yOffset":12,"xAdvance":17,"rect":{"x":236,"y":161,"width":15,"height":21}},"81":{"xOffset":0,"yOffset":12,"xAdvance":22,"rect":{"x":45,"y":151,"width":20,"height":25}},"82":{"xOffset":0,"yOffset":12,"xAdvance":18,"rect":{"x":236,"y":99,"width":16,"height":21}},"83":{"xOffset":0,"yOffset":12,"xAdvance":17,"rect":{"x":253,"y":75,"width":15,"height":22}},"84":{"xOffset":0,"yOffset":12,"xAdvance":18,"rect":{"x":219,"y":162,"width":16,"height":21}},"85":{"xOffset":0,"yOffset":12,"xAdvance":19,"rect":{"x":184,"y":166,"width":17,"height":22}},"86":{"xOffset":0,"yOffset":12,"xAdvance":22,"rect":{"x":45,"y":200,"width":20,"height":21}},"87":{"xOffset":0,"yOffset":12,"xAdvance":28,"rect":{"x":0,"y":0,"width":26,"height":21}},"88":{"xOffset":0,"yOffset":12,"xAdvance":20,"rect":{"x":147,"y":169,"width":18,"height":21}},"89":{"xOffset":0,"yOffset":12,"xAdvance":20,"rect":{"x":147,"y":147,"width":18,"height":21}},"90":{"xOffset":0,"yOffset":12,"xAdvance":18,"rect":{"x":202,"y":180,"width":16,"height":21}},"91":{"xOffset":0,"yOffset":12,"xAdvance":9,"rect":{"x":363,"y":157,"width":7,"height":25}},"92":{"xOffset":0,"yOffset":12,"xAdvance":11,"rect":{"x":344,"y":146,"width":9,"height":23}},"93":{"xOffset":0,"yOffset":12,"xAdvance":9,"rect":{"x":363,"y":131,"width":7,"height":25}},"94":{"xOffset":0,"yOffset":13,"xAdvance":18,"rect":{"x":46,"y":110,"width":16,"height":15}},"95":{"xOffset":0,"yOffset":35,"xAdvance":18,"rect":{"x":19,"y":253,"width":16,"height":2}},"96":{"xOffset":0,"yOffset":12,"xAdvance":10,"rect":{"x":117,"y":133,"width":8,"height":5}},"97":{"xOffset":0,"yOffset":18,"xAdvance":16,"rect":{"x":315,"y":0,"width":14,"height":16}},"98":{"xOffset":0,"yOffset":11,"xAdvance":18,"rect":{"x":218,"y":202,"width":16,"height":23}},"99":{"xOffset":0,"yOffset":18,"xAdvance":15,"rect":{"x":330,"y":0,"width":13,"height":16}},"100":{"xOffset":0,"yOffset":11,"xAdvance":18,"rect":{"x":219,"y":0,"width":16,"height":23}},"101":{"xOffset":0,"yOffset":18,"xAdvance":17,"rect":{"x":219,"y":184,"width":15,"height":16}},"102":{"xOffset":0,"yOffset":11,"xAdvance":13,"rect":{"x":343,"y":211,"width":11,"height":22}},"103":{"xOffset":0,"yOffset":18,"xAdvance":18,"rect":{"x":219,"y":139,"width":16,"height":22}},"104":{"xOffset":0,"yOffset":11,"xAdvance":17,"rect":{"x":268,"y":121,"width":15,"height":22}},"105":{"xOffset":0,"yOffset":12,"xAdvance":7,"rect":{"x":364,"y":77,"width":5,"height":21}},"106":{"xOffset":0,"yOffset":12,"xAdvance":11,"rect":{"x":344,"y":170,"width":9,"height":28}},"107":{"xOffset":0,"yOffset":11,"xAdvance":17,"rect":{"x":269,"y":55,"width":15,"height":22}},"108":{"xOffset":0,"yOffset":11,"xAdvance":7,"rect":{"x":365,"y":53,"width":5,"height":22}},"109":{"xOffset":0,"yOffset":18,"xAdvance":25,"rect":{"x":0,"y":66,"width":23,"height":15}},"110":{"xOffset":0,"yOffset":18,"xAdvance":17,"rect":{"x":269,"y":0,"width":15,"height":15}},"111":{"xOffset":0,"yOffset":18,"xAdvance":18,"rect":{"x":184,"y":239,"width":16,"height":16}},"112":{"xOffset":0,"yOffset":18,"xAdvance":18,"rect":{"x":219,"y":24,"width":16,"height":21}},"113":{"xOffset":0,"yOffset":18,"xAdvance":18,"rect":{"x":219,"y":94,"width":16,"height":21}},"114":{"xOffset":0,"yOffset":18,"xAdvance":12,"rect":{"x":343,"y":234,"width":10,"height":15}},"115":{"xOffset":0,"yOffset":18,"xAdvance":14,"rect":{"x":330,"y":33,"width":12,"height":16}},"116":{"xOffset":0,"yOffset":14,"xAdvance":12,"rect":{"x":344,"y":79,"width":10,"height":20}},"117":{"xOffset":0,"yOffset":18,"xAdvance":16,"rect":{"x":299,"y":237,"width":14,"height":16}},"118":{"xOffset":0,"yOffset":18,"xAdvance":18,"rect":{"x":236,"y":0,"width":16,"height":15}},"119":{"xOffset":0,"yOffset":18,"xAdvance":25,"rect":{"x":0,"y":82,"width":23,"height":15}},"120":{"xOffset":0,"yOffset":18,"xAdvance":18,"rect":{"x":235,"y":232,"width":16,"height":15}},"121":{"xOffset":0,"yOffset":18,"xAdvance":19,"rect":{"x":49,"y":0,"width":17,"height":22}},"122":{"xOffset":0,"yOffset":18,"xAdvance":15,"rect":{"x":330,"y":17,"width":13,"height":15}},"123":{"xOffset":0,"yOffset":12,"xAdvance":10,"rect":{"x":354,"y":170,"width":8,"height":25}},"124":{"xOffset":0,"yOffset":10,"xAdvance":6,"rect":{"x":371,"y":105,"width":4,"height":31}},"125":{"xOffset":0,"yOffset":12,"xAdvance":10,"rect":{"x":355,"y":79,"width":8,"height":25}},"126":{"xOffset":0,"yOffset":21,"xAdvance":18,"rect":{"x":201,"y":248,"width":16,"height":7}},"192":{"xOffset":0,"yOffset":8,"xAdvance":21,"rect":{"x":108,"y":81,"width":19,"height":25}},"193":{"xOffset":0,"yOffset":8,"xAdvance":21,"rect":{"x":108,"y":107,"width":19,"height":25}},"194":{"xOffset":0,"yOffset":8,"xAdvance":21,"rect":{"x":88,"y":63,"width":19,"height":25}},"195":{"xOffset":0,"yOffset":7,"xAdvance":21,"rect":{"x":88,"y":118,"width":19,"height":26}},"200":{"xOffset":0,"yOffset":8,"xAdvance":16,"rect":{"x":314,"y":162,"width":14,"height":25}},"201":{"xOffset":0,"yOffset":8,"xAdvance":16,"rect":{"x":284,"y":197,"width":14,"height":25}},"202":{"xOffset":0,"yOffset":8,"xAdvance":16,"rect":{"x":284,"y":171,"width":14,"height":25}},"204":{"xOffset":0,"yOffset":8,"xAdvance":10,"rect":{"x":354,"y":0,"width":8,"height":25}},"205":{"xOffset":0,"yOffset":8,"xAdvance":10,"rect":{"x":354,"y":144,"width":8,"height":25}},"210":{"xOffset":0,"yOffset":8,"xAdvance":22,"rect":{"x":66,"y":179,"width":20,"height":26}},"211":{"xOffset":0,"yOffset":8,"xAdvance":22,"rect":{"x":46,"y":53,"width":20,"height":26}},"212":{"xOffset":0,"yOffset":8,"xAdvance":22,"rect":{"x":46,"y":26,"width":20,"height":26}},"213":{"xOffset":0,"yOffset":7,"xAdvance":22,"rect":{"x":66,"y":151,"width":20,"height":27}},"217":{"xOffset":0,"yOffset":8,"xAdvance":19,"rect":{"x":184,"y":112,"width":17,"height":26}},"218":{"xOffset":0,"yOffset":8,"xAdvance":19,"rect":{"x":184,"y":139,"width":17,"height":26}},"221":{"xOffset":0,"yOffset":8,"xAdvance":20,"rect":{"x":165,"y":215,"width":18,"height":25}},"224":{"xOffset":0,"yOffset":12,"xAdvance":16,"rect":{"x":315,"y":40,"width":14,"height":22}},"225":{"xOffset":0,"yOffset":12,"xAdvance":16,"rect":{"x":315,"y":17,"width":14,"height":22}},"226":{"xOffset":0,"yOffset":12,"xAdvance":16,"rect":{"x":285,"y":45,"width":14,"height":22}},"227":{"xOffset":0,"yOffset":12,"xAdvance":16,"rect":{"x":329,"y":88,"width":14,"height":22}},"232":{"xOffset":0,"yOffset":12,"xAdvance":17,"rect":{"x":253,"y":98,"width":15,"height":22}},"233":{"xOffset":0,"yOffset":12,"xAdvance":17,"rect":{"x":236,"y":121,"width":15,"height":22}},"234":{"xOffset":0,"yOffset":12,"xAdvance":17,"rect":{"x":253,"y":0,"width":15,"height":22}},"236":{"xOffset":0,"yOffset":12,"xAdvance":10,"rect":{"x":355,"y":196,"width":8,"height":21}},"237":{"xOffset":0,"yOffset":12,"xAdvance":10,"rect":{"x":356,"y":55,"width":8,"height":21}},"242":{"xOffset":0,"yOffset":12,"xAdvance":18,"rect":{"x":202,"y":23,"width":16,"height":22}},"243":{"xOffset":0,"yOffset":12,"xAdvance":18,"rect":{"x":219,"y":116,"width":16,"height":22}},"244":{"xOffset":0,"yOffset":12,"xAdvance":18,"rect":{"x":202,"y":0,"width":16,"height":22}},"245":{"xOffset":0,"yOffset":12,"xAdvance":18,"rect":{"x":185,"y":0,"width":16,"height":22}},"249":{"xOffset":0,"yOffset":12,"xAdvance":16,"rect":{"x":285,"y":68,"width":14,"height":22}},"250":{"xOffset":0,"yOffset":12,"xAdvance":16,"rect":{"x":285,"y":22,"width":14,"height":22}},"253":{"xOffset":0,"yOffset":12,"xAdvance":19,"rect":{"x":166,"y":55,"width":17,"height":28}},"258":{"xOffset":0,"yOffset":8,"xAdvance":21,"rect":{"x":87,"y":206,"width":19,"height":25}},"259":{"xOffset":0,"yOffset":12,"xAdvance":16,"rect":{"x":329,"y":134,"width":14,"height":22}},"272":{"xOffset":0,"yOffset":12,"xAdvance":23,"rect":{"x":45,"y":128,"width":21,"height":22}},"273":{"xOffset":0,"yOffset":11,"xAdvance":20,"rect":{"x":165,"y":191,"width":18,"height":23}},"296":{"xOffset":0,"yOffset":7,"xAdvance":11,"rect":{"x":344,"y":0,"width":9,"height":26}},"297":{"xOffset":0,"yOffset":12,"xAdvance":11,"rect":{"x":344,"y":124,"width":9,"height":21}},"360":{"xOffset":0,"yOffset":7,"xAdvance":19,"rect":{"x":184,"y":84,"width":17,"height":27}},"361":{"xOffset":0,"yOffset":12,"xAdvance":16,"rect":{"x":300,"y":54,"width":14,"height":22}},"416":{"xOffset":0,"yOffset":10,"xAdvance":24,"rect":{"x":0,"y":98,"width":22,"height":24}},"417":{"xOffset":0,"yOffset":15,"xAdvance":20,"rect":{"x":0,"y":236,"width":18,"height":19}},"431":{"xOffset":0,"yOffset":9,"xAdvance":23,"rect":{"x":27,"y":0,"width":21,"height":25}},"432":{"xOffset":0,"yOffset":14,"xAdvance":20,"rect":{"x":66,"y":235,"width":18,"height":20}},"7840":{"xOffset":0,"yOffset":12,"xAdvance":21,"rect":{"x":108,"y":0,"width":19,"height":28}},"7841":{"xOffset":0,"yOffset":18,"xAdvance":16,"rect":{"x":329,"y":111,"width":14,"height":22}},"7842":{"xOffset":0,"yOffset":5,"xAdvance":21,"rect":{"x":108,"y":52,"width":19,"height":28}},"7843":{"xOffset":0,"yOffset":10,"xAdvance":16,"rect":{"x":329,"y":63,"width":14,"height":24}},"7844":{"xOffset":0,"yOffset":5,"xAdvance":21,"rect":{"x":88,"y":89,"width":19,"height":28}},"7845":{"xOffset":0,"yOffset":9,"xAdvance":18,"rect":{"x":219,"y":46,"width":16,"height":25}},"7846":{"xOffset":0,"yOffset":6,"xAdvance":21,"rect":{"x":107,"y":145,"width":19,"height":27}},"7847":{"xOffset":0,"yOffset":9,"xAdvance":16,"rect":{"x":284,"y":122,"width":14,"height":25}},"7848":{"xOffset":0,"yOffset":4,"xAdvance":21,"rect":{"x":107,"y":173,"width":19,"height":29}},"7849":{"xOffset":0,"yOffset":8,"xAdvance":17,"rect":{"x":268,"y":144,"width":15,"height":26}},"7850":{"xOffset":0,"yOffset":4,"xAdvance":21,"rect":{"x":107,"y":203,"width":19,"height":29}},"7851":{"xOffset":0,"yOffset":8,"xAdvance":16,"rect":{"x":284,"y":223,"width":14,"height":26}},"7852":{"xOffset":0,"yOffset":8,"xAdvance":21,"rect":{"x":127,"y":163,"width":19,"height":32}},"7853":{"xOffset":0,"yOffset":12,"xAdvance":16,"rect":{"x":299,"y":91,"width":14,"height":28}},"7854":{"xOffset":0,"yOffset":5,"xAdvance":21,"rect":{"x":88,"y":0,"width":19,"height":28}},"7855":{"xOffset":0,"yOffset":8,"xAdvance":16,"rect":{"x":329,"y":157,"width":14,"height":26}},"7856":{"xOffset":0,"yOffset":5,"xAdvance":21,"rect":{"x":87,"y":177,"width":19,"height":28}},"7857":{"xOffset":0,"yOffset":8,"xAdvance":16,"rect":{"x":314,"y":188,"width":14,"height":26}},"7858":{"xOffset":0,"yOffset":3,"xAdvance":21,"rect":{"x":87,"y":146,"width":19,"height":30}},"7859":{"xOffset":0,"yOffset":7,"xAdvance":16,"rect":{"x":314,"y":215,"width":14,"height":27}},"7860":{"xOffset":0,"yOffset":4,"xAdvance":21,"rect":{"x":127,"y":133,"width":19,"height":29}},"7861":{"xOffset":0,"yOffset":8,"xAdvance":16,"rect":{"x":329,"y":184,"width":14,"height":26}},"7862":{"xOffset":0,"yOffset":7,"xAdvance":21,"rect":{"x":88,"y":29,"width":19,"height":33}},"7863":{"xOffset":0,"yOffset":12,"xAdvance":16,"rect":{"x":299,"y":120,"width":14,"height":28}},"7864":{"xOffset":0,"yOffset":12,"xAdvance":16,"rect":{"x":314,"y":77,"width":14,"height":28}},"7865":{"xOffset":0,"yOffset":18,"xAdvance":17,"rect":{"x":253,"y":23,"width":15,"height":22}},"7866":{"xOffset":0,"yOffset":5,"xAdvance":16,"rect":{"x":314,"y":133,"width":14,"height":28}},"7867":{"xOffset":0,"yOffset":10,"xAdvance":17,"rect":{"x":252,"y":148,"width":15,"height":24}},"7868":{"xOffset":0,"yOffset":7,"xAdvance":16,"rect":{"x":314,"y":106,"width":14,"height":26}},"7869":{"xOffset":0,"yOffset":12,"xAdvance":17,"rect":{"x":252,"y":173,"width":15,"height":22}},"7870":{"xOffset":0,"yOffset":5,"xAdvance":18,"rect":{"x":202,"y":151,"width":16,"height":28}},"7871":{"xOffset":0,"yOffset":9,"xAdvance":19,"rect":{"x":166,"y":84,"width":17,"height":25}},"7872":{"xOffset":0,"yOffset":6,"xAdvance":16,"rect":{"x":300,"y":0,"width":14,"height":27}},"7873":{"xOffset":0,"yOffset":9,"xAdvance":17,"rect":{"x":252,"y":196,"width":15,"height":25}},"7874":{"xOffset":0,"yOffset":4,"xAdvance":17,"rect":{"x":268,"y":193,"width":15,"height":29}},"7875":{"xOffset":0,"yOffset":8,"xAdvance":18,"rect":{"x":235,"y":205,"width":16,"height":26}},"7876":{"xOffset":0,"yOffset":4,"xAdvance":16,"rect":{"x":299,"y":182,"width":14,"height":29}},"7877":{"xOffset":0,"yOffset":8,"xAdvance":17,"rect":{"x":252,"y":121,"width":15,"height":26}},"7878":{"xOffset":0,"yOffset":8,"xAdvance":16,"rect":{"x":299,"y":149,"width":14,"height":32}},"7879":{"xOffset":0,"yOffset":12,"xAdvance":17,"rect":{"x":253,"y":46,"width":15,"height":28}},"7880":{"xOffset":0,"yOffset":5,"xAdvance":10,"rect":{"x":355,"y":26,"width":8,"height":28}},"7881":{"xOffset":0,"yOffset":10,"xAdvance":9,"rect":{"x":363,"y":0,"width":7,"height":23}},"7882":{"xOffset":0,"yOffset":12,"xAdvance":7,"rect":{"x":370,"y":76,"width":5,"height":28}},"7883":{"xOffset":0,"yOffset":12,"xAdvance":7,"rect":{"x":364,"y":24,"width":5,"height":28}},"7884":{"xOffset":0,"yOffset":12,"xAdvance":22,"rect":{"x":67,"y":117,"width":20,"height":28}},"7885":{"xOffset":0,"yOffset":18,"xAdvance":18,"rect":{"x":184,"y":212,"width":16,"height":22}},"7886":{"xOffset":0,"yOffset":5,"xAdvance":22,"rect":{"x":67,"y":31,"width":20,"height":29}},"7887":{"xOffset":0,"yOffset":10,"xAdvance":18,"rect":{"x":185,"y":23,"width":16,"height":24}},"7888":{"xOffset":0,"yOffset":5,"xAdvance":22,"rect":{"x":46,"y":80,"width":20,"height":29}},"7889":{"xOffset":0,"yOffset":9,"xAdvance":20,"rect":{"x":128,"y":29,"width":18,"height":25}},"7890":{"xOffset":0,"yOffset":6,"xAdvance":22,"rect":{"x":66,"y":206,"width":20,"height":28}},"7891":{"xOffset":0,"yOffset":9,"xAdvance":18,"rect":{"x":202,"y":102,"width":16,"height":25}},"7892":{"xOffset":0,"yOffset":4,"xAdvance":22,"rect":{"x":67,"y":0,"width":20,"height":30}},"7893":{"xOffset":0,"yOffset":8,"xAdvance":18,"rect":{"x":201,"y":212,"width":16,"height":26}},"7894":{"xOffset":0,"yOffset":4,"xAdvance":22,"rect":{"x":45,"y":222,"width":20,"height":30}},"7895":{"xOffset":0,"yOffset":8,"xAdvance":18,"rect":{"x":202,"y":75,"width":16,"height":26}},"7896":{"xOffset":0,"yOffset":8,"xAdvance":22,"rect":{"x":67,"y":61,"width":20,"height":32}},"7897":{"xOffset":0,"yOffset":12,"xAdvance":18,"rect":{"x":202,"y":46,"width":16,"height":28}},"7898":{"xOffset":0,"yOffset":8,"xAdvance":24,"rect":{"x":0,"y":123,"width":22,"height":26}},"7899":{"xOffset":0,"yOffset":12,"xAdvance":20,"rect":{"x":128,"y":55,"width":18,"height":22}},"7900":{"xOffset":0,"yOffset":8,"xAdvance":24,"rect":{"x":0,"y":209,"width":22,"height":26}},"7901":{"xOffset":0,"yOffset":12,"xAdvance":20,"rect":{"x":128,"y":78,"width":18,"height":22}},"7902":{"xOffset":0,"yOffset":5,"xAdvance":24,"rect":{"x":23,"y":98,"width":22,"height":29}},"7903":{"xOffset":0,"yOffset":10,"xAdvance":20,"rect":{"x":128,"y":101,"width":18,"height":24}},"7904":{"xOffset":0,"yOffset":7,"xAdvance":24,"rect":{"x":0,"y":181,"width":22,"height":27}},"7905":{"xOffset":0,"yOffset":12,"xAdvance":20,"rect":{"x":146,"y":196,"width":18,"height":22}},"7906":{"xOffset":0,"yOffset":10,"xAdvance":24,"rect":{"x":0,"y":150,"width":22,"height":30}},"7907":{"xOffset":0,"yOffset":15,"xAdvance":20,"rect":{"x":146,"y":219,"width":18,"height":25}},"7908":{"xOffset":0,"yOffset":12,"xAdvance":19,"rect":{"x":166,"y":110,"width":17,"height":28}},"7909":{"xOffset":0,"yOffset":18,"xAdvance":16,"rect":{"x":284,"y":148,"width":14,"height":22}},"7910":{"xOffset":0,"yOffset":5,"xAdvance":19,"rect":{"x":166,"y":139,"width":17,"height":29}},"7911":{"xOffset":0,"yOffset":10,"xAdvance":16,"rect":{"x":299,"y":212,"width":14,"height":24}},"7912":{"xOffset":0,"yOffset":8,"xAdvance":23,"rect":{"x":23,"y":187,"width":21,"height":26}},"7913":{"xOffset":0,"yOffset":12,"xAdvance":20,"rect":{"x":147,"y":0,"width":18,"height":22}},"7914":{"xOffset":0,"yOffset":8,"xAdvance":23,"rect":{"x":23,"y":160,"width":21,"height":26}},"7915":{"xOffset":0,"yOffset":12,"xAdvance":20,"rect":{"x":127,"y":196,"width":18,"height":22}},"7916":{"xOffset":0,"yOffset":5,"xAdvance":23,"rect":{"x":24,"y":44,"width":21,"height":29}},"7917":{"xOffset":0,"yOffset":10,"xAdvance":20,"rect":{"x":147,"y":72,"width":18,"height":24}},"7918":{"xOffset":0,"yOffset":7,"xAdvance":23,"rect":{"x":23,"y":214,"width":21,"height":27}},"7919":{"xOffset":0,"yOffset":12,"xAdvance":20,"rect":{"x":147,"y":97,"width":18,"height":22}},"7920":{"xOffset":0,"yOffset":9,"xAdvance":23,"rect":{"x":23,"y":128,"width":21,"height":31}},"7921":{"xOffset":0,"yOffset":14,"xAdvance":20,"rect":{"x":147,"y":120,"width":18,"height":26}},"7922":{"xOffset":0,"yOffset":8,"xAdvance":20,"rect":{"x":166,"y":0,"width":18,"height":25}},"7923":{"xOffset":0,"yOffset":12,"xAdvance":19,"rect":{"x":184,"y":55,"width":17,"height":28}},"7924":{"xOffset":0,"yOffset":12,"xAdvance":20,"rect":{"x":128,"y":0,"width":18,"height":28}},"7925":{"xOffset":0,"yOffset":18,"xAdvance":18,"rect":{"x":236,"y":16,"width":16,"height":22}},"7926":{"xOffset":0,"yOffset":5,"xAdvance":20,"rect":{"x":166,"y":26,"width":18,"height":28}},"7927":{"xOffset":0,"yOffset":10,"xAdvance":18,"rect":{"x":236,"y":68,"width":16,"height":30}},"7928":{"xOffset":0,"yOffset":7,"xAdvance":20,"rect":{"x":147,"y":23,"width":18,"height":26}},"7929":{"xOffset":0,"yOffset":12,"xAdvance":18,"rect":{"x":236,"y":39,"width":16,"height":28}}},"kerningDict":{}}]],0,0,[0],[1],[1]]]]