[1,["18NL6ZtTxJcJHPXnRbSZS8","e8aQHwUlRJbojhxPjvip7h","148Re4DmhLlpyVtUuvQ9dP","64VErJAlpHRZeCF1rj5eFV","1d0WhKtV1JhZ1/lxM6mFC+","24m28kNuNIX4ufTe/kf8UX","3bUaaEYdlAgZMq/6KPVUba","0bkW4HCNREA6wqSCHAAK2H","4fNuAdyLFPJZaN1L4gWyXP","7fVsn/7OdLUaF7zSA/AgmA","a1AuERSq1BL6pSJY87nSik","24xODGnDlCB5AET5N+qjot","bbmxWdLk1Hko3sbU6O9wmx","b9YoWCj59AFIa0u2nW4nRu","eb5qi0aOtJtJY4GKRndIXd","f660G+Az9Gwq4CpeI7LL+O","94NC3MU1FMPr5Tz1eyzbAh","a3NFhCRTBBiqxKhoTRR1Tt","17XVf0Q1JPQZVFn5mqpgv4","3flmWusx9M2ISLwwPK7vmQ","c5h0iaQF1NkbGqv6Xpwe3J"],["value"],[["cc.AnimationClip",["_name","_duration","sample","curveData"],0,11]],[[0,0,1,2,3,4]],[[0,"lightWinMulti",0.92,50,[{},"paths",11,[{},"ib_vfx_f copy",11,[{},"props",11,[{"opacity":[{"frame":0,"value":0},{"frame":0.16,"value":255},{"frame":0.34,"value":254},{"frame":0.6,"value":0}]},"scale",12,[[[{"frame":0.16},"value",8,[1,1,1,1]],[{"frame":0.6},"value",8,[1,1.4,1.4,1]]],11,11]]],"wh_vfx_e_00",11,[{"props":{"active":[{"frame":0,"value":false},{"frame":0.48,"value":true},{"frame":0.5,"value":true}]}},"comps",11,[{},"cc.Sprite",11,[{},"spriteFrame",12,[[[{"frame":0.48},"value",6,0],[{"frame":0.52},"value",6,1],[{"frame":0.54},"value",6,2],[{"frame":0.56},"value",6,3],[{"frame":0.58},"value",6,4],[{"frame":0.6},"value",6,5],[{"frame":0.62},"value",6,6],[{"frame":0.64},"value",6,7],[{"frame":0.66},"value",6,8],[{"frame":0.68},"value",6,9],[{"frame":0.7},"value",6,10],[{"frame":0.72},"value",6,11],[{"frame":0.74},"value",6,12],[{"frame":0.76},"value",6,13],[{"frame":0.78},"value",6,14],[{"frame":0.8},"value",6,15],[{"frame":0.82},"value",6,16],[{"frame":0.84},"value",6,17],[{"frame":0.86},"value",6,18],[{"frame":0.88},"value",6,19],[{"frame":0.9},"value",6,20]],11,11,11,11,11,11,11,11,11,11,11,11,11,11,11,11,11,11,11,11,11]]]]]]]],0,0,[0,0,0,0,0,0,0,0,0,0,0,0,0,0,0,0,0,0,0,0,0],[0,0,0,0,0,0,0,0,0,0,0,0,0,0,0,0,0,0,0,0,0],[0,1,2,3,4,5,6,7,8,9,10,11,12,13,14,15,16,17,18,19,20]]