[1,["8bAbbm8nBNM5M4vtTIczYZ"],["_textureSetter"],["cc.SpriteFrame"],0,[[[{"name":"wild_vfx_g_screen_01_20","rect":[135,1,126,98],"offset":[1,-8],"originalSize":[168,126],"capInsets":[0,0,0,0]}],[0],0,[0],[0],[0]],[[{"name":"wild_vfx_g_screen_01_05","rect":[377,423,126,66],"offset":[0,-24],"originalSize":[168,126],"capInsets":[0,0,0,0]}],[0],0,[0],[0],[0]],[[{"name":"wild_vfx_g_screen_01_03","rect":[297,425,120,70],"offset":[-2,-27],"originalSize":[168,126],"rotated":1,"capInsets":[0,0,0,0]}],[0],0,[0],[0],[0]],[[{"name":"wild_vfx_g_screen_01_08","rect":[127,551,128,70],"offset":[0,-21],"originalSize":[168,126],"rotated":1,"capInsets":[0,0,0,0]}],[0],0,[0],[0],[0]],[[{"name":"wild_vfx_g_screen_01_33","rect":[395,95,116,88],"offset":[1,-11],"originalSize":[168,126],"capInsets":[0,0,0,0]}],[0],0,[0],[0],[0]],[[{"name":"wild_vfx_g_screen_01_31","rect":[395,491,122,96],"offset":[1,-9],"originalSize":[168,126],"rotated":1,"capInsets":[0,0,0,0]}],[0],0,[0],[0],[0]],[[{"name":"wild_vfx_g_screen_01_12","rect":[1,97,132,92],"offset":[-1,-13],"originalSize":[168,126],"capInsets":[0,0,0,0]}],[0],0,[0],[0],[0]],[[{"name":"wild_vfx_g_screen_01_30","rect":[259,673,122,96],"offset":[1,-10],"originalSize":[168,126],"capInsets":[0,0,0,0]}],[0],0,[0],[0],[0]],[[{"name":"wild_vfx_g_screen_01_21","rect":[1,191,126,98],"offset":[1,-8],"originalSize":[168,126],"capInsets":[0,0,0,0]}],[0],0,[0],[0],[0]],[[{"name":"wild_vfx_g_screen_01_07","rect":[127,421,128,70],"offset":[0,-21],"originalSize":[168,126],"rotated":1,"capInsets":[0,0,0,0]}],[0],0,[0],[0],[0]],[[{"name":"wild_vfx_g_screen_01_25","rect":[129,191,124,98],"offset":[1,-9],"originalSize":[168,126],"capInsets":[0,0,0,0]}],[0],0,[0],[0],[0]],[[{"name":"wild_vfx_g_screen_01_29","rect":[133,681,124,96],"offset":[2,-10],"originalSize":[168,126],"capInsets":[0,0,0,0]}],[0],0,[0],[0],[0]],[[{"name":"wild_vfx_g_screen_01_11","rect":[135,101,132,86],"offset":[-1,-16],"originalSize":[168,126],"capInsets":[0,0,0,0]}],[0],0,[0],[0],[0]],[[{"name":"wild_vfx_g_screen_01_19","rect":[1,493,124,98],"offset":[1,-8],"originalSize":[168,126],"capInsets":[0,0,0,0]}],[0],0,[0],[0],[0]],[[{"name":"wild_vfx_g_screen_01_28","rect":[377,323,124,98],"offset":[2,-9],"originalSize":[168,126],"capInsets":[0,0,0,0]}],[0],0,[0],[0],[0]],[[{"name":"wild_vfx_g_screen_01_26","rect":[197,295,124,98],"offset":[2,-9],"originalSize":[168,126],"rotated":1,"capInsets":[0,0,0,0]}],[0],0,[0],[0],[0]],[[{"name":"wild_vfx_g_screen_01_13","rect":[1,1,132,94],"offset":[-2,-12],"originalSize":[168,126],"capInsets":[0,0,0,0]}],[0],0,[0],[0],[0]],[[{"name":"wild_vfx_g_screen_01_06","rect":[127,291,128,68],"offset":[-1,-23],"originalSize":[168,126],"rotated":1,"capInsets":[0,0,0,0]}],[0],0,[0],[0],[0]],[[{"name":"wild_vfx_g_screen_01_04","rect":[381,255,126,66],"offset":[0,-24],"originalSize":[168,126],"capInsets":[0,0,0,0]}],[0],0,[0],[0],[0]],[[{"name":"wild_vfx_g_screen_01_18","rect":[199,421,124,96],"offset":[0,-10],"originalSize":[168,126],"rotated":1,"capInsets":[0,0,0,0]}],[0],0,[0],[0],[0]],[[{"name":"wild_vfx_g_screen_01_23","rect":[1,291,124,100],"offset":[1,-8],"originalSize":[168,126],"capInsets":[0,0,0,0]}],[0],0,[0],[0],[0]],[[{"name":"wild_vfx_g_screen_01_24","rect":[1,593,124,98],"offset":[1,-9],"originalSize":[168,126],"capInsets":[0,0,0,0]}],[0],0,[0],[0],[0]],[[{"name":"wild_vfx_g_screen_01_27","rect":[199,547,124,98],"offset":[2,-9],"originalSize":[168,126],"rotated":1,"capInsets":[0,0,0,0]}],[0],0,[0],[0],[0]],[[{"name":"wild_vfx_g_screen_01_14","rect":[1,393,124,98],"offset":[-3,-10],"originalSize":[168,126],"capInsets":[0,0,0,0]}],[0],0,[0],[0],[0]],[[{"name":"wild_vfx_g_screen_01_02","rect":[395,185,116,68],"offset":[-2,-28],"originalSize":[168,126],"capInsets":[0,0,0,0]}],[0],0,[0],[0],[0]],[[{"name":"wild_vfx_g_screen_01_00","rect":[381,199,3,3],"offset":[-82.5,61.5],"originalSize":[168,126],"capInsets":[0,0,0,0]}],[0],0,[0],[0],[0]],[[{"name":"wild_vfx_g_screen_01_16","rect":[255,199,124,94],"offset":[-2,-12],"originalSize":[168,126],"capInsets":[0,0,0,0]}],[0],0,[0],[0],[0]],[[{"name":"wild_vfx_g_screen_01_17","rect":[299,547,124,94],"offset":[-1,-11],"originalSize":[168,126],"rotated":1,"capInsets":[0,0,0,0]}],[0],0,[0],[0],[0]],[[{"name":"wild_vfx_g_screen_01_15","rect":[269,101,124,96],"offset":[-3,-11],"originalSize":[168,126],"capInsets":[0,0,0,0]}],[0],0,[0],[0],[0]],[[{"name":"wild_vfx_g_screen_01_10","rect":[1,693,130,82],"offset":[-1,-17],"originalSize":[168,126],"capInsets":[0,0,0,0]}],[0],0,[0],[0],[0]],[[{"name":"wild_vfx_g_screen_01_01","rect":[383,695,76,56],"offset":[4,-30],"originalSize":[168,126],"capInsets":[0,0,0,0]}],[0],0,[0],[0],[0]],[[{"name":"wild_vfx_g_screen_01_09","rect":[297,295,128,78],"offset":[-1,-18],"originalSize":[168,126],"rotated":1,"capInsets":[0,0,0,0]}],[0],0,[0],[0],[0]],[[{"name":"wild_vfx_g_screen_01_32","rect":[391,1,120,92],"offset":[1,-10],"originalSize":[168,126],"capInsets":[0,0,0,0]}],[0],0,[0],[0],[0]],[[{"name":"wild_vfx_g_screen_01_22","rect":[263,1,126,98],"offset":[1,-8],"originalSize":[168,126],"capInsets":[0,0,0,0]}],[0],0,[0],[0],[0]],[[{"name":"wild_vfx_g_screen_01_34","rect":[395,615,106,78],"offset":[0,-8],"originalSize":[168,126],"capInsets":[0,0,0,0]}],[0],0,[0],[0],[0]]]]