[1,["60Of7ahYxBybESqS1tMJop","86+p+Od2lF6Z9+/EbXRvhe","548DkWb71AE7wVX6k9jw68","07IMcXUzxPgrdyySUGHOCx","172N8zPJtKw7ammz00VCI+"],["_textureSetter","wh_vfx_g_add","fspin_vfx_a_screen","fspin_vfx_c_screen","Scatterglow"],["cc.SpriteFrame",["cc.SpriteAtlas",["_name","_spriteFrames"],2,11]],[[1,0,1,2]],[[[{"name":"fspin_vfx_c_screen","rect":[248,291,245,245],"offset":[0,0],"originalSize":[245,245],"capInsets":[0,0,0,0]}],[0],0,[0],[0],[0]],[[{"name":"wh_vfx_g_add","rect":[1,1,288,288],"offset":[0,0],"originalSize":[288,288],"capInsets":[0,0,0,0]}],[0],0,[0],[0],[0]],[[[0,"Alats10.plist",[{},"wh_vfx_g_add",6,0,"fspin_vfx_a_screen",6,1,"fspin_vfx_c_screen",6,2,"Scatterglow",6,3]]],0,0,[0,0,0,0],[1,2,3,4],[1,2,3,4]]]]