[1,["4d7G/wLgxHr52qGatkDUmh","5cJtV5KxRGzqk/2/rqI4SD","d1uQ5f5bhAKaGWEUi+0+1M","5a+qzkHEJGUIFY11dhhNn3","20f21GCbhKsop8keaDqixN"],["_textureSetter","gfs_vfx_b_screen","gfs_vfx_f_screen","gfs_vfx_c_screen","gfs_vfx_d_screen"],["cc.SpriteFrame",["cc.SpriteAtlas",["_name","_spriteFrames"],2,11]],[[1,0,1,2]],[[[{"name":"gfs_vfx_d_screen","rect":[453,547,395,395],"offset":[0,0],"originalSize":[395,395],"capInsets":[0,0,0,0]}],[0],0,[0],[0],[0]],[[[0,"Alats48.plist",[{},"gfs_vfx_b_screen",6,0,"gfs_vfx_f_screen",6,1,"gfs_vfx_c_screen",6,2,"gfs_vfx_d_screen",6,3]]],0,0,[0,0,0,0],[1,2,3,4],[1,2,3,4]],[[{"name":"gfs_vfx_b_screen","rect":[423,1,544,544],"offset":[0,0],"originalSize":[544,544],"capInsets":[0,0,0,0]}],[0],0,[0],[0],[0]],[[{"name":"gfs_vfx_f_screen","rect":[1,803,450,300],"offset":[0,0],"originalSize":[450,300],"capInsets":[0,0,0,0]}],[0],0,[0],[0],[0]]]]