[1,["89HYjK4xNKl6O66vxpOTU3","f7YEPoSwZJbIXSABtxMJwS","271DVmXtdLuLN5FAQkXFEG","35oqv7XQRIOLch3+5JkES6","fcyJK28sxMrIOjNZAnx+Lm","f2CQoID2NJMICfd/hsnBU/","69bignuoJB6YMUzLMDgyBd","80Stp23AVMb4a0cAOyvtNc","1bLT0eKH1Ho66smEkNhPV7","98o8KFu35MAb+RuHNwlm0A","09HdR70NpHjbEgf7DNAbs5","98HEV4COVOgYhJS2B7T1jY","3cbR0LEAxKdadhhRh38WeY","90DSuvJnxOxqAGUQY8H45l","2dNXtrVxJNqrLvu5yrbA+5","9bs4D2rxdCsa+8QCTCHLgW","a1ryFH+B9GRaSUfFbCL5E/","26lEGL2EFBUYJ5DLdauqUG","17a0e4YTlElZTWpq4ATIrN","53QMYZIoRMQrpfVUbcl6My","89QBl+sUVKuZv7WYcYcowE","5cCqn6UK1PiKGZpGPkc1/I","6eotnvw3ZCOJ427zd8fQcU","cf31V23sBOV59m3nLDqDm9","6cNPbYEUtMWp8CecZsU6Te","53kICGjbBLIp4Jky2YsGG6","6dIKjfcXlIiIZAVtX+G2G1","973RiWGP5O7bYrhQJIQLnL","f3LEquZqtH0rj5ZZ25zvoU","f32lOr03xAPbsegToeS78T","52NmwV07lP+JNO2PHdWRwe","99N0jhCVNG8J0we1KksRFY","23Eh4AiBpLfb955Ae9xAwA","2fSlMWaXhHK5Kxa+m8zgC7","0284hmb4JMn4X0jPsJ8K2R","c0zKtI/rtNeqb0IAnN0FKX","9agFOf5OVK5LJQ/rIzwWgH","9bnrlk2sRPcrfeH6RN8uXb","a1IONCQGhPSoH+r8kHXpnj","4b/AZTQ1RNzaqBvUEGBrNj","c7ToPFeWRFrpxpeoV+FX40","acIpQ6FRNM/a/UWHwDjaIz","82m1h+uNVJMZMqJCxa3Qjv","27bcOWksFJHrfhbXNAuoXZ","a3wtpT9JVBjrlkQlRZSnlt","afX3YlaGtBpKyPwaDYMyC4","22FD63KtVFa6FXwJ7+q+xy","f3/S/OELJOI5BogUZe7gJH","49FwNx9K5Hg7ohREn+0/HM"],["_textureSetter","h_block_b_xobottle","h_peachcocktail_b","h_block_b_bluecocktail","h_greencocktail_d","h_block_d_bluecocktail","h_peachcocktail_c","h_block_d_greencocktail","h_block_b_peachcocktail","h_xobottle_b","h_shot_a","h_block_c_greencocktail","h_block_b_greencocktail","h_block_d_xoglass","h_xobottle_d","h_xoglass_d","h_xobottle_c","h_greencocktail_a","h_block_a_bluecocktail","h_block_b_xoglass","h_xobottle_a","h_greencocktail_b","h_xoglass_a","h_block_c_xoglass","h_bluecocktail_c","h_block_c_xobottle","h_peachcocktail_d","h_block_a_xoglass","h_block_c_bluecocktail","h_block_c_peachcocktail","h_bluecocktail_a","h_block_a_peachcocktail","h_shot_d","h_block_d_shot","h_block_b_shot","h_shot_c","h_block_a_xobottle","h_block_d_peachcocktail","h_bluecocktail_d","h_peachcocktail_a","h_xoglass_c","h_block_a_greencocktail","h_shot_b","h_block_c_shot","h_block_d_xobottle","h_block_a_shot","h_greencocktail_c","h_bluecocktail_b","h_xoglass_b"],["cc.SpriteFrame",["cc.SpriteAtlas",["_name","_spriteFrames"],2,11]],[[1,0,1,2]],[[[{"name":"h_block_b_shot","rect":[747,1387,186,348],"offset":[0,0],"originalSize":[350,598],"capInsets":[0,0,0,0]}],[0],0,[0],[0],[0]],[[{"name":"h_shot_a","rect":[941,1225,168,146],"offset":[-5,-5],"originalSize":[350,598],"capInsets":[0,0,0,0]}],[0],0,[0],[0],[0]],[[{"name":"h_block_b_peachcocktail","rect":[559,1387,186,348],"offset":[0,0],"originalSize":[350,598],"capInsets":[0,0,0,0]}],[0],0,[0],[0],[0]],[[{"name":"h_greencocktail_c","rect":[941,519,164,354],"offset":[-1,-57],"originalSize":[350,1004],"capInsets":[0,0,0,0]}],[0],0,[0],[0],[0]],[[{"name":"h_shot_d","rect":[1129,1719,168,242],"offset":[-4,-101],"originalSize":[350,1004],"capInsets":[0,0,0,0]}],[0],0,[0],[0],[0]],[[{"name":"h_greencocktail_a","rect":[1123,1571,156,146],"offset":[-4,-5],"originalSize":[350,598],"capInsets":[0,0,0,0]}],[0],0,[0],[0],[0]],[[{"name":"h_block_c_shot","rect":[755,1,186,516],"offset":[0,0],"originalSize":[350,1004],"capInsets":[0,0,0,0]}],[0],0,[0],[0],[0]],[[{"name":"h_peachcocktail_b","rect":[1313,1319,168,232],"offset":[-1,-48],"originalSize":[350,598],"capInsets":[0,0,0,0]}],[0],0,[0],[0],[0]],[[{"name":"h_xobottle_d","rect":[927,1737,200,250],"offset":[-2,-26],"originalSize":[350,1004],"capInsets":[0,0,0,0]}],[0],0,[0],[0],[0]],[[{"name":"h_block_d_shot","rect":[189,691,186,688],"offset":[0,0],"originalSize":[350,1004],"capInsets":[0,0,0,0]}],[0],0,[0],[0],[0]],[[{"name":"h_block_b_bluecocktail","rect":[565,1037,186,348],"offset":[0,0],"originalSize":[350,598],"capInsets":[0,0,0,0]}],[0],0,[0],[0],[0]],[[{"name":"h_block_b_greencocktail","rect":[753,1037,186,348],"offset":[0,0],"originalSize":[350,598],"capInsets":[0,0,0,0]}],[0],0,[0],[0],[0]],[[{"name":"h_xoglass_b","rect":[1107,499,172,330],"offset":[2,0],"originalSize":[350,598],"capInsets":[0,0,0,0]}],[0],0,[0],[0],[0]],[[{"name":"h_peachcocktail_a","rect":[1489,1121,170,172],"offset":[1,-2],"originalSize":[350,598],"capInsets":[0,0,0,0]}],[0],0,[0],[0],[0]],[[{"name":"h_bluecocktail_a","rect":[1451,573,174,186],"offset":[0,-13],"originalSize":[350,598],"capInsets":[0,0,0,0]}],[0],0,[0],[0],[0]],[[{"name":"h_block_b_xoglass","rect":[935,1387,186,348],"offset":[0,0],"originalSize":[350,598],"capInsets":[0,0,0,0]}],[0],0,[0],[0],[0]],[[{"name":"h_block_c_xobottle","rect":[371,1381,186,516],"offset":[0,0],"originalSize":[350,1004],"capInsets":[0,0,0,0]}],[0],0,[0],[0],[0]],[[{"name":"h_greencocktail_b","rect":[761,1737,164,272],"offset":[-1,-29],"originalSize":[350,598],"capInsets":[0,0,0,0]}],[0],0,[0],[0],[0]],[[[0,"Alats70.plist",[{},"h_block_b_xobottle",6,0,"h_peachcocktail_b",6,1,"h_block_b_bluecocktail",6,2,"h_greencocktail_d",6,3,"h_block_d_bluecocktail",6,4,"h_peachcocktail_c",6,5,"h_block_d_greencocktail",6,6,"h_block_b_peachcocktail",6,7,"h_xobottle_b",6,8,"h_shot_a",6,9,"h_block_c_greencocktail",6,10,"h_block_b_greencocktail",6,11,"h_block_d_xoglass",6,12,"h_xobottle_d",6,13,"h_xoglass_d",6,14,"h_xobottle_c",6,15,"h_greencocktail_a",6,16,"h_block_a_bluecocktail",6,17,"h_block_b_xoglass",6,18,"h_xobottle_a",6,19,"h_greencocktail_b",6,20,"h_xoglass_a",6,21,"h_block_c_xoglass",6,22,"h_bluecocktail_c",6,23,"h_block_c_xobottle",6,24,"h_peachcocktail_d",6,25,"h_block_a_xoglass",6,26,"h_block_c_bluecocktail",6,27,"h_block_c_peachcocktail",6,28,"h_bluecocktail_a",6,29,"h_block_a_peachcocktail",6,30,"h_shot_d",6,31,"h_block_d_shot",6,32,"h_block_b_shot",6,33,"h_shot_c",6,34,"h_block_a_xobottle",6,35,"h_block_d_peachcocktail",6,36,"h_bluecocktail_d",6,37,"h_peachcocktail_a",6,38,"h_xoglass_c",6,39,"h_block_a_greencocktail",6,40,"h_shot_b",6,41,"h_block_c_shot",6,42,"h_block_d_xobottle",6,43,"h_block_a_shot",6,44,"h_greencocktail_c",6,45,"h_bluecocktail_b",6,46,"h_xoglass_b",6,47]]],0,0,[0,0,0,0,0,0,0,0,0,0,0,0,0,0,0,0,0,0,0,0,0,0,0,0,0,0,0,0,0,0,0,0,0,0,0,0,0,0,0,0,0,0,0,0,0,0,0,0],[1,2,3,4,5,6,7,8,9,10,11,12,13,14,15,16,17,18,19,20,21,22,23,24,25,26,27,28,29,30,31,32,33,34,35,36,37,38,39,40,41,42,43,44,45,46,47,48],[1,2,3,4,5,6,7,8,9,10,11,12,13,14,15,16,17,18,19,20,21,22,23,24,25,26,27,28,29,30,31,32,33,34,35,36,37,38,39,40,41,42,43,44,45,46,47,48]],[[{"name":"h_peachcocktail_c","rect":[1281,453,168,306],"offset":[-1,-76],"originalSize":[350,1004],"capInsets":[0,0,0,0]}],[0],0,[0],[0],[0]],[[{"name":"h_bluecocktail_c","rect":[1463,1,174,390],"offset":[0,-53],"originalSize":[350,1004],"capInsets":[0,0,0,0]}],[0],0,[0],[0],[0]],[[{"name":"h_peachcocktail_d","rect":[1305,761,168,306],"offset":[-1,-112],"originalSize":[350,1004],"capInsets":[0,0,0,0]}],[0],0,[0],[0],[0]],[[{"name":"h_xoglass_a","rect":[1313,1553,160,170],"offset":[8,-6],"originalSize":[350,598],"capInsets":[0,0,0,0]}],[0],0,[0],[0],[0]],[[{"name":"h_block_d_greencocktail","rect":[1,691,186,688],"offset":[0,0],"originalSize":[350,1004],"capInsets":[0,0,0,0]}],[0],0,[0],[0],[0]],[[{"name":"h_shot_b","rect":[1483,1315,166,202],"offset":[-4,-64],"originalSize":[350,598],"capInsets":[0,0,0,0]}],[0],0,[0],[0],[0]],[[{"name":"h_xobottle_a","rect":[1489,941,176,178],"offset":[1,8],"originalSize":[350,598],"capInsets":[0,0,0,0]}],[0],0,[0],[0],[0]],[[{"name":"h_block_d_xoglass","rect":[377,691,186,688],"offset":[0,0],"originalSize":[350,1004],"capInsets":[0,0,0,0]}],[0],0,[0],[0],[0]],[[{"name":"h_block_a_xoglass","rect":[1487,1699,186,178],"offset":[0,0],"originalSize":[350,598],"capInsets":[0,0,0,0]}],[0],0,[0],[0],[0]],[[{"name":"h_block_c_greencocktail","rect":[183,1381,186,516],"offset":[0,0],"originalSize":[350,1004],"capInsets":[0,0,0,0]}],[0],0,[0],[0],[0]],[[{"name":"h_xobottle_b","rect":[1123,1319,188,250],"offset":[2,-14],"originalSize":[350,598],"capInsets":[0,0,0,0]}],[0],0,[0],[0],[0]],[[{"name":"h_block_a_peachcocktail","rect":[1463,393,186,178],"offset":[0,0],"originalSize":[350,598],"capInsets":[0,0,0,0]}],[0],0,[0],[0],[0]],[[{"name":"h_block_a_xobottle","rect":[1299,1725,186,178],"offset":[0,0],"originalSize":[350,598],"capInsets":[0,0,0,0]}],[0],0,[0],[0],[0]],[[{"name":"h_block_d_peachcocktail","rect":[189,1,186,688],"offset":[0,0],"originalSize":[350,1004],"capInsets":[0,0,0,0]}],[0],0,[0],[0],[0]],[[{"name":"h_xoglass_d","rect":[1,1381,180,620],"offset":[0,44],"originalSize":[350,1004],"capInsets":[0,0,0,0]}],[0],0,[0],[0],[0]],[[{"name":"h_bluecocktail_d","rect":[1119,1,174,450],"offset":[0,-98],"originalSize":[350,1004],"capInsets":[0,0,0,0]}],[0],0,[0],[0],[0]],[[{"name":"h_xobottle_c","rect":[559,1737,200,262],"offset":[-1,-17],"originalSize":[350,1004],"capInsets":[0,0,0,0]}],[0],0,[0],[0],[0]],[[{"name":"h_block_d_xobottle","rect":[377,1,186,688],"offset":[0,0],"originalSize":[350,1004],"capInsets":[0,0,0,0]}],[0],0,[0],[0],[0]],[[{"name":"h_block_a_greencocktail","rect":[1483,1519,186,178],"offset":[0,0],"originalSize":[350,598],"capInsets":[0,0,0,0]}],[0],0,[0],[0],[0]],[[{"name":"h_block_a_shot","rect":[1475,761,186,178],"offset":[0,0],"originalSize":[350,598],"capInsets":[0,0,0,0]}],[0],0,[0],[0],[0]],[[{"name":"h_shot_c","rect":[1317,1069,170,244],"offset":[-5,-83],"originalSize":[350,1004],"capInsets":[0,0,0,0]}],[0],0,[0],[0],[0]],[[{"name":"h_xoglass_c","rect":[943,1,174,496],"offset":[2,-1],"originalSize":[350,1004],"capInsets":[0,0,0,0]}],[0],0,[0],[0],[0]],[[{"name":"h_block_c_xoglass","rect":[753,519,186,516],"offset":[0,0],"originalSize":[350,1004],"capInsets":[0,0,0,0]}],[0],0,[0],[0],[0]],[[{"name":"h_block_d_bluecocktail","rect":[1,1,186,688],"offset":[0,0],"originalSize":[350,1004],"capInsets":[0,0,0,0]}],[0],0,[0],[0],[0]],[[{"name":"h_block_c_bluecocktail","rect":[565,1,188,516],"offset":[-1,0],"originalSize":[350,1004],"capInsets":[0,0,0,0]}],[0],0,[0],[0],[0]],[[{"name":"h_block_c_peachcocktail","rect":[565,519,186,516],"offset":[0,0],"originalSize":[350,1004],"capInsets":[0,0,0,0]}],[0],0,[0],[0],[0]],[[{"name":"h_bluecocktail_b","rect":[1129,831,174,306],"offset":[0,-11],"originalSize":[350,598],"capInsets":[0,0,0,0]}],[0],0,[0],[0],[0]],[[{"name":"h_block_b_xobottle","rect":[941,875,186,348],"offset":[0,0],"originalSize":[350,598],"capInsets":[0,0,0,0]}],[0],0,[0],[0],[0]],[[{"name":"h_greencocktail_d","rect":[1295,1,166,406],"offset":[0,-122],"originalSize":[350,1004],"capInsets":[0,0,0,0]}],[0],0,[0],[0],[0]]]]