[1,["ecpdLyjvZBwrvm+cedCcQy","a2MjXRFdtLlYQ5ouAFv/+R","e8r2FX4olG+pomDaCjERuC","2dhuANYNBOb60BRJsXGSND","denZBKL4VBer1zQao2WQdU","35pEkQDUlD2bR/O4fGVttE","29iXSMJ5NNCKPlDLI3KSuU","8fo2EbOA5E0aNozhWtyL7X","b6yegqoghBB4Odi2KgiTN3","5f5dyqtRNNxaFmVzYns6FZ","c2qbxoV+1OeoCw5kv7fZeY","5cO7kybDxGj4ipyMYdRYZB","74v4ttRD5ATZ9bVIqrZhYS"],["node","_spriteFrame","_textureSetter","root","data","_parent","_scrollView"],[["cc.Node",["_name","_objFlags","_components","_prefab","_contentSize","_parent","_children","_trs","_color","_anchorPoint"],1,9,4,5,1,2,7,5,5],"cc.SpriteFrame",["cc.Sprite",["_sizeMode","_type","node","_materials","_spriteFrame"],1,1,3,6],["cc.Widget",["_alignFlags","_originalHeight","alignMode","_left","_top","_originalWidth","node"],-3,1],["cc.Node",["_name","_objFlags","_parent","_components","_prefab","_contentSize","_children","_anchorPoint","_trs"],1,1,2,4,5,2,5,7],["cc.PrefabInfo",["fileId","root","asset"],2,1,1],["cc.Prefab",["_name"],2],["cc.Node",["_name","_objFlags","_parent","_children","_components","_prefab","_contentSize","_anchorPoint","_trs"],1,1,2,12,4,5,5,7],["becefMQV7xBELQ2MGLp9b9C",["node"],3,1],["cc.Layout",["_resize","_N$layoutType","_N$paddingTop","_N$paddingBottom","_N$spacingY","node","_layoutSize"],-2,1,5],["cc.Mask",["node","_materials"],3,1,3],["cc.Button",["node","clickEvents"],3,1,9],["cc.ClickEvent",["_componentId","handler","target"],1,1],["cc.Label",["_string","_fontSize","_N$horizontalAlign","_N$verticalAlign","node","_materials"],-1,1,3],["cc.Scrollbar",["_N$direction","node","_N$handle"],2,1,1],["cc.ScrollView",["horizontal","brake","bounceDuration","_N$horizontalScrollBar","node","_N$content","_N$verticalScrollBar"],-1,1,1,1]],[[5,0,1,2,2],[2,2,3,4,1],[0,0,5,2,3,4,7,2],[0,0,5,2,3,8,4,2],[2,0,2,3,4,2],[6,0,2],[0,0,6,2,3,2],[0,0,6,2,3,8,4,9,7,2],[0,0,1,5,6,2,3,4,7,3],[0,0,5,6,2,3,8,4,7,2],[0,0,5,6,2,3,4,7,2],[0,0,1,5,2,3,4,3],[4,0,2,6,3,4,5,2],[4,0,1,2,3,4,5,7,8,3],[7,0,1,2,3,4,5,6,7,8,3],[8,0,1],[5,1,2,1],[9,0,1,2,3,4,5,6,6],[3,0,6,2],[3,2,0,3,1,6,5],[3,0,4,5,1,6,5],[2,1,0,2,3,4,3],[2,1,0,2,3,3],[10,0,1,1],[11,0,1,1],[12,0,1,2,3],[13,0,1,2,3,4,5,5],[14,0,1,2,2],[15,0,1,2,3,4,5,6,5]],[[[{"name":"02","rect":[0,0,612,1031],"offset":[0,0],"originalSize":[612,1031],"capInsets":[0,0,0,0]}],[1],0,[0],[2],[2]],[[{"name":"03","rect":[0,0,614,579],"offset":[0,0],"originalSize":[614,579],"capInsets":[0,0,0,0]}],[1],0,[0],[2],[3]],[[{"name":"01","rect":[0,0,624,1669],"offset":[0,0],"originalSize":[624,1669],"capInsets":[0,0,0,0]}],[1],0,[0],[2],[4]],[[[5,"CachChoi"],[6,"CachChoi",[-3,-4,-5],[[15,-2]],[16,-1,0]],[7,"content",[-8,-9,-10,-11],[[17,1,2,20,15,40,-6,[5,756,4920]],[18,1,-7]],[0,"a4scP63ixNNodtqkdBgiC8",1,0],[4,4281348144],[5,756,4920],[0,0.5,1],[0,590,0,0,0,0,1,1,1,1]],[12,"scrollview",1,[-13,-14,-15],[-12],[0,"18hFd4dIBKfb45XAz30CFN",1,0],[5,720,1280]],[14,"scrollBar",512,3,[-19],[[-16,[19,0,37,350.07654921020657,237,-17],[21,1,0,-18,[15],16]],1,4,4],[0,"3exSBlXHpM3ptPGDCxB7S9",1,0],[5,12,1280],[0,1,0.5],[360,0,0,0,0,0,1,1,1,1]],[8,"view",512,3,[2],[[20,45,100,756,1180,-20],[23,-21,[6]]],[0,"cak7nDdm1NTqqNWiRnfBrh",1,0],[5,720,1180],[0,-50,0,0,0,0,1,1,1,1]],[9,"New Sprite(Splash)",3,[-23],[[4,0,-22,[3],4]],[0,"29p058I7pC07DOdVt3PDLp",1,0],[4,4280422670],[5,720,100],[0,590.341,0,0,0,0,1,1,1,1]],[10,"menupopup-close",1,[-25],[[24,-24,[[25,"becefMQV7xBELQ2MGLp9b9C","onClickClose",1]]]],[0,"4ckQ24IwNHca4+BxrQQJDX",1,0],[5,80,80],[299.272,592.586,0,0,0,0,1,1,1,1]],[3,"sprite_splash",1,[[4,0,-26,[0],1]],[0,"adZ/SWOfZEApg1dGjkI43c",1,0],[4,4282198828],[5,720,1280]],[3,"New Label",6,[[26,"Pay table",35,1,1,-27,[2]]],[0,"82Xsxq7BpEqKkUGT+M2oSN",1,0],[4,4278219007],[5,145.93,50.4]],[13,"bar",512,4,[-28],[0,"44ALchKBJBlJXhZH/MbcXJ",1,0],[5,10,30],[0,1,0],[-1,0,0,0,0,0,1,1,1,1]],[22,1,0,10,[5]],[27,1,4,11],[28,false,0.75,0.23,null,3,2,12],[2,"03",2,[[1,-29,[7],8]],[0,"dbhSP67oxD8q5BmuB+lMdr",1,0],[5,614,579],[0,-309.5,0,0,0,0,1,1,1,1]],[2,"02",2,[[1,-30,[9],10]],[0,"6eD8Dpf1hEvrXYY6njEkqb",1,0],[5,612,1031],[0,-1154.5,0,0,0,0,1,1,1,1]],[2,"01",2,[[1,-31,[11],12]],[0,"1db7v1iUlOg51W2mIBFq2y",1,0],[5,624,1669],[0,-2544.5,0,0,0,0,1,1,1,1]],[2,"04",2,[[1,-32,[13],14]],[0,"c4uV24KRNF5IuNoJnxPbpM",1,0],[5,618,1486],[0,-4162,0,0,0,0,1,1,1,1]],[11,"menupopup-close",512,7,[[1,-33,[17],18]],[0,"3bKAvHNqZHkYgmlMIINZPc",1,0],[5,40,40]]],0,[0,3,1,0,0,1,0,-1,8,0,-2,3,0,-3,7,0,0,2,0,0,2,0,-1,14,0,-2,15,0,-3,16,0,-4,17,0,-1,13,0,-1,6,0,-2,4,0,-3,5,0,-1,12,0,0,4,0,0,4,0,-1,10,0,0,5,0,0,5,0,0,6,0,-1,9,0,0,7,0,-1,18,0,0,8,0,0,9,0,-1,11,0,0,14,0,0,15,0,0,16,0,0,17,0,0,18,0,4,1,2,5,5,12,6,13,33],[0,0,0,0,0,0,0,0,0,0,0,0,0,0,0,0,0,0,0,11],[-1,1,-1,-1,1,-1,-1,-1,1,-1,1,-1,1,-1,1,-1,1,-1,1,1],[0,1,0,0,1,0,0,0,5,0,6,0,7,0,8,0,9,0,10,11]],[[{"name":"04","rect":[0,0,618,1486],"offset":[0,0],"originalSize":[618,1486],"capInsets":[0,0,0,0]}],[1],0,[0],[2],[12]]]]