[1,["ecpdLyjvZBwrvm+cedCcQy","abgWhRjY5NIb+ya0DFDlhD","05Q+T7EjZPd4QScAf2RAF2","4eLZ0DnzJM6JWIitUh+/gV","afVCWQI2hMaqhA+m5tv2mc","bce3c4WDZDvrvIlpLip9th","bfx7R+c55IVJJQfoxrxwjw","c4qmWKn6ZL9L6vA0qrJpgy","c4LcQdpuBFHbLNI1k7THY/","94oOUvX3hOzJab5jRz9CAY","b01bWEsLNGKK5GPqIOkxWz","69kLdamYJCdplbSDm0m32P","9cHumIutFP1ar5bESClbMC","31GmB9WXRIjL0hkhKf5Gsg","3dlgKKxhlFXIwQPe+UVYAh","2bMVKwiNpFMKqyXRcew+wY","cdjFaxSAtKaqGhNFqi+JnP","11WaoOxzhI4pz8lNIc8Gzl","1dILUKs9FGkZx8K+qiPsGi","f2MnvVqz1Id6rCnfE1nkol","2fxlNFvrFGUZxbjloz/dxl","33Rn7jgGNNg54F4nWEEu/V","e0u0NPV25I9bwZVUYQkOvf","92ZgVCRVJNB6nyLGqHkFT2","54cMPIJq1NJra8yCs5Xzw/","44h10NoDNKKpiP2dgWUN1o","5fRPmteqRB7pkTrvm7jxNT","243oeTgB9Obr2sw0SWV8Gm","4fVlikFVFGvoV2cATdGR2A","cdb8rkf+RM769jjACpRror"],["node","_spriteFrame","_defaultClip","_textureSetter","root","lbNum","btnStart","data","_parent"],[["cc.Node",["_name","_prefab","_contentSize","_components","_parent","_children","_trs","_anchorPoint","_eulerAngles"],2,4,5,9,1,2,7,5,5],["cc.Sprite",["_sizeMode","_dstBlendFactor","_isTrimmedMode","node","_materials","_spriteFrame"],0,1,3,6],"cc.SpriteFrame",["cc.PrefabInfo",["fileId","root","asset"],2,1,1],["cc.AnimationClip",["_name","_duration","sample","curveData"],0,11],["cc.Prefab",["_name"],2],["cc.Node",["_name","_children","_components","_prefab","_contentSize","_trs"],2,2,2,4,5,7],["cc.Node",["_name","_parent","_children","_components","_prefab","_contentSize","_trs"],2,1,2,12,4,5,7],["cc.Animation",["playOnLoad","node","_clips","_defaultClip"],2,1,3,6],["ff187D6NrlKsJdAJb5t/lFQ",["node","btnStart","lbNum"],3,1,1,1],["ef6cdgak0JA7Klp9LwbTgyF",["type","tempReplaceAtlas","_string","_maxWidth","node","listFS"],-1,1,3],["cc.Button",["node","clickEvents"],3,1,9],["cc.ClickEvent",["_componentId","handler","target"],1,1]],[[3,0,1,2,2],[1,3,4,5,1],[0,0,4,3,1,2,6,2],[1,1,0,2,3,4,5,4],[8,0,1,2,3,2],[0,0,4,3,1,2,6,8,2],[0,0,4,5,1,2,7,6,2],[0,0,4,3,1,2,7,2],[4,0,1,2,3,4],[5,0,2],[0,0,5,3,1,2,2],[0,0,4,5,3,1,2,2],[0,0,4,5,3,1,2,6,2],[0,0,4,3,1,2,2],[6,0,1,2,3,4,5,2],[7,0,1,2,3,4,5,6,2],[1,0,3,4,2],[1,0,3,4,5,2],[1,1,2,3,4,5,3],[1,1,3,4,5,2],[9,0,1,2,1],[3,1,2,1],[10,0,1,2,3,4,5,5],[11,0,1,1],[12,0,1,2,3]],[[[{"name":"c32040b6-852d-47ad-8de8-c65decbe5328","rect":[1,1,522,956],"offset":[0.5,-0.5],"originalSize":[523,957],"capInsets":[0,0,0,0]}],[2],0,[0],[3],[9]],[[{"name":"BkgFS","rect":[0,0,324,702],"offset":[0,0],"originalSize":[324,702],"capInsets":[0,0,0,0]}],[2],0,[0],[3],[10]],[[{"name":"5b80401d-b39b-4923-bd7b-f53951ad603d","rect":[0,0,540,1170],"offset":[0,0],"originalSize":[540,1170],"capInsets":[0,0,0,0]}],[2],0,[0],[3],[11]],[[[8,"showFreeSpinbg",6.2,40,[{},"paths",11,[{"c1167f4d-2842-4b88-9804-8803746ce9b1":{"props":{"active":[{"frame":0.35,"value":false},{"frame":0.425,"value":true}],"opacity":[{"frame":0.35,"value":0},{"frame":0.85,"value":255}]}},"c1167f4d-2842-4b88-9804-8803746ce9b1/9bc4bcf2-7ce5-4924-b861-008d3f1870a5":{"props":{"angle":[{"frame":0.5,"value":0},{"frame":2.5,"value":-60}]}}},"sb_vfx_a",11,[{},"props",11,[{"angle":[{"frame":0.35,"value":0},{"frame":0.8,"value":-35}],"opacity":[{"frame":0,"value":0},{"frame":0.55,"value":255},{"frame":0.8,"value":0}]},"scale",12,[[[{"frame":0.175},"value",8,[1,0,0,1]],[{"frame":0.25},"value",8,[1,1.5,1,1]],[{"frame":0.55},"value",8,[1,15,15,1]]],11,11,11]]],"8b9bd2f0-7a4f-4f4b-b216-acbc9fb7123e",11,[{},"props",11,[{"opacity":[{"frame":0,"value":0},{"frame":0.325,"value":255},{"frame":1.025,"value":0}]},"scale",12,[[[{"frame":0},"value",8,[1,0,0,1]],[{"frame":0.15},"value",8,[1,1.5,0.1,1]],[{"frame":0.325},"value",8,[1,2,2,1]]],11,11,11]]],"c1167f4d-2842-4b88-9804-8803746ce9b1/5b80401d-b39b-4923-bd7b-f53951ad603d",11,[{},"props",11,[{},"scale",12,[[[{"frame":0.725},"value",8,[1,1.2,1.2,1]],[{"frame":6.2},"value",8,[1,3,3,1]]],11,11]]],"c1167f4d-2842-4b88-9804-8803746ce9b1/fsw",11,[{},"props",11,[{},"scale",12,[[[{"frame":0},"value",8,[1,0,0,1]],[{"frame":0.65,"curve":[0.18,0.89,0.31,1.21]},"value",8,[1,0,0,1]],[{"frame":1.125},"value",8,[1,0.9,0.9,1]]],11,11,11]]],"c1167f4d-2842-4b88-9804-8803746ce9b1/bns_desc",11,[{},"props",11,[{},"scale",12,[[[{"frame":0},"value",8,[1,0,0,1]],[{"frame":0.825,"curve":[0.18,0.89,0.31,1.21]},"value",8,[1,0,0,1]],[{"frame":1.3},"value",8,[1,0.9,0.9,1]]],11,11,11]]],"c1167f4d-2842-4b88-9804-8803746ce9b1/43984316-7b8f-45e5-9fe4-a5f28790108a",11,[{},"props",11,[{},"scale",12,[[[{"frame":0},"value",8,[1,0,0,1]],[{"frame":1.4,"curve":[0.18,0.89,0.31,1.21]},"value",8,[1,0,0,1]],[{"frame":1.875},"value",8,[1,0.9,0.9,1]]],11,11,11]]]]]]],0,0,[],[],[]],[[[9,"StartFreeSpin"],[10,"StartFreeSpin",[-7,-8,-9],[[16,0,-2,[52]],[4,true,-3,[54],53],[20,-6,-5,-4]],[21,-1,0],[5,720,1280]],[11,"bkgFS",1,[-11,-12,-13,-14,-15,-16,-17,-18,-19,-20],[[17,0,-10,[46],47]],[0,"dfbcERPPBIiJ9pIPWyPsyB",1,0],[5,720,1280]],[14,"lbFreeSpin",[-22,-23],[-21],[0,"98j5aQQvdMY6FmrkH0Go2A",1,0],[5,160,50.4],[0,-283.104,0,0,0,0,1,1,1,1]],[15,"43984316-7b8f-45e5-9fe4-a5f28790108a",2,[-26],[[[1,-24,[44],45],-25],4,1],[0,"74p+nSj2hLnpmfGl9ncfV7",1,0],[5,457,212],[0,-441.446,0,0,0,0,1,1,1,1]],[5,"bl_vfx_a_00",2,[[3,1,2,false,-27,[0],1],[4,true,-28,[3],2]],[0,"19B1dPNjBGXaQvlQyHmUmg",1,0],[5,133,428],[-352.375,162.433,0,0,0,-0.06362660231394084,0.997973774945005,2.5,2.5,1],[1,0,0,-7.296]],[5,"bl_vfx_a_00 copy",2,[[3,1,2,false,-29,[4],5],[4,true,-30,[7],6]],[0,"a4KuEz3C9ARaXQTickxls9",1,0],[5,133,428],[361.317,163.578,0,0,0,0.06362660231394084,0.997973774945005,-2.5,2.5,1],[1,0,0,7.296]],[5,"phun2",2,[[3,1,2,false,-31,[8],9],[4,true,-32,[11],10]],[0,"61AKBAJfRG95QZwZYt0yOg",1,0],[5,324,163],[-253.596,114.982,0,0,0,0.7489557207890021,-0.6626200482157376,2.5,2.5,1],[1,0,0,263]],[5,"phun2 copy",2,[[3,1,2,false,-33,[12],13],[4,true,-34,[15],14]],[0,"c8r4WbboBMPZfaVKWE096O",1,0],[5,324,163],[329.784,179.156,0,0,0,-0.7844679836938755,-0.6201693176538691,-2.5,2.5,1],[1,0,0,-256.657]],[12,"fsw",2,[3],[[1,-35,[38],39]],[0,"cf3jMsv+hOE4ko09g0bEmE",1,0],[5,641,149],[0,506.608,0,0,0,0,1,0.9,0.9,1]],[2,"5b80401d-b39b-4923-bd7b-f53951ad603d",2,[[3,1,2,false,-36,[16],17]],[0,"352k1Myo1K/aiCsiLBMndL",1,0],[5,540,1170],[0,0,0,0,0,0,1,0.6,0.6,1]],[13,"9bc4bcf2-7ce5-4924-b861-008d3f1870a5",2,[[3,1,2,false,-37,[18],19]],[0,"b1ukVZkOBKop5EG8/LeNJg",1,0],[5,756,540]],[2,"c32040b6-852d-47ad-8de8-c65decbe5328",2,[[1,-38,[20],21]],[0,"deATN1mwtNMrqdJ1jCQls+",1,0],[5,522,956],[137.083,-214.563,0,0,0,0,1,1,1,1]],[6,"1",3,[-39],[0,"88KEds57NDMKs6iXhADmmJ",1,0],[5,80,0],[0,0.5,0],[-40,-10,0,0,0,0,1,1,1,1]],[7,"New Node",13,[[1,-40,[22],23]],[0,"c9dYI/7mxI+rXSy4ItWWhb",1,0],[5,59,135],[0,0.5,0]],[6,"0",3,[-41],[0,"68d1Hh1FlPPZQgIVGq+YZ0",1,0],[5,80,0],[0,0.5,0],[40,-10,0,0,0,0,1,1,1,1]],[7,"New Node",15,[[1,-42,[24],25]],[0,"34F8IVVitCIbe/CcxiZcoB",1,0],[5,86,138],[0,0.5,0]],[22,1,"ky-ty-replace","10",80,3,[26,27,28,29,30,31,32,33,34,35,36,37]],[2,"bns_desc",2,[[1,-43,[40],41]],[0,"9aSwDHDT5G34Cr9ZXw9589",1,0],[5,541,161],[0,-238.404,0,0,0,0,1,1,1,1]],[2,"btn_start",4,[[1,-44,[42],43]],[0,"71u9wdvCRO5rjmF8qyocmt",1,0],[5,177,58],[0,9.223,0,0,0,0,1,1,1,1]],[23,4,[[24,"ff187D6NrlKsJdAJb5t/lFQ","onClickStart",1]]],[2,"sb_vfx_a",1,[[18,1,false,-45,[48],49]],[0,"6fmqIpem1K3KRygJW8EKiu",1,0],[5,106,116],[0,0,0,0,0,0,1,0,0,1]],[2,"8b9bd2f0-7a4f-4f4b-b216-acbc9fb7123e",1,[[19,1,-46,[50],51]],[0,"ce/Ut7KX9K8YGZT2fTlzQM",1,0],[5,756,540],[0,0,0,0,0,0,1,0,0,1]]],0,[0,4,1,0,0,1,0,0,1,0,5,17,0,6,20,0,0,1,0,-1,2,0,-2,21,0,-3,22,0,0,2,0,-1,5,0,-2,6,0,-3,7,0,-4,8,0,-5,10,0,-6,11,0,-7,12,0,-8,9,0,-9,18,0,-10,4,0,-1,17,0,-1,13,0,-2,15,0,0,4,0,-2,20,0,-1,19,0,0,5,0,0,5,0,0,6,0,0,6,0,0,7,0,0,7,0,0,8,0,0,8,0,0,9,0,0,10,0,0,11,0,0,12,0,-1,14,0,0,14,0,-1,16,0,0,16,0,0,18,0,0,19,0,0,21,0,0,22,0,7,1,3,8,9,46],[0,0,0,0,0,0,0,0,0,0,0,0,0,0,0,0,0,0,0,0,0,0,0,0,0,0,0,0,0,0,0,0,0,0,0,0,0,0,0,0,0,0,0,0,0,0,0,0,0,0,0,0,0,0,0],[-1,1,2,-1,-1,1,2,-1,-1,1,2,-1,-1,1,2,-1,-1,1,-1,1,-1,1,-1,1,-1,1,-1,-2,-3,-4,-5,-6,-7,-8,-9,-10,-11,-12,-1,1,-1,1,-1,1,-1,1,-1,1,-1,1,-1,1,-1,2,-1],[0,3,1,1,0,3,1,1,0,4,2,2,0,4,2,2,0,12,0,5,0,13,0,6,0,7,7,6,14,15,16,17,18,19,20,21,22,23,0,24,0,25,0,26,0,27,0,28,0,29,0,5,0,8,8]]]]