{"paths":{"0":["Sprites/headerXoSo",1],"1":["Font/font_chat",1],"2":["Sprites/bg",1],"3":["Sprites/inboxMienNamCopy",1],"4":["Sprites/borderCuoc",1],"5":["Sprites/bgBox",1],"6":["Sprites/btn_main_mode_inactive",1],"7":["Sprites/bg_notice_right_mask",1],"8":["Sprites/btn_xacnhan_on",1],"9":["Sprites/iconDatCuoc",1],"10":["Sprites/lb_list_pointer",1],"11":["Sprites/btn_close_2",1],"12":["Sprites/btn_ghi_so",1],"13":["Sprites/bg_tab_2",1],"14":["Sprites/chat_box_input",1],"15":["Sprites/setting_line",1],"16":["Sprites/btn_number_press",1],"17":["Sprites/bg_tab_1",1],"18":["Sprites/btn_thong_ke",1],"19":["Sprites/tx_btn_rank",1],"20":["Sprites/tab_ketqua_off",1],"21":["Sprites/ic_close",1],"22":["Sprites/buttonChonOff",1],"23":["Sprites/boderHeaderCopy",1],"24":["Sprites/popup_6",1],"25":["Sprites/popup_1",1],"26":["Sprites/ig_bg_thong_bao",1],"27":["Sprites/buttonGui",1],"28":["Sprites/bgNumber",1],"29":["Sprites/btn_number",1],"30":["Sprites/tab_chat_on",1],"31":["Sprites/chat_tog",1],"32":["Spines/EffectLode/EFFECT_LODE",1],"33":["Sprites/tab_thongke_on",1],"34":["Sprites/result_tog",1],"35":["Sprites/lb_icon_rank_1",1],"36":["Sprites/lb_icon_rank_3",1],"37":["Font/SVN-Zero-Gradient",1],"38":["Sprites/bg_ghi_so",1],"39":["Sprites/line",1],"40":["Sprites/iconUP",1],"41":["Sprites/buttonOk",1],"42":["Sprites/boderTenTien",1],"43":["Sprites/btn_main_mode",1],"44":["Sprites/bg_notice_right_ios",1],"45":["Sprites/lb_popup_title_bg_1",1],"46":["Spines/EffectLode/EFFECT_LODE",5],"47":["Sprites/inboxMienBacCopy2",1],"48":["Sprites/btn_tab_ngang_1",1],"49":["Sprites/ct_chon_cuoc",1],"50":["Sprites/bpdere",1],"51":["Sprites/tab_chat_off",1],"52":["Sprites/buttonBackCopy",1],"53":["Sprites/boderChonNgay",1],"54":["Sprites/btn_lsgd",1],"55":["Sprites/boderNhoCopy",1],"56":["Sprites/btn_dat_cuoc",1],"57":["Sprites/lb_table_title_bg",1],"58":["Sprites/icoTBanWeb",1],"59":["Sprites/lb_icon_rank_2",1],"60":["Sprites/btn_huy",1],"61":["Sprites/btn_dismiss_bg",1],"62":["Sprites/bg_mode_picker",1],"63":["Sprites/btn_dropdown",1],"64":["Sprites/trophy",1],"65":["Sprites/tab_ketqua_on",1],"66":["Sprites/bgTabGame",1],"67":["Sprites/bgTab",1],"68":["Sprites/header",1],"69":["Sprites/ct_btn_luatchoi",1],"70":["Sprites/thongBao",1],"71":["Sprites/boderToDay",1],"72":["Sprites/bgSetting",1],"73":["Sprites/buttonChon",1],"74":["Sprites/btn_tab_ngang_0",1],"75":["Sprites/tab_thongke_off",1],"76":["Sprites/btn_out_table",1],"77":["Sprites/popup_5",1],"78":["Font/TickingTimebombBB",3],"79":["Sprites/icoDollaLCopy",1],"80":["Sprites/Frame_Btn",1],"81":["Sprites/bg_dropdown",1],"82":["Sprites/lineNext",1],"83":["Sprites/iconDown",1],"84":["Sprites/setting_line2",1],"85":["Font/font_chat",0,1],"86":["Sprites/chat_tog",0,1],"87":["Sprites/btn_dat_cuoc",0,1],"88":["Sprites/borderCuoc",0,1],"89":["Sprites/line",0,1],"90":["Sprites/chat_box_input",0,1],"91":["Sprites/btn_xacnhan_on",0,1],"92":["Sprites/tab_ketqua_on",0,1],"93":["Sprites/buttonGui",0,1],"94":["Sprites/btn_thong_ke",0,1],"96":["Font/SVN-Zero-Gradient",0,1],"97":["Sprites/iconUP",0,1],"98":["Sprites/buttonBackCopy",0,1],"99":["Sprites/bgTabGame",0,1],"100":["Sprites/bg_tab_1",0,1],"101":["Sprites/ic_close",0,1],"102":["Sprites/bg_ghi_so",0,1],"103":["Sprites/buttonChonOff",0,1],"104":["Sprites/inboxMienNamCopy",0,1],"105":["Spines/EffectLode/EFFECT_LODE",4],"106":["Sprites/btn_close_2",0,1],"107":["Sprites/setting_line",0,1],"108":["Sprites/thongBao",0,1],"109":["Sprites/lb_icon_rank_1",0,1],"110":["Sprites/tab_ketqua_off",0,1],"111":["Sprites/bg_notice_right_ios",0,1],"112":["Sprites/bgTab",0,1],"113":["Sprites/tab_thongke_off",0,1],"114":["Sprites/bg",0,1],"115":["Sprites/iconDown",0,1],"116":["Sprites/btn_lsgd",0,1],"117":["Sprites/boderTenTien",0,1],"118":["Sprites/icoDollaLCopy",0,1],"119":["Sprites/bpdere",0,1],"120":["Sprites/btn_number_press",0,1],"121":["Sprites/popup_1",0,1],"122":["Sprites/boderToDay",0,1],"123":["Sprites/btn_huy",0,1],"124":["Sprites/bgBox",0,1],"125":["Sprites/lb_icon_rank_3",0,1],"126":["Sprites/setting_line2",0,1],"127":["Sprites/btn_dropdown",0,1],"128":["Sprites/bgNumber",0,1],"129":["Sprites/lb_table_title_bg",0,1],"130":["Sprites/btn_tab_ngang_0",0,1],"131":["Sprites/bg_dropdown",0,1],"132":["Sprites/lb_popup_title_bg_1",0,1],"133":["Sprites/tab_thongke_on",0,1],"134":["Sprites/btn_main_mode_inactive",0,1],"135":["Sprites/lb_list_pointer",0,1],"136":["Sprites/boderNhoCopy",0,1],"137":["Sprites/headerXoSo",0,1],"138":["Sprites/result_tog",0,1],"139":["Sprites/bgSetting",0,1],"140":["Sprites/btn_ghi_so",0,1],"141":["Sprites/lineNext",0,1],"142":["Sprites/inboxMienBacCopy2",0,1],"143":["Sprites/tx_btn_rank",0,1],"144":["Sprites/ct_btn_luatchoi",0,1],"145":["Sprites/header",0,1],"146":["Sprites/boderHeaderCopy",0,1],"147":["Sprites/bg_notice_right_mask",0,1],"148":["Sprites/popup_6",0,1],"149":["Sprites/boderChonNgay",0,1],"150":["Sprites/tab_chat_on",0,1],"151":["Font/font_chat",2],"152":["Sprites/popup_5",0,1],"153":["Sprites/iconDatCuoc",0,1],"154":["Sprites/btn_tab_ngang_1",0,1],"155":["Sprites/trophy",0,1],"156":["Sprites/icoTBanWeb",0,1],"157":["Sprites/bg_tab_2",0,1],"158":["Sprites/btn_out_table",0,1],"159":["Sprites/tab_chat_off",0,1],"160":["Sprites/btn_number",0,1],"161":["Sprites/bg_mode_picker",0,1],"162":["Sprites/ig_bg_thong_bao",0,1],"163":["Sprites/btn_main_mode",0,1],"164":["Sprites/buttonChon",0,1],"165":["Sprites/buttonOk",0,1],"166":["Sprites/Frame_Btn",0,1],"167":["Sprites/lb_icon_rank_2",0,1],"168":["Sprites/ct_chon_cuoc",0,1],"169":["Font/SVN-Zero-Gradient",2],"170":["Sprites/btn_dismiss_bg",0,1],"171":["Spines/EffectLode/EFFECT_LODE",0,1]},"types":["cc.SpriteFrame","cc.Texture2D","cc.BitmapFont","cc.TTFFont","sp.SkeletonData","cc.Asset"],"uuids":["01nx1TujRPLqbzPSG95l8o","056cmiiMVPGp7j/1o8/iRf","07UZSgUJVGGpwPKsDcCmc9","07fUnMWMBFJ4zmDAQHNyYd","09kWfufnJCGozX7+enIn3W","0bvFAqNrpBE59eTxYyGFsb","11a7xCuwJJwarQIZoYyAJO","12XIJKK+ZOarRqful7Fncn","14rjCcJmZF6r9kYxhLd1GV","14z1wAtDtP5JH2YoZBUlDR","18aZ3S0NFMt68u6R06/Pup","20uSIEeEBMF4+U65CPjqPb","21NaGxJa1F4rpsy3tmSjrM","21t8NXCkFF07yTwmjU9vrd","27/sG6Qk5G+6so91QQ9USF","28QBibp+JB1ZO2C4UREpkZ","2d0eOHJHBL1LpNXjpQj0oQ","32m04XBMpD85uOadZ5or45","34ytm4J5BNybXp2+iR23la","37Xj0smdFMq57d9tuqsSh5","3a8rmSwolFkLbinPj6I+xr","3co9IvAPdMFozeI6MGE1vR","3dFJFAAWBCd4YHPHnGc1cT","3eFZ70xn1IgYZ2sTjSpsle","3ezYd7WalMTLPa/bPtyIQ2","47CJyIzrlKaqTCCy61gWJF","4dkk4y3z9CQadpaejIQJT0","4eM3c7cd9MoKWLY4bLH+8d","4elcKh7fBAU7VNAsoaW3+G","51O/KfmNFHjK3PlZ3P97+w","55Nq/tfXFKvJCjwOCVC0qD","578L4tYxdFGb4BaTogUVim","58LdlT1nhDgrLsB3nCOhCm","59J/goEEhGkq2z9+vYj16h","5995geu6NG14hfBa5Ymmyr","5eEHP4/y1JL5tQraIdTWjx","5elPacNKpA67DafyV10lWY","613ydsu0ZKR5MlbnuPHuZu","61+DpyETxMF5gbsrgc/07j","676hszmVRIk5+jmNTd/9Hb","6d2T4gjg9F7algNlU9fKGO","6eli0ScOxGLb07rt/jRQmz","6eqCwyFd9Gs5eX2be++z7F","75HlYHCXpKq7HBtxfVJ6NP","7bsaJry5FFGK0V7xxmc8+m","7crk703CRNUKUsxD4Hr4Br","7dvVsJh7JBG61/QdlCVGOj","84LwDfB1FEkYx80xT9d2G7","86MQLXbAVOKaVEMjhRo84s","8dnpvMTeFGz4YelMmA1yoL","909uxWjA9FqaAQEnt8rZ38","94j69jKsVA3bozjXfWwB1+","9fpM4hR9dHeqI6LVrF/0ej","a0XtKAp8JCXaGjrM3aS7DY","a1IIREGvRF8ocx53nh64/9","a4DUCTkt9Mm5ObqgZiAeRB","a5YKRWZsVG8ae7XRYz6enL","a5hEGOMFFBbowC2T94Vu7i","a7Pif+4atCDphSSSxVc7d3","abkOOjCOFIlqf6Pnu/XHlC","abkZ78fehMAqaHl344p6lL","b4i+L8fH5N27k87NJqUILS","b5ERW2lIxDnYs3Su4LCMMn","b5IwKwJCdNMITJ/lP3/Ggl","b8dPhNVkRHJo61EXqbxMai","bdhws1511OkIWRFw5D6d4I","bdpHPI/0RO3510yxGwwhRF","c0TnDtR9BK07H7na3jX/pI","c1xzVO435OrbbvVLisHfQk","cee/WV6KlKn6Mn39/SOZ7m","d1Cs9SHxxEg7+TKmkR6p4W","d2pdje0S5NYZaBPFQRvWhW","d5ezhxQBhOOp38XTDCDkf/","d6iCfOoBdGF7AvlNoAiYdA","db6gEcn49BBIbCQmX5BvGG","e108S5dEdAipvsp2fXUnv1","e23wvSdM5AMp9IHfD70Cse","eawdyLnVhPrYwvhQ4fW2pH","eeMmqEVUBBtooVkEIkctMl","efDg8eBztIq58fiRKLQR/R","f40rNUI79Pl53lzX43cex9","f5MIKkW/FI/r9OOoV12N/G","f6ZiP6XiZHtY9iFnAu9Rzq","faLKSANbhKDrqY2z7BsOn3","fdlyveVfhCqo9c0RfmO2nc","03AfPM9h1EcLHZV/aPc6Ji","04dnAwF7hJ6qmkSNVAOdXM","0bUaZFempMo7M0OYfVRThR","0fWHpPCH9BopFHM2zrqDLI","0fc0SOADhN+pBQUXM6Dkog","11PpY9oi5DdLNMZlR6bGlQ","13hAcv4WxDsbBJOyRMXfT4","14zrgZm7lEzKkyPBn2kMRa","16Hkp0P/9BLbpghxsLJ9Ir","1eQ5ec6KtDbIup4Ea4cL9G","1elBuvyUpJ+IwemzroP61U","1fOmZLgipANbAJlCxKRhCC","21kjCr+ixNj6qvskr0CNRz","23Cd6LKZVB3qlZF4QC2iaj","243JN9Xz9NfpReo/0opW1V","27kBeji5ZHF7lbzjimyoP9","29GgSNRHlPAoi5J1paOpEQ","2bp6QlntBCAauk+Q4QY2vY","30Ey0NkGtA7bBRzWgr/KlU","348jwX55hAcbTZWSerEc5H","35hm3kutlKUqJMxrKiaZZw","35sEEOV4VHB4yoWZoVQRc5","3an5kHGR5Dh4nK6xwEkd5Z","3eYSBwCCdJ3rcvMr4gk619","40enZgBp5D9rLXjYBprAec","43Unyf+JNEgbOMYSmaEH8q","44wmIcgPZBa5zXZw3EFj42","46YcXBr2tKn6vPOCe56r1P","48nI3gU9RGYqEV//q2liv3","49/qjgXs5KdapABInywdg3","4ac93dPClFj4pwoo6fI5yi","4b7EY4hR9B567L1TxjsucX","4eyelDGatLTJFJKg/9Dy7S","520BEjA71Hqo6c8tLRENjc","59iovRkjFEsrQhhg5M4/WW","5cchXHORpKQZowVAke17bi","5cfoip99pLupxswBLSk2uB","5fzutuZ5RDMqJdzg99ZEIp","60TsjKO0FL65GDmI7hE2IR","64E14Y0pRM+bZz3sV9zGDC","649cjsrTZN34eDcv09h6Cd","65ufA4v7pJm7NyvOoYLOJ5","67C3noLzRK55Eb4Q6nK9Lp","72/ud1cD5AYpBr0wiZ/3XN","7afud0Yi5NQZ2Es2BrA/Ri","7dOsa1SPJB4IRHkLcvMAdj","7eo0/kQxVMVJEnJRkMke/O","84GkDU0w9IXLi8ZdsYmUgl","88wGUWmDtEqLoUk3exoOZj","8dHaD4b09P8okWJh5Hjgkf","8ddyK+BXFDBbSbe/24i5d0","8dhSfywERNy4O+3yGkLjkZ","8e5XSZgs5L8qsbHuaUFBWe","914yQf+wxBy6tO3mb02i3D","94L5Co/rRGNqqviri3jiB6","951lgzrMJNtaOBV66DxXjU","97H6KMm1FGro6qS3gngJWo","977h3fW3hENqh0/ylZq6DM","98j7g/oWNLIaexVDLadb/S","993Usk48lMfpHfxYt8nf36","a2abl8CgtFqIwq9wQICGXc","a6r3s5X1FLyb33fdR0mx8q","a9w6EO885FKbrnORL/l9Jn","aaC5+l6pJK5qLMdISDEkIl","acB01SD3JJ97jLc+/goG1B","b0yxs1QtdHlI8dZszK61ex","b3RWTpWN9NCb/ifG/zCfZh","b7qZbTcqxF+4IqInUeTOO6","cbnK5OtOdHQrW9nFTXPtLY","d1MybiN1BF7bZLnRhlyIZJ","d2n2mhsWJHDbxyAecVilRr","d3DUzjj5ZE/LVCI4uC4rFy","d4aEgFJERDq7p2L8Ir2Olo","d5kkaebbJOCZRYnmRlGSRl","da01zVJe1Pf4qiCG5YD6Mj","dfdjh/4TlIK7IQ1amjLL4I","dfpwFRSK9E9pPFCM/HVvst","e1MpOqqSVM+5t1vios7GXt","e4Z+CaQ6tBU4ft55WFy2A3","e8ZmuXqqFGx4+y6ohIzjQ7","eaJT4esxdM4aRm+B/z0Ikz","ef/DIYhOxLc7Il3XRCNiQW","f1KFYFF1hMTKHX5I8KOc3z","f5/6aQM7FENIaDs6zHh0fS","fbU00UosRFuq04ofs98fT3","fb62Yb311FUpMSSwziwp4C","feh7V/LOJJZrcbnhpKEMCb","29FYIk+N1GYaeWH/q1NxQO","2dOdEixkhKEotFsPtUNC/Q","3cpOaQTJlJZafJMUweeNn9","4dP8Mlnc9Ga5zkNVIZ5byd","5axAftzb5P5oqjf/pOqrD5","76Oo+hdZBIC58PkmtS6Hpa","7a/QZLET9IDreTiBfRn2PD","a2MjXRFdtLlYQ5ouAFv/+R","adjfv47bNMGIChZDyE33F1","adm92+pZdBh7jJQkr3Vwyg","c9VupEoCxGbIrIXOJwwOth","dbEWUhTHtFM5Z8RPMIoG/u","e1M4dVdwNOCqD69gLCBDJ5","e97GVMl6JHh5Ml5qEDdSGa","ecCTW49kJJYZX+93y4H/Sv","ecpdLyjvZBwrvm+cedCcQy","f0BIwQ8D5Ml7nTNQbh1YlS","f506Nmqb5A9IezQX70F0CM"],"scenes":{"db://assets/Bundle/LoDe/Lode.fire":95},"redirect":[172,0,173,0,175,0,176,0,177,0,178,1,179,0,180,0,181,0,182,0,183,0,184,0,185,0,186,0,187,1,188,0,189,2],"deps":["resources","internal","main"],"packs":{"050f56acd":[85,151],"069909756":[0,1,2,3,4,5,6,7,8,9,10,11,12,13,14,15,16,17,18,19,20,21,22,23,24,25,26,27,28,29,30,31,32,33,34,35,36,37,38,39,40,41,42,43,44,45,47,48,49,50,51,52,53,54,55,56,57,58,59,60,61,62,63,64,65,66,67,68,69,70,71,72,73,74,75,76,77,79,80,81,82,83,84],"0c1ca2daa":[96,169],"0f9120775":[87,88,89,92,95,97,98,99,101,102,103,107,174,108,110,112,113,114,115,116,117,119,121,122,123,124,127,128,131,132,133,135,136,137,139,140,142,144,145,146,148,149,152,158,163]},"name":"60","importBase":"import","nativeBase":"native","debug":false,"isZip":false,"encrypted":false,"versions":{"import":[86,"789ad","050f56acd","dd461","069909756","7542e","0c1ca2daa","9d883","0f9120775","d8ebd",90,"78692",91,"359db",93,"34967",94,"3575f",100,"83b16",104,"8b454",105,"a96df",106,"dbca3",109,"ed335",111,"44367",118,"7c9cd",120,"e28e9",125,"883d7",126,"73aa4",129,"51891",130,"4536c",46,"4a5c5",134,"277bd",138,"ca9dd",141,"2f5c9",143,"f81b9",147,"80a49",150,"60a24",153,"41763",154,"962f3",155,"fb0a9",156,"40a32",157,"4f98a",159,"69aaf",160,"231e0",161,"72030",162,"75d7b",164,"65efc",165,"efbcf",78,"ef1e0",166,"8ba05",167,"05efb",168,"ebff2",170,"d2316",171,"71979"],"native":[0,"6a619",1,"a3ae4",2,"9c344",3,"004ae",4,"f03b7",5,"ea2ca",6,"f773b",7,"74f25",8,"bb9b2",9,"b71f0",10,"99b74",11,"4916d",12,"77c8d",13,"c6654",14,"15dbe",15,"bae82",16,"2c3b5",17,"803bf",18,"31da4",19,"75688",20,"b03f1",21,"25066",22,"c9487",23,"d8d82",24,"07a0d",25,"6983d",26,"bdd13",27,"a600a",28,"97d32",29,"2d204",30,"ef04e",31,"a35fc",32,"b6922",33,"c8893",34,"275c4",35,"c0540",36,"966f4",37,"80283",38,"1bc53",39,"87450",40,"f175c",41,"9bb51",42,"97150",43,"b732e",44,"fcf84",45,"23ca9",46,"0ea6a",47,"17fff",48,"67d2d",49,"deeff",50,"d73c5",51,"8e5aa",52,"91d9a",53,"b601a",54,"6c5d2",55,"0e32d",56,"b10b6",57,"ecdf8",58,"6cdc7",59,"abbf6",60,"1d045",61,"93dc8",62,"8c97a",63,"a83de",64,"165ff",65,"919d3",66,"a89e7",67,"9495f",68,"29b8c",69,"5711f",70,"71343",71,"1849a",72,"fc9b3",73,"20244",74,"f2622",75,"87b8b",76,"0b859",77,"26787",78,"86203",79,"968a1",80,"979f7",81,"b8d9a",82,"f3f5c",83,"80d9e",84,"7ddc9"]}}