[1,["ac2Sz6Oh1Mxp+UF3xGsh26"],["_textureSetter"],["cc.SpriteFrame"],0,[[[{"name":"info_win","rect":[1142,71,145,74],"offset":[0,2],"originalSize":[145,84],"capInsets":[0,0,0,0]}],[0],0,[0],[0],[0]],[[{"name":"info_4","rect":[709,151,700,78],"offset":[0,0],"originalSize":[714,84],"capInsets":[0,0,0,0]}],[0],0,[0],[0],[0]],[[{"name":"info_tw","rect":[1323,1,102,84],"offset":[-1,0],"originalSize":[104,84],"rotated":1,"capInsets":[0,0,0,0]}],[0],0,[0],[0],[0]],[[{"name":"info_ways","rect":[709,81,92,52],"offset":[0,-1],"originalSize":[92,84],"capInsets":[0,0,0,0]}],[0],0,[0],[0],[0]],[[{"name":"info_6","rect":[838,71,302,78],"offset":[0,2],"originalSize":[318,84],"capInsets":[0,0,0,0]}],[0],0,[0],[0],[0]],[[{"name":"info_5","rect":[1,161,706,78],"offset":[0,0],"originalSize":[722,84],"capInsets":[0,0,0,0]}],[0],0,[0],[0],[0]],[[{"name":"info_2","rect":[838,1,483,68],"offset":[1,0],"originalSize":[495,84],"capInsets":[0,0,0,0]}],[0],0,[0],[0],[0]],[[{"name":"info_3","rect":[1,81,706,78],"offset":[-1,0],"originalSize":[722,84],"capInsets":[0,0,0,0]}],[0],0,[0],[0],[0]],[[{"name":"info_1","rect":[1,1,835,78],"offset":[-2,2],"originalSize":[845,84],"capInsets":[0,0,0,0]}],[0],0,[0],[0],[0]]]]