[1,["a0BEoNKdlNhJGMlGZueKkM","eaJ2mlj5xJ5KFpXVOJBJiS","97NExzRq1ABpTUUzLfdWmx","40brCcyCJA84sLfEiGiDFL","4cr/7jaxZLOq44QW89/xQI","7b5zvi5RZCWrRPCUx+wNDN","701Fh18kJKGq49B5IpDE2f","bcWmJ8dAlEeYUMXZV77Wr7","d9GDMV1PRJP6sTOcWcOEnt","26VqybgC1Bj5S9A8LTLWzz","83LCfg0uxGy4KU2KtZsYwK","8eOgol/chClaVA1BkXuDDB","aav0gGqU1LfYbYjhwwb52Z","ccOkWCiE9BQZNQthFqIUMH","afNo3IhgtAZptaEfw6lT8T","3cp7JQUkdJBaDNo1cIbbdt","c1kqRrhldPtJO3JpkWLbwe","ff1PdEH25Fp6Yn5opF5kri","1ewH/oEblKrJr+Bhk3vTOA","44FPsG1ABNUKuoVc/GGl9v","12Ic/ZEP5OVqZeh+p6KDln","65/En5kOhC6IvNXyYtYzzN"],["value"],[["cc.AnimationClip",["_name","_duration","sample","curveData"],0,11]],[[0,0,1,2,3,4]],[[0,"FireWork",1.1,20,[{},"paths",11,[{},"BgScatter/scat_vfx_c_add",11,[{},"comps",11,[{},"cc.Sprite",11,[{},"spriteFrame",12,[[[{"frame":0},"value",6,0],[{"frame":0.05},"value",6,1],[{"frame":0.1},"value",6,2],[{"frame":0.15},"value",6,3],[{"frame":0.2},"value",6,4],[{"frame":0.25},"value",6,5],[{"frame":0.3},"value",6,6],[{"frame":0.35},"value",6,7],[{"frame":0.4},"value",6,8],[{"frame":0.45},"value",6,9],[{"frame":0.5},"value",6,10],[{"frame":0.55},"value",6,11],[{"frame":0.6},"value",6,12],[{"frame":0.65},"value",6,13],[{"frame":0.7},"value",6,14],[{"frame":0.75},"value",6,15],[{"frame":0.8},"value",6,16],[{"frame":0.85},"value",6,17],[{"frame":0.9},"value",6,18],[{"frame":0.95},"value",6,19],[{"frame":1},"value",6,20],[{"frame":1.05},"value",6,21]],11,11,11,11,11,11,11,11,11,11,11,11,11,11,11,11,11,11,11,11,11,11]]]]]]]],0,0,[0,0,0,0,0,0,0,0,0,0,0,0,0,0,0,0,0,0,0,0,0,0],[0,0,0,0,0,0,0,0,0,0,0,0,0,0,0,0,0,0,0,0,0,0],[0,1,2,3,4,5,6,7,8,9,10,11,12,13,14,15,16,17,18,19,20,21]]