[1,["3fCDuZOvxFk7WDWZex1FvK"],["_textureSetter"],["cc.SpriteFrame"],0,[[[{"name":"scarab_b_01","rect":[712,665,225,188],"offset":[0,-19],"originalSize":[235,226],"capInsets":[0,0,0,0]}],[0],0,[0],[0],[0]],[[{"name":"scarab_b_15","rect":[475,457,235,226],"offset":[0,0],"originalSize":[235,226],"capInsets":[0,0,0,0]}],[0],0,[0],[0],[0]],[[{"name":"scarab_b_07","rect":[1,457,235,226],"offset":[0,0],"originalSize":[235,226],"capInsets":[0,0,0,0]}],[0],0,[0],[0],[0]],[[{"name":"scarab_b_02","rect":[712,457,235,206],"offset":[0,-10],"originalSize":[235,226],"capInsets":[0,0,0,0]}],[0],0,[0],[0],[0]],[[{"name":"scarab_b_16","rect":[712,229,235,226],"offset":[0,0],"originalSize":[235,226],"capInsets":[0,0,0,0]}],[0],0,[0],[0],[0]],[[{"name":"scarab_b_00","rect":[712,855,143,174],"offset":[2,-26],"originalSize":[235,226],"rotated":1,"capInsets":[0,0,0,0]}],[0],0,[0],[0],[0]],[[{"name":"scarab_b_08","rect":[238,229,235,226],"offset":[0,0],"originalSize":[235,226],"capInsets":[0,0,0,0]}],[0],0,[0],[0],[0]],[[{"name":"scarab_b_03","rect":[475,685,235,218],"offset":[0,-4],"originalSize":[235,226],"capInsets":[0,0,0,0]}],[0],0,[0],[0],[0]],[[{"name":"scarab_b_13","rect":[712,1,235,226],"offset":[0,0],"originalSize":[235,226],"capInsets":[0,0,0,0]}],[0],0,[0],[0],[0]],[[{"name":"scarab_b_12","rect":[475,229,235,226],"offset":[0,0],"originalSize":[235,226],"capInsets":[0,0,0,0]}],[0],0,[0],[0],[0]],[[{"name":"scarab_b_10","rect":[1,685,235,226],"offset":[0,0],"originalSize":[235,226],"capInsets":[0,0,0,0]}],[0],0,[0],[0],[0]],[[{"name":"scarab_b_05","rect":[1,229,235,226],"offset":[0,0],"originalSize":[235,226],"capInsets":[0,0,0,0]}],[0],0,[0],[0],[0]],[[{"name":"scarab_b_14","rect":[238,685,235,226],"offset":[0,0],"originalSize":[235,226],"capInsets":[0,0,0,0]}],[0],0,[0],[0],[0]],[[{"name":"scarab_b_04","rect":[1,1,235,226],"offset":[0,0],"originalSize":[235,226],"capInsets":[0,0,0,0]}],[0],0,[0],[0],[0]],[[{"name":"scarab_b_06","rect":[238,1,235,226],"offset":[0,0],"originalSize":[235,226],"capInsets":[0,0,0,0]}],[0],0,[0],[0],[0]],[[{"name":"scarab_b_09","rect":[475,1,235,226],"offset":[0,0],"originalSize":[235,226],"capInsets":[0,0,0,0]}],[0],0,[0],[0],[0]],[[{"name":"scarab_b_11","rect":[238,457,235,226],"offset":[0,0],"originalSize":[235,226],"capInsets":[0,0,0,0]}],[0],0,[0],[0],[0]]]]