[1,["7d19TjJXtLQ7LhVdsDSqzL","11LSEvNlpFKYMKZk/lqAK5","7deMWfxtpCMrZDB37wqQ95","b2e8xBWWtLPbF9Lfribm0x","e2NA6TCUFPvpQ3geLRgbGq","07lBq16vdNUbGbtj06wQpU","d8MWb2UWZNT5idgYJHhhYh","9dyhUV3VpG8b1aoNNbIZ4A","54QX+4RppOUrRAptDzNOOG","000FDfPNNGJY6zIVHbWcBG","0dXoK0tqRBBbM9HIX9iMr2","54yXcgqf1KpYDDaDQxPEwC"],["_textureSetter","value"],["cc.SpriteFrame",["cc.AnimationClip",["_name","_duration","sample","wrapMode","curveData"],-1,11]],[[1,0,1,2,3,4,5]],[[[{"name":"tw_vfx_c_normal_02","rect":[15,10,136,148],"offset":[-1,0],"originalSize":[168,168],"capInsets":[0,0,0,0]}],[0],0,[0],[0],[0]],[[{"name":"tw_vfx_c_normal_05","rect":[6,8,156,153],"offset":[0,-0.5],"originalSize":[168,168],"capInsets":[0,0,0,0]}],[0],0,[0],[0],[1]],[[{"name":"tw_vfx_c_normal_04","rect":[12,9,146,151],"offset":[1,-0.5],"originalSize":[168,168],"capInsets":[0,0,0,0]}],[0],0,[0],[0],[2]],[[[0,"Xu",0.4,15,2,[{},"comps",11,[{},"cc.Sprite",11,[{},"spriteFrame",12,[[[{"frame":0},"value",6,0],[{"frame":0.06666666666666667},"value",6,1],[{"frame":0.13333333333333333},"value",6,2],[{"frame":0.2},"value",6,3],[{"frame":0.26666666666666666},"value",6,4],[{"frame":0.3333333333333333},"value",6,5]],11,11,11,11,11,11]]]]]],0,0,[0,0,0,0,0,0],[1,1,1,1,1,1],[3,4,5,6,7,8]],[[{"name":"tw_vfx_c_normal_00","rect":[7,8,155,153],"offset":[0.5,-0.5],"originalSize":[168,168],"capInsets":[0,0,0,0]}],[0],0,[0],[0],[9]],[[{"name":"tw_vfx_c_normal_03","rect":[22,12,125,145],"offset":[0.5,-0.5],"originalSize":[168,168],"capInsets":[0,0,0,0]}],[0],0,[0],[0],[10]],[[{"name":"tw_vfx_c_normal_01","rect":[7,8,153,153],"offset":[-0.5,-0.5],"originalSize":[168,168],"capInsets":[0,0,0,0]}],[0],0,[0],[0],[11]]]]