[1,["31cYu29Q1Gf7D9xvm7pndD","53S+mhdyROYKt17cTkpfoc","ebdSSpLFBJY6WwnEqHiTds","56gmiQQiBET5gS/fj+T8s3","68QsN5L7lFyrjIZC7hpJYh","d7FZacSvJG4pqLzanvejsI","60gHhavGtOHJ3hdfwubAAr","d0h2cCmU1GrZxfXygzj88p","6fDqZuEzNOqp0r1dfDrXBD","cdb8rkf+RM769jjACpRror"],["_textureSetter","sb_arrow_blur","sb_arrow_grey","sb_arrow_grey_blur","sb_button_add","sb_auto","mh_vfx_01_add","sb_arrow","sb_button","sb_vfx_a"],["cc.SpriteFrame",["cc.SpriteAtlas",["_name","_spriteFrames"],2,11]],[[1,0,1,2]],[[[{"name":"sb_arrow_blur","rect":[1,408,158,158],"offset":[0,0],"originalSize":[158,158],"capInsets":[0,0,0,0]}],[0],0,[0],[0],[0]],[[{"name":"sb_arrow_grey_blur","rect":[1,568,158,158],"offset":[0,0],"originalSize":[158,158],"capInsets":[0,0,0,0]}],[0],0,[0],[0],[0]],[[{"name":"mh_vfx_01_add","rect":[321,411,131,132],"offset":[0,0],"originalSize":[131,132],"capInsets":[0,0,0,0]}],[0],0,[0],[0],[0]],[[{"name":"sb_button_add","rect":[248,223,186,186],"offset":[0,0],"originalSize":[186,186],"capInsets":[0,0,0,0]}],[0],0,[0],[0],[0]],[[[0,"Alats67.plist",[{},"sb_arrow_blur",6,0,"sb_arrow_grey",6,1,"sb_arrow_grey_blur",6,2,"sb_button_add",6,3,"sb_auto",6,4,"mh_vfx_01_add",6,5,"sb_arrow",6,6,"sb_button",6,7,"sb_vfx_a",6,8]]],0,0,[0,0,0,0,0,0,0,0,0],[1,2,3,4,5,6,7,8,9],[1,2,3,4,5,6,7,8,9]],[[{"name":"sb_arrow_grey","rect":[161,411,158,158],"offset":[0,0],"originalSize":[158,158],"capInsets":[0,0,0,0]}],[0],0,[0],[0],[0]]]]