[1,["8apjquZcZO77/abt9VLBSx"],["_textureSetter"],["cc.SpriteFrame"],0,[[[{"name":"ic_toast_turbo_on","rect":[89,611,34,44],"offset":[0,0],"originalSize":[48,48],"capInsets":[0,0,0,0]}],[0],0,[0],[0],[0]],[[{"name":"btn_minus","rect":[1,233,108,108],"offset":[0,0],"originalSize":[108,108],"capInsets":[0,0,0,0]}],[0],0,[0],[0],[0]],[[{"name":"ic_soundon","rect":[1,679,86,72],"offset":[0,0],"originalSize":[108,108],"capInsets":[0,0,0,0]}],[0],0,[0],[0],[0]],[[{"name":"center_turbo_off","rect":[83,799,40,44],"offset":[-1,0],"originalSize":[90,90],"capInsets":[0,0,0,0]}],[0],0,[0],[0],[0]],[[{"name":"ic_wallet_open","rect":[81,1003,44,44],"offset":[0,0],"originalSize":[60,60],"capInsets":[0,0,0,0]}],[0],0,[0],[0],[0]],[[{"name":"bg_tooltip_box","rect":[1,1,120,120],"offset":[0,0],"originalSize":[120,120],"capInsets":[17,19,19,24]}],[0],0,[0],[0],[0]],[[{"name":"ic_chip","rect":[83,753,42,44],"offset":[0,0],"originalSize":[60,60],"capInsets":[0,0,0,0]}],[0],0,[0],[0],[0]],[[{"name":"ic_soundoff","rect":[1,605,86,72],"offset":[0,0],"originalSize":[108,108],"capInsets":[0,0,0,0]}],[0],0,[0],[0],[0]],[[{"name":"ic_rule","rect":[1,753,80,84],"offset":[0,2],"originalSize":[108,108],"capInsets":[0,0,0,0]}],[0],0,[0],[0],[0]],[[{"name":"auto_shadow","rect":[89,519,36,44],"offset":[3,1],"originalSize":[70,70],"capInsets":[0,0,0,0]}],[0],0,[0],[0],[0]],[[{"name":"ic_spin","rect":[51,1484,48,48],"offset":[0,0],"originalSize":[60,60],"capInsets":[0,0,0,0]}],[0],0,[0],[0],[0]],[[{"name":"ic_exit","rect":[1,435,90,80],"offset":[-2,0],"originalSize":[108,108],"capInsets":[0,0,0,0]}],[0],0,[0],[0],[0]],[[{"name":"btn_add","rect":[1,123,108,108],"offset":[0,0],"originalSize":[108,108],"capInsets":[0,0,0,0]}],[0],0,[0],[0],[0]],[[{"name":"btn_menu","rect":[1,1418,50,38],"offset":[0,0],"originalSize":[90,90],"capInsets":[0,0,0,0]}],[0],0,[0],[0],[0]]]]