[1,["ecpdLyjvZBwrvm+cedCcQy","f506Nmqb5A9IezQX70F0CM","a2MjXRFdtLlYQ5ouAFv/+R","c9VupEoCxGbIrIXOJwwOth","ecCTW49kJJYZX+93y4H/Sv","4e7Pb4QBlFTbSozGT1BOxM","64APpf2rdO4L+pF8hjtxTy","172N8zPJtKw7ammz00VCI+","a3ii62vnJJfKxd41iX8b75","2dC15FTMpEpa8CABU9uYoe","e3wTBGuKJHr64vRY4fdi6J","a6BO/m7RNAxZ25rhYYM4rD","7a/QZLET9IDreTiBfRn2PD","17a0e4YTlElZTWpq4ATIrN","b7BFHCDZxLdqStaDVoTQmv","5f5dyqtRNNxaFmVzYns6FZ","d68k9be89HY5RYoG8Qubt3","0c+atCy1BPvY8PunPijRnV","ffVb0RBxxF65hylBP4tWb0","5cO7kybDxGj4ipyMYdRYZB","d1WIo2Tu5F3LAfo9ZVQqHI","dfm8E8JTJLfYOoUkZRZvUi"],["node","_spriteFrame","_N$file","_parent","nodeChecked","lbIndex","root","_textureSetter","skeletonItem","bgWild","bgScatter","spriteBkg","spriteItem","_N$target","detail","pageDate","bottleControl","parentItemWin","parentItemResult","lbTitleToHopWin","parentMul","lbWin","lbBet","lbTime","data","_scrollView"],[["cc.Node",["_name","_opacity","_active","_objFlags","_prefab","_contentSize","_parent","_components","_trs","_children","_anchorPoint","_color","_eulerAngles"],-1,4,5,1,9,7,2,5,5,5],["cc.Label",["_string","_fontSize","_N$horizontalAlign","_isSystemFontUsed","_N$verticalAlign","_lineHeight","_N$overflow","node","_materials","_N$file"],-4,1,3,6],["cc.Sprite",["_sizeMode","_type","_isTrimmedMode","_dstBlendFactor","node","_materials","_spriteFrame"],-1,1,3,6],["cc.Node",["_name","_active","_objFlags","_parent","_components","_prefab","_contentSize","_trs","_children","_color","_anchorPoint"],0,1,2,4,5,7,2,5,5],["cc.Layout",["_resize","_N$layoutType","_N$spacingY","_N$paddingTop","_N$spacingX","node","_layoutSize"],-2,1,5],["cc.PrefabInfo",["fileId","root","asset"],2,1,1],"cc.SpriteFrame",["cc.Mask",["_N$alphaThreshold","node","_materials"],2,1,3],["cc.Button",["_N$transition","node","clickEvents","_N$normalColor","_N$pressedColor","_N$disabledColor","_N$target"],2,1,9,5,5,5,1],["cc.Prefab",["_name"],2],["cc.Node",["_name","_children","_components","_prefab","_contentSize","_anchorPoint","_trs"],2,2,12,4,5,5,7],["a31b67YozlLjIsM8esGRVzr",["node","pageDate","detail"],3,1,1,1],["5ceb54kRyRJkrj9wJPpxtc5",["node","spriteItem","spriteBkg","bgScatter","bgWild","skeletonItem"],3,1,1,1,1,1,1],["706464HPHlF34YjjdFZTlwr",["node","parentMul","lbTitleToHopWin","parentItemResult","parentItemWin","colorOf","bottleControl"],3,1,1,1,1,1,8,1],["b2bc7wuq7hOfYUAxr29y3Va",["node","lbTime","lbBet","lbWin"],3,1,1,1,1],["c2b56lCaGRJKI16E9ydJssj",["node","lbIndex","nodeChecked"],3,1,1,1],["cc.Widget",["alignMode","_alignFlags","_left","_originalHeight","node"],-1,1],["cc.Animation",["node","_clips"],3,1,3],["cc.ClickEvent",["_componentId","handler","target"],1,1],["2b413mCGP5KF4Sm+0q71+X9",["node"],3,1],["23251wgkaFKa7D+TbypjVkG",["node","parentIndicator","content","clickEvents"],3,1,1,1,9],["cc.Scrollbar",["_N$direction","node","_N$handle"],2,1,1],["cc.ScrollView",["horizontal","brake","bounceDuration","_N$horizontalScrollBar","node","_N$content","_N$verticalScrollBar"],-1,1,1,1],["sp.Skeleton",["node","_materials"],3,1,3],["1ebednmDx5BYYGE9xN/+Tk9",["isHistory","node","nodeAddMoney","thanhBar"],2,1,1,1],["cba40rcoMxHqK84MTtvhloC",["node","parentItem","itemTemplate","lbTitle","lbTime","lbBet","lbWin","lbMNUser","lbCuocCoSo"],3,1,1,1,1,1,1,1,1,1]],[[5,0,1,2,2],[5,0,1,2],[2,0,4,5,6,2],[0,0,6,7,4,5,8,2],[0,0,6,9,7,4,5,8,2],[3,0,3,4,5,6,7,2],[0,0,6,7,4,11,5,8,2],[0,0,6,7,4,5,2],[2,3,4,5,6,2],[0,0,2,6,7,4,5,8,3],[15,0,1,2,1],[1,0,1,2,4,6,7,8,6],[0,0,1,6,7,4,11,5,8,3],[18,0,1,2,3],[19,0,1],[2,4,5,6,1],[1,0,1,3,2,4,7,8,6],[0,0,9,7,4,5,8,2],[0,0,6,9,7,4,5,10,8,2],[3,0,3,4,5,9,6,7,2],[3,0,3,4,5,6,2],[4,0,1,4,5,6,4],[2,3,0,2,4,5,6,4],[2,0,2,4,5,3],[1,0,1,3,7,8,9,4],[1,0,1,3,2,4,7,8,9,6],[0,0,6,7,4,11,5,2],[0,0,1,6,7,4,5,10,8,3],[3,0,3,8,4,5,6,7,2],[8,1,2,1],[1,0,1,5,3,2,7,8,6],[0,0,2,6,9,7,4,3],[0,0,9,4,5,8,2],[0,0,3,6,7,4,5,8,3],[0,0,1,6,9,7,4,5,8,3],[0,0,1,6,9,7,4,5,8,12,3],[0,0,6,7,4,5,8,12,2],[0,0,1,6,7,4,5,8,3],[3,0,3,4,5,2],[12,0,1,2,3,4,5,1],[4,0,1,5,6,3],[2,1,4,5,6,2],[17,0,1,1],[8,0,1,2,3,4,5,6,2],[1,0,1,5,2,4,7,8,6],[1,0,2,4,7,8,4],[23,0,1,1],[9,0,2],[0,0,9,7,4,2],[0,0,9,7,4,5,2],[0,0,6,9,4,8,2],[0,0,7,4,5,10,8,2],[0,0,6,9,4,5,2],[0,0,2,6,9,4,5,3],[0,0,6,9,7,4,5,2],[0,0,6,9,4,5,10,8,2],[0,0,3,6,7,4,5,3],[0,0,6,9,4,5,8,2],[0,0,6,4,8,2],[3,0,1,3,8,4,5,3],[3,0,2,3,4,5,6,10,7,3],[10,0,1,2,3,4,5,6,2],[11,0,1,2,1],[5,1,2,1],[4,0,1,3,2,5,6,5],[4,0,1,2,5,6,4],[13,0,1,2,3,4,5,6,1],[7,1,2,1],[7,0,1,2,2],[14,0,1,2,3,1],[16,0,1,2,3,4,5],[2,1,0,4,5,6,3],[2,1,0,4,5,3],[2,0,2,4,5,6,3],[1,0,3,7,8,9,3],[1,0,3,7,8,3],[1,0,1,2,4,7,8,5],[1,0,1,7,8,3],[1,0,1,2,7,8,4],[20,0,1,2,3,1],[21,0,1,2,2],[22,0,1,2,3,4,5,6,5],[24,0,1,2,3,2],[25,0,1,2,3,4,5,6,7,8,1]],[[[{"name":"BottleBar","rect":[0,0,493,71],"offset":[0,0],"originalSize":[493,71],"capInsets":[0,0,0,0]}],[6],0,[0],[7],[14]],[[[47,"LichSu"],[48,"LichSu",[-5,-6,-7,-8,-9,-10,-11,-12],[[62,-4,-3,-2]],[63,-1,0]],[59,"Detial",false,1,[-14,-15,-16,-17,-18,-19,-20,-21,-22,-23,-24,-25,-26,-27,-28,-29],[-13],[0,"107riJVr5DmbilGRKaXD/6",1,0]],[49,"ItemSymbol",[-37,-38,-39,-40,-41],[[39,-36,-35,-34,-33,-32,-31]],[1,"81bnvkIStHTpl8q3oR2C6W",-30],[5,175,165]],[17,"ItemSymbol",[-49,-50,-51,-52,-53],[[39,-48,-47,-46,-45,-44,-43]],[1,"78hgH/wB5Cx6Y2mV7WnSa1",-42],[5,175,165],[18.139,9.934,0,0,0,0,1,0.4,0.4,1]],[18,"Item",2,[-61,-62,-63,-64,-65,-66,-67],[[64,1,2,30,10,-54,[5,595,1076.4]],[66,-60,-59,-58,-57,-56,[4,4288059030],-55]],[0,"9bYyxFQ6ZDbLlWM84AppHD",1,0],[5,595,1076.4],[0,0.5,0.75],[0,296.884,0,0,0,0,1,1,1,1]],[17,"Indicator",[-69,-70,-71,-72,-73,-74,-75],[[21,1,1,15,-68,[5,370,50.4]]],[0,"ecEmC0pPRN4Llp4d3U+25Z",1,0],[5,370,50.4],[0,-504.193,0,0,0,0,1,1,1,1]],[4,"ParentItem",5,[-78,-79,-80,-81,-82,-83],[[67,-76,[114]],[21,1,1,-60,-77,[5,750,606]]],[0,"3aNW+EcY1ID6mmzyL40CDV",1,0],[5,750,606],[0,-143.89999999999998,0,0,0,0,1,0.8,0.8,1]],[28,"PageData",1,[-85,6,-86,-87],[-84],[0,"3cC1BMTrlIjpnEJewNdCk3",1,0],[5,1000,500],[0,-19.251,0,0,0,0,1,1,1,1]],[17,"ItemLichSu",[-92,-93,-94,-95,-96],[[69,-91,-90,-89,-88]],[0,"1757gocCxBcZygFC5Fd3OK",1,0],[5,720,90],[0,-45,0,0,0,0,1,1,1,1]],[50,"header",1,[-97,-98,-99,-100],[0,"e3/aMeesNJMrRC684ToiAY",1,0],[0,8.565,0,0,0,0,1,1,1,1]],[4,"ItemIndicator",6,[-104,-105,-106],[[10,-103,-102,-101]],[0,"eeY8yQyfRKFoKLhf57cjzd",1,0],[5,40,40],[-165,-70.707,0,0,0,0,1,1,1,1]],[4,"ItemIndicator copy",6,[-110,-111,-112],[[10,-109,-108,-107]],[0,"73AgNh51RKiYx5+6w5Qafo",1,0],[5,40,40],[-110,-70.707,0,0,0,0,1,1,1,1]],[4,"ItemIndicator copy",6,[-116,-117,-118],[[10,-115,-114,-113]],[0,"44P2urDmxIMpHN7FjEyZ/K",1,0],[5,40,40],[-55,-70.707,0,0,0,0,1,1,1,1]],[4,"ItemIndicator copy",6,[-122,-123,-124],[[10,-121,-120,-119]],[0,"3d/HCYwv1JFoFOyugjuypR",1,0],[5,40,40],[0,-70.707,0,0,0,0,1,1,1,1]],[4,"ItemIndicator copy",6,[-128,-129,-130],[[10,-127,-126,-125]],[0,"262/W32ylGsrFUCNh8Nx9Z",1,0],[5,40,40],[55,-70.707,0,0,0,0,1,1,1,1]],[4,"ItemIndicator copy",6,[-134,-135,-136],[[10,-133,-132,-131]],[0,"ffQcUEA9NDLo9K82cnPKOC",1,0],[5,40,40],[110,-70.707,0,0,0,0,1,1,1,1]],[4,"ItemIndicator copy",6,[-140,-141,-142],[[10,-139,-138,-137]],[0,"572IW2YbtMlKGO/SmlRLiY",1,0],[5,40,40],[165,-70.707,0,0,0,0,1,1,1,1]],[61,"scrollBar",[-146],[[-143,[70,0,37,350.07654921020657,237,-144],[71,1,0,-145,[88],89]],1,4,4],[0,"19CvWuV/JP0bcj8y962JGA",1,0],[5,12,1000],[0,1,0.5],[360,0,0,0,0,0,1,1,1,1]],[18,"nodeTraThuong",5,[-148,-149,-150],[[21,1,1,10,-147,[5,660.34,60]]],[0,"3aE4ebD7ZE34GXw9Nbwx9e",1,0],[5,660.34,60],[0,0.46,0.5],[-28.399,199.10000000000002,0,0,0,0,1,1,1,1]],[31,"bgScatter",false,3,[-152,-153],[[42,-151,[109,110]]],[1,"5dETx4W0BJi6n4GNdThR9S",3]],[32,"ItemLineAn",[4,-154,-155,-156],[0,"a0+Ujz8tdMV7xkmV8nFS1Q",1,0],[5,156.997047,90],[41.719,-45,0,0,0,0,1,1,1,1]],[31,"bgScatter",false,4,[-158,-159],[[42,-157,[134,135]]],[1,"5dETx4W0BJi6n4GNdThR9S",4]],[18,"Content",8,[9],[[40,1,2,-160,[5,1000,90]]],[0,"d0W2OipeNDX6xlaCyJm/+5",1,0],[5,1000,90],[0,0.5,1],[0,479.882,0,0,0,0,1,1,1,1]],[28,"scrollview",2,[18,-162],[-161],[0,"12dLpcWrdIPIBer+DnZul3",1,0],[5,720,1000],[0,-138.462,0,0,0,0,1,1,1,1]],[51,"content",[[40,1,2,-163,[5,720,530]]],[0,"5aj/yFfOpDppo1WwbFGzms",1,0],[5,720,530],[0,0.5,1],[0,500,0,0,0,0,1,1,1,1]],[52,"WildBg",3,[-164,-165],[1,"c8HzU2TzJKKI/eQwQRxwK1",3],[5,100,100]],[32,"Container",[-166,-167,-168],[0,"95U/dHLmhMCZpVjtQMhMnt",1,0],[5,100,100],[0,45.884,0,0,0,0,1,1,1,1]],[17,"lbMuil",[-170,-171],[[21,1,1,5,-169,[5,442.02,200]]],[0,"92a6hkT7pOWrNGCU8pw8g5",1,0],[5,442.02,200],[-77.103,8.539,0,0,0,0,1,0.825,0.825,1]],[18,"ParentAn",5,[21],[[65,1,2,30,-172,[5,680,90]]],[0,"e9ybHlQnFKzbfIcP76bA9m",1,0],[5,680,90],[0,0,1],[-339.113,-717.3000000000001,0,0,0,0,1,1,1,1]],[53,"WildBg",false,4,[-173,-174],[1,"c8HzU2TzJKKI/eQwQRxwK1",4],[5,100,100]],[4,"btn_detail",9,[-176],[[29,-175,[[13,"b2bc7wuq7hOfYUAxr29y3Va","onClick",9]]]],[0,"b39pcRHi9G3JXHftkS2VCu",1,0],[5,90,90],[314.626,0,0,0,0,0,1,1,1,1]],[9,"active",false,11,[[2,0,-177,[25],26]],[0,"10d1ONC3JEAaZFxB28mOZd",1,0],[5,40,40],[0.327,0,0,0,0,0,1,1,1,1]],[9,"active",false,12,[[2,0,-178,[30],31]],[0,"87ArDYrcFBvJpov9lZReCo",1,0],[5,40,40],[0.327,0,0,0,0,0,1,1,1,1]],[9,"active",false,13,[[2,0,-179,[35],36]],[0,"f2l08Bq9VAf5GUtGt9ouxB",1,0],[5,40,40],[0.327,0,0,0,0,0,1,1,1,1]],[9,"active",false,14,[[2,0,-180,[40],41]],[0,"50BYk7NeRO34tGK6L5GYy+",1,0],[5,40,40],[0.327,0,0,0,0,0,1,1,1,1]],[9,"active",false,15,[[2,0,-181,[45],46]],[0,"dfYV+lpF5K9LcCppSoHXD3",1,0],[5,40,40],[0.327,0,0,0,0,0,1,1,1,1]],[9,"active",false,16,[[2,0,-182,[50],51]],[0,"c0rHjXpstNoahsrFbnWa3f",1,0],[5,40,40],[0.327,0,0,0,0,0,1,1,1,1]],[9,"active",false,17,[[2,0,-183,[55],56]],[0,"76QMbigyVOWL7UcXQzJqeN",1,0],[5,40,40],[0.327,0,0,0,0,0,1,1,1,1]],[4,"buttonPre",8,[-186],[[43,3,-185,[[13,"23251wgkaFKa7D+TbypjVkG","onClickPre",8]],[4,4293322470],[4,4291348680],[4,3363338360],-184]],[0,"3cquuFRV9EM5WiZe6txu+x",1,0],[5,80,80],[-267.759,-575.847,0,0,0,0,1,1,1,1]],[33,"Background",512,39,[[41,1,-187,[58],59]],[0,"33P0Hid0RFf5BmoDRP9Ep2",1,0],[5,90,90],[0,0,0,0,0,0,1,-1,1,0]],[4,"buttonPre copy",8,[-190],[[43,3,-189,[[13,"23251wgkaFKa7D+TbypjVkG","onClickNext",8]],[4,4293322470],[4,4291348680],[4,3363338360],-188]],[0,"e4TjqLJhRHBqtBAwlH5Qnm",1,0],[5,80,80],[265.302,-575.847,0,0,0,0,1,1,1,1]],[33,"Background",512,41,[[41,1,-191,[60],61]],[0,"62o8M9wcZDH6zUMlFFIInU",1,0],[5,90,90],[0,0,0,0,0,0,1,1,1,0]],[4,"menupopup-close",1,[-193],[[29,-192,[[13,"a31b67YozlLjIsM8esGRVzr","onClickClose",1]]]],[0,"b5kf97oWxHqI/bXFT/mtme",1,0],[5,100,100],[303.404,582.934,0,0,0,0,1,1,1,1]],[4,"btn_back",2,[-195],[[29,-194,[[13,"cba40rcoMxHqK84MTtvhloC","onClickClose",2]]]],[0,"06hpC7xWFPIYupE7AegloE",1,0],[5,80,80],[-290.479,571.093,0,0,0,0,1,1,1,1]],[54,"view",24,[25],[[68,0,-196,[87]]],[0,"8dqQ1095BK+puJy+O6VXaa",1,0],[5,720,1000]],[4,"ItemQuyBa",7,[3],[[14,-197]],[0,"302XVKcHxHzrXZczeww/vq",1,0],[5,175,550.093],[-287.5,0,0,0,0,0,1,1,1,1]],[34,"wild_vfx_b_screen",0,26,[-199],[[22,1,2,false,-198,[99],100]],[1,"8ajXbxtUNAd6WahmOcJfV/",3],[5,252,350],[3.186,0,0,0,0,0,1,1.35,1.35,1]],[35,"wild_vfx_b_screen-001",0,26,[-201],[[22,1,2,false,-200,[103],104]],[1,"60LLYU3VNPkpK9Nv6fA+6z",3],[5,252,350],[3.186,0,0,0,0,1,6.123233995736766e-17,1.35,1.35,1],[1,0,0,180]],[28,"BottleContainer",5,[27],[-202],[0,"effftQvNdFaoBw3KM57Esg",1,0],[5,555,100],[5.74,-506.9,0,0,0,0,1,1,1,1]],[3,"main_bg_multiplier_mask",27,[[15,-203,[117],118]],[0,"18WTcvcGhJyZAcf9u3l/f9",1,0],[5,105,14],[232.3355,3.038,0,0,0,0,1,1,1,1]],[55,"ParentMutil",5,[28],[0,"85vQGCjpREcYtLqum3QdUl",1,0],[5,262.77,80],[0,0.46,0.5],[-78.28,-667.3000000000001,0,0,0,0,1,1,1,1]],[34,"wild_vfx_b_screen",0,30,[-205],[[22,1,2,false,-204,[124],125]],[1,"8ajXbxtUNAd6WahmOcJfV/",4],[5,252,350],[3.186,0,0,0,0,0,1,1.35,1.35,1]],[35,"wild_vfx_b_screen-001",0,30,[-207],[[22,1,2,false,-206,[128],129]],[1,"60LLYU3VNPkpK9Nv6fA+6z",4],[5,252,350],[3.186,0,0,0,0,1,6.123233995736766e-17,1.35,1.35,1],[1,0,0,180]],[26,"sprite_splash",1,[[2,0,-208,[0],1]],[0,"62MeXo9DpHOJxxwJHiEkFO",1,0],[4,4281871919],[5,720,1280]],[6,"sans_bold-export",1,[[74,"History",false,-209,[2],3]],[0,"e1MPgEq1pEZZj/rVnnDwal",1,0],[4,4278239999],[5,131.25,40],[0,593.263,0,0,0,0,1,1,1,1]],[12,"sprite_splash",150,1,[[2,0,-210,[4],5]],[0,"2fPm1iIitN8LJNOA8SoLuM",1,0],[4,4286479998],[5,720,5],[0,518.078,0,0,0,0,1,1,1,1]],[12,"sprite_splash copy",150,1,[[2,0,-211,[6],7]],[0,"7bGcjI3NlMwo34arKuBwtw",1,0],[4,4286479998],[5,720,5],[0,-488.358,0,0,0,0,1,1,1,1]],[6,"sans_bold-export",10,[[24,"Time",25,false,-212,[8],9]],[0,"4f7VZ0kwtCZrv7++mDWmGM",1,0],[4,4287730065],[5,52.34,40],[-262.402,475.964,0,0,0,0,1,1,1,1]],[6,"sans_bold-export copy",10,[[24,"Bet",25,false,-213,[10],11]],[0,"f3Hzqh1apGbb7WLWlhgBli",1,0],[4,4287730065],[5,36.72,40],[-34.148,475.964,0,0,0,0,1,1,1,1]],[6,"sans_bold-export copy",10,[[24,"Win",25,false,-214,[12],13]],[0,"3dz9nmKhRPW4nJ4PJ/WIwk",1,0],[4,4287730065],[5,40.63,40],[177.981,475.964,0,0,0,0,1,1,1,1]],[6,"sans_bold-export copy",10,[[24,"Info",25,false,-215,[14],15]],[0,"a6G8kjs7FBYJ5e/D8iWoi6",1,0],[4,4287730065],[5,41.41,40],[309.599,475.964,0,0,0,0,1,1,1,1]],[26,"sprite_splash",9,[[2,0,-216,[16],17]],[0,"afIqVIKhdF2JOsP4BOKHkQ",1,0],[4,4283119160],[5,720,90]],[5,"time",9,[-217],[0,"e0304COddHVJlgkK7QumXA",1,0],[5,7.81,25],[-265.591,0,0,0,0,0,1,1,1,1]],[30,"-",25,25,false,1,63,[18]],[19,"money",9,[-218],[0,"b6fG/qJnNG2a9kg8xE4IpW",1,0],[4,4278247679],[5,13.28,25],[-30.816,0,0,0,0,0,1,1,1,1]],[30,"0",25,25,false,1,65,[19]],[19,"win",9,[-219],[0,"ffEv7L8vtGgqoi3x1awJmi",1,0],[4,4278247679],[5,13.28,25],[179.374,0,0,0,0,0,1,1,1,1]],[30,"0",25,25,false,1,67,[20]],[7,"btn_detail copy",31,[[15,-220,[21],22]],[0,"942Gghx+tCipDAy2A3AvMe",1,0],[5,90,90]],[7,"bkg",11,[[2,0,-221,[23],24]],[0,"19WFxRlZtOSaMbNdiX1w+Y",1,0],[5,40,40]],[5,"num",11,[-222],[0,"a2+LL0TFJF/bNvlu5qHulP",1,0],[5,33.37,50.4],[-0.885,32.206,0,0,0,0,1,1,1,1]],[11,"10",20,1,1,2,71,[27]],[7,"bkg",12,[[2,0,-223,[28],29]],[0,"9c8154PWVN/bSJqE/c71l/",1,0],[5,40,40]],[5,"num",12,[-224],[0,"5bpJvQZe9PDKSCHQfuleHO",1,0],[5,33.37,50.4],[-0.885,32.206,0,0,0,0,1,1,1,1]],[11,"10",20,1,1,2,74,[32]],[7,"bkg",13,[[2,0,-225,[33],34]],[0,"daoiwE101NK5/162eORgFZ",1,0],[5,40,40]],[5,"num",13,[-226],[0,"05Zrjw8EhLMZL0rMVEin/d",1,0],[5,33.37,50.4],[-0.885,32.206,0,0,0,0,1,1,1,1]],[11,"10",20,1,1,2,77,[37]],[7,"bkg",14,[[2,0,-227,[38],39]],[0,"80zEvJB6hFgYkHcnTd7yX8",1,0],[5,40,40]],[5,"num",14,[-228],[0,"58MPIayHNFypm0y/rPhxAY",1,0],[5,33.37,50.4],[-0.885,32.206,0,0,0,0,1,1,1,1]],[11,"10",20,1,1,2,80,[42]],[7,"bkg",15,[[2,0,-229,[43],44]],[0,"10iMg8NeFNwKZtnrbKkuhO",1,0],[5,40,40]],[5,"num",15,[-230],[0,"4aFu2XsJ1KppE2qOYl4Des",1,0],[5,33.37,50.4],[-0.885,32.206,0,0,0,0,1,1,1,1]],[11,"10",20,1,1,2,83,[47]],[7,"bkg",16,[[2,0,-231,[48],49]],[0,"47CP/wluxB45z1BNur+9+1",1,0],[5,40,40]],[5,"num",16,[-232],[0,"c66qD85jFOPLPZVP6PgUfe",1,0],[5,33.37,50.4],[-0.885,32.206,0,0,0,0,1,1,1,1]],[11,"10",20,1,1,2,86,[52]],[7,"bkg",17,[[2,0,-233,[53],54]],[0,"bctTHWmXZOXalwgDcbb9CH",1,0],[5,40,40]],[5,"num",17,[-234],[0,"85Oa83ECNCda2fMSFZcmUx",1,0],[5,33.37,50.4],[-0.885,32.206,0,0,0,0,1,1,1,1]],[11,"10",20,1,1,2,89,[57]],[79,8,6,23,[[13,"a31b67YozlLjIsM8esGRVzr","onChangePage",1]]],[7,"menupopup-close copy",43,[[15,-235,[62],63]],[0,"84Cfc0M6tKB5bXIC6tikHD",1,0],[5,108,108]],[26,"sprite_splash",2,[[2,0,-236,[64],65]],[0,"f03PNIdgpEjb8uxP6fz69g",1,0],[4,4281871919],[5,720,1280]],[56,"btn_back copy",512,44,[[15,-237,[66],67]],[0,"6f6BRaSjNNhq2+OaKHxSWN",1,0],[5,108,108]],[19,"header",2,[-238],[0,"90RIA20SZNCqzjjV+hcvoj",1,0],[4,4278234623],[5,207.5,40],[12.847,582.413,0,0,0,0,1,1,1,1]],[75,"Spin normal",false,95,[68]],[6,"title",2,[[25,"Total bet",25,false,1,1,-239,[69],70]],[0,"dbwOwez8tIdpRzLE1CNMtj",1,0],[4,4278234623],[5,100,40],[-253.255,447.193,0,0,0,0,1,1,1,1]],[6,"title copy",2,[[25,"Base bet",25,false,1,1,-240,[71],72]],[0,"adqBL5LhtHHJtX1NDZF2Mm",1,0],[4,4278234623],[5,96.88,40],[-90.006,447.193,0,0,0,0,1,1,1,1]],[6,"title",2,[[25,"Win",25,false,1,1,-241,[73],74]],[0,"14bkCjrTxBrIfjHJNgtwXb",1,0],[4,4278234623],[5,40.63,40],[56.419,447.193,0,0,0,0,1,1,1,1]],[6,"title",2,[[25,"Balance",25,false,1,1,-242,[75],76]],[0,"22aAm0Q9dLz4woiRtT46MH",1,0],[4,4278234623],[5,85.16,40],[249.241,447.193,0,0,0,0,1,1,1,1]],[19,"time",2,[-243],[0,"a3a/YLig1ORrPrXbY2qyae",1,0],[4,4288059030],[5,161.72,40],[12.847,537.124,0,0,0,0,1,1,1,1]],[16,"17/18 20:20:00",25,false,1,1,101,[77]],[12,"sprite_splash copy",150,2,[[2,0,-244,[78],79]],[0,"33HUu+sMtPlYI2zwUpE1xr",1,0],[4,4286479998],[5,720,5],[0,497.173,0,0,0,0,1,1,1,1]],[12,"sprite_splash copy",150,2,[[2,0,-245,[80],81]],[0,"b0MzhaKXhHPp7vyOFr8Hdv",1,0],[4,4286479998],[5,720,5],[0,365.921,0,0,0,0,1,1,1,1]],[5,"lbBet",2,[-246],[0,"42XyjDVBhETIRMI/fyqDXS",1,0],[5,7.81,40],[-259.679,401.265,0,0,0,0,1,1,1,1]],[16,"-",25,false,1,1,105,[82]],[5,"lbBet copy",2,[-247],[0,"9e4fnRAdVIM4wncmkvD8b8",1,0],[5,7.81,40],[-96.43,401.265,0,0,0,0,1,1,1,1]],[16,"-",25,false,1,1,107,[83]],[5,"lbWin",2,[-248],[0,"dcDDf4+mhK6LlK8nvyQo8z",1,0],[5,7.81,40],[58.8,401.265,0,0,0,0,1,1,1,1]],[16,"-",25,false,1,1,109,[84]],[5,"lbMnUser",2,[-249],[0,"8fAe4aG81NvbzG/GjOvDlr",1,0],[5,7.81,40],[251.622,401.265,0,0,0,0,1,1,1,1]],[16,"-",25,false,1,1,111,[85]],[60,"bar",512,18,[-250],[0,"650ohVf8ZOtZcFwDAG0Xo+",1,0],[5,10,30],[0,1,0],[-1,0,0,0,0,0,1,1,1,1]],[72,1,0,113,[86]],[80,1,18,114],[81,false,0.75,0.23,null,24,25,115],[57,"Node",5,[-251],[0,"73rhlNLQREo5lOKGkrEUxn",1,0],[5,100,0],[0,239.10000000000002,0,0,0,0,1,1,1,1]],[3,"main_reel_frame",117,[[73,0,false,-252,[90],91]],[0,"feCur4hOJB2K9BZU1AZJKV",1,0],[5,709,572.40125],[-3,-372.7905,0,0,0,0,1,0.8,0.8,1]],[12,"line",90,19,[[2,0,-253,[92],93]],[0,"3bfbiA+aBER4f7E5o2NvKt",1,0],[4,4278190080],[5,250,4],[-178.75640000000004,8.344,0,0,0,0,1,1,1,1]],[3,"lb",19,[[44,"Trả thưởng",28,70,1,1,-254,[94]]],[0,"c78mcWXuNAgKiRl85dRJrN",1,0],[5,140.34,88.2],[26.41359999999996,10.021,0,0,0,0,1,0.825,0.825,1]],[12,"line copy",90,19,[[2,0,-255,[95],96]],[0,"4dnzBh7MxMiqjl41hz2xfN",1,0],[4,4278190080],[5,250,4],[231.58359999999996,8.344,0,0,0,0,1,1,1,1]],[36,"wild_vfx_c_screen",47,[[8,1,-256,[97],98]],[1,"d1ecX0jKFDg4/j2F+YQ31m",3],[5,182,161],[0,-44.214,0,0,0,1,6.123233995736766e-17,-1,1,1],[1,0,0,180]],[3,"wild_vfx_c_screen",48,[[8,1,-257,[101],102]],[1,"99rw9x2+xC7ogFJevHpADI",3],[5,182,161],[0,-44.214,0,0,0,0,1,-1,1,1]],[3,"ScatterglowDown",20,[[8,1,-258,[105],106]],[1,"c5epLQB9lIA4swuoywT9Ap",3],[5,244,137],[0,-90,0,0,0,0,1,1,1,1]],[3,"ScatterglowUp",20,[[8,1,-259,[107],108]],[1,"c0jTkNweRHb7qReuo+WNJw",3],[5,244,137],[0,90,0,0,0,0,1,1,-1,1]],[20,"h_block_a_bluecocktail",3,[-260],[1,"81MCfm2f5BSaWoW2vXS39Z",3],[5,350,598]],[23,2,false,126,[111]],[20,"icon",3,[-261],[1,"a4wFlp08ZJzrdDQjYDlpwF",3],[5,350,598]],[23,2,false,128,[112]],[38,"spine",3,[-262],[1,"bfO1SBi4hE85xEll0g734f",3]],[46,130,[113]],[3,"ItemQuyBa copy",7,[[14,-263]],[0,"d7j6zClb5OAo94VHrfsUq2",1,0],[5,175,550.093],[-172.5,0,0,0,0,0,1,1,1,1]],[3,"ItemQuyBa copy",7,[[14,-264]],[0,"2cViSnyjROM6qx3H6y0DyX",1,0],[5,175,550.093],[-57.5,0,0,0,0,0,1,1,1,1]],[3,"ItemQuyBa copy",7,[[14,-265]],[0,"1b5sX7Uk1LVpEJAunmbZji",1,0],[5,175,550.093],[57.5,0,0,0,0,0,1,1,1,1]],[3,"ItemQuyBa copy",7,[[14,-266]],[0,"18F4dkRstL9pahLosFiUzv",1,0],[5,175,550.093],[172.5,0,0,0,0,0,1,1,1,1]],[3,"ItemQuyBa copy",7,[[14,-267]],[0,"7dzZdXUAVGE4VFU6uMbrRu",1,0],[5,175,550.093],[287.5,0,0,0,0,0,1,1,1,1]],[3,"BottleBar",27,[[15,-268,[115],116]],[0,"3c7c07RDZHv79PYQn2ZOpS",1,0],[5,493,71],[27.894,-24.631,0,0,0,0,1,1,1,1]],[58,"posAddMoney",27,[0,"7fFHc4TlZINrTTRTsDnetr",1,0],[-70.988,-192.511,0,0,0,0,1,1,1,1]],[82,true,49,138,50],[5,"lbKhongCogi",5,[-269],[0,"beu7n9AxNEcop6OBb05x8q",1,0],[5,533.28,50.4],[1.724,-592.1,0,0,0,0,1,0.825,0.825,1]],[45,"Không có kết hợp chiến thắng",1,1,140,[119]],[37,"lbX",155,28,[[45,"Số nhân chiến thắng x",1,1,-270,[120]]],[0,"34z63x855PuJCnFZ9RrWqT",1,0],[5,398.09,50.4],[-21.965000000000003,0,0,0,0,0,1,1,1,1]],[37,"lb",155,28,[[44,"1",70,70,1,1,-271,[121]]],[0,"42o27TkVFDPK5srER7D0Dc",1,0],[5,38.93,88.2],[201.545,0,0,0,0,0,1,1,1,1]],[36,"wild_vfx_c_screen",52,[[8,1,-272,[122],123]],[1,"d1ecX0jKFDg4/j2F+YQ31m",4],[5,182,161],[0,-44.214,0,0,0,1,6.123233995736766e-17,-1,1,1],[1,0,0,180]],[3,"wild_vfx_c_screen",53,[[8,1,-273,[126],127]],[1,"99rw9x2+xC7ogFJevHpADI",4],[5,182,161],[0,-44.214,0,0,0,0,1,-1,1,1]],[3,"ScatterglowDown",22,[[8,1,-274,[130],131]],[1,"c5epLQB9lIA4swuoywT9Ap",4],[5,244,137],[0,-90,0,0,0,0,1,1,1,1]],[3,"ScatterglowUp",22,[[8,1,-275,[132],133]],[1,"c0jTkNweRHb7qReuo+WNJw",4],[5,244,137],[0,90,0,0,0,0,1,1,-1,1]],[20,"h_block_a_bluecocktail",4,[-276],[1,"81MCfm2f5BSaWoW2vXS39Z",4],[5,350,598]],[23,2,false,148,[136]],[20,"icon",4,[-277],[1,"a4wFlp08ZJzrdDQjYDlpwF",4],[5,350,598]],[23,2,false,150,[137]],[38,"spine",4,[-278],[1,"bfO1SBi4hE85xEll0g734f",4]],[46,152,[138]],[27,"lbConsecutive",155,21,[[76,"Bộ ba",35,1,1,-279,[139]]],[0,"0fELoL829K8KooRrKaIJEV",1,0],[5,91.46,50.4],[0,0,0.5],[78,26.517,0,0,0,0,1,1,1,1]],[27,"lbDuong",155,21,[[77,"Bộ ba",25,-280,[140]]],[0,"f6wjYzzeJG5rkNmGP2IRAN",1,0],[5,65.33,50.4],[0,0,0.5],[78,-30.792,0,0,0,0,1,1,1,1]],[27,"lbTotalGold",155,21,[[78,"Bộ ba",25,1,-281,[141]]],[0,"dbRQ/TUCFNraKS3dql+FB+",1,0],[5,65.33,50.4],[0,1,0.5],[614.007,2.939,0,0,0,0,1,1,1,1]],[83,2,25,5,96,102,106,110,112,108]],0,[0,6,1,0,14,157,0,15,91,0,0,1,0,-1,54,0,-2,55,0,-3,56,0,-4,57,0,-5,10,0,-6,8,0,-7,43,0,-8,2,0,-1,157,0,-1,93,0,-2,44,0,-3,95,0,-4,97,0,-5,98,0,-6,99,0,-7,100,0,-8,101,0,-9,103,0,-10,104,0,-11,105,0,-12,107,0,-13,109,0,-14,111,0,-15,24,0,-16,5,0,6,3,0,8,131,0,9,26,0,10,20,0,11,127,0,12,129,0,0,3,0,-1,26,0,-2,20,0,-3,126,0,-4,128,0,-5,130,0,6,4,0,8,153,0,9,30,0,10,22,0,11,149,0,12,151,0,0,4,0,-1,30,0,-2,22,0,-3,148,0,-4,150,0,-5,152,0,0,5,0,16,139,0,17,29,0,18,7,0,19,141,0,20,51,0,0,5,0,-1,117,0,-2,19,0,-3,7,0,-4,49,0,-5,140,0,-6,51,0,-7,29,0,0,6,0,-1,11,0,-2,12,0,-3,13,0,-4,14,0,-5,15,0,-6,16,0,-7,17,0,0,7,0,0,7,0,-1,46,0,-2,132,0,-3,133,0,-4,134,0,-5,135,0,-6,136,0,-1,91,0,-1,23,0,-3,39,0,-4,41,0,21,68,0,22,66,0,23,64,0,0,9,0,-1,62,0,-2,63,0,-3,65,0,-4,67,0,-5,31,0,-1,58,0,-2,59,0,-3,60,0,-4,61,0,4,32,0,5,72,0,0,11,0,-1,70,0,-2,32,0,-3,71,0,4,33,0,5,75,0,0,12,0,-1,73,0,-2,33,0,-3,74,0,4,34,0,5,78,0,0,13,0,-1,76,0,-2,34,0,-3,77,0,4,35,0,5,81,0,0,14,0,-1,79,0,-2,35,0,-3,80,0,4,36,0,5,84,0,0,15,0,-1,82,0,-2,36,0,-3,83,0,4,37,0,5,87,0,0,16,0,-1,85,0,-2,37,0,-3,86,0,4,38,0,5,90,0,0,17,0,-1,88,0,-2,38,0,-3,89,0,-1,115,0,0,18,0,0,18,0,-1,113,0,0,19,0,-1,119,0,-2,120,0,-3,121,0,0,20,0,-1,124,0,-2,125,0,-2,154,0,-3,155,0,-4,156,0,0,22,0,-1,146,0,-2,147,0,0,23,0,-1,116,0,-2,45,0,0,25,0,-1,47,0,-2,48,0,-1,137,0,-2,50,0,-3,138,0,0,28,0,-1,142,0,-2,143,0,0,29,0,-1,52,0,-2,53,0,0,31,0,-1,69,0,0,32,0,0,33,0,0,34,0,0,35,0,0,36,0,0,37,0,0,38,0,13,40,0,0,39,0,-1,40,0,0,40,0,13,42,0,0,41,0,-1,42,0,0,42,0,0,43,0,-1,92,0,0,44,0,-1,94,0,0,45,0,0,46,0,0,47,0,-1,122,0,0,48,0,-1,123,0,-1,139,0,0,50,0,0,52,0,-1,144,0,0,53,0,-1,145,0,0,54,0,0,55,0,0,56,0,0,57,0,0,58,0,0,59,0,0,60,0,0,61,0,0,62,0,-1,64,0,-1,66,0,-1,68,0,0,69,0,0,70,0,-1,72,0,0,73,0,-1,75,0,0,76,0,-1,78,0,0,79,0,-1,81,0,0,82,0,-1,84,0,0,85,0,-1,87,0,0,88,0,-1,90,0,0,92,0,0,93,0,0,94,0,-1,96,0,0,97,0,0,98,0,0,99,0,0,100,0,-1,102,0,0,103,0,0,104,0,-1,106,0,-1,108,0,-1,110,0,-1,112,0,-1,114,0,-1,118,0,0,118,0,0,119,0,0,120,0,0,121,0,0,122,0,0,123,0,0,124,0,0,125,0,-1,127,0,-1,129,0,-1,131,0,0,132,0,0,133,0,0,134,0,0,135,0,0,136,0,0,137,0,-1,141,0,0,142,0,0,143,0,0,144,0,0,145,0,0,146,0,0,147,0,-1,149,0,-1,151,0,-1,153,0,0,154,0,0,155,0,0,156,0,24,1,3,3,46,4,3,21,6,3,8,9,3,23,18,3,24,21,3,29,25,3,45,27,3,49,28,3,51,115,25,116,281],[0,0,0,0,0,0,0,0,0,0,0,0,0,0,0,0,0,0,0,0,0,0,0,0,0,0,0,0,0,0,0,0,0,0,0,0,0,0,0,0,0,0,0,0,0,0,0,0,0,0,0,0,0,0,0,0,0,0,0,0,0,0,0,0,0,0,0,0,0,0,0,0,0,0,0,0,0,0,0,0,0,0,0,0,0,0,0,0,0,0,0,0,0,0,0,0,0,0,0,0,0,0,0,0,0,0,0,0,0,0,0,0,0,0,0,0,0,0,0,0,0,0,0,0,0,0,0,0,0,0,0,0,0,0,0,0,0,0,0,0,0,0,64,66,68,96,102,106,108,110,112,114,127,149,151],[-1,1,-1,2,-1,1,-1,1,-1,2,-1,2,-1,2,-1,2,-1,1,-1,-1,-1,-1,1,-1,1,-1,1,-1,-1,1,-1,1,-1,-1,1,-1,1,-1,-1,1,-1,1,-1,-1,1,-1,1,-1,-1,1,-1,1,-1,-1,1,-1,1,-1,-1,1,-1,1,-1,1,-1,1,-1,1,-1,-1,2,-1,2,-1,2,-1,2,-1,-1,1,-1,1,-1,-1,-1,-1,-1,-1,-1,1,-1,1,-1,1,-1,-1,1,-1,1,-1,1,-1,1,-1,1,-1,1,-1,1,-1,-2,-1,-1,-1,-1,-1,1,-1,1,-1,-1,-1,-1,1,-1,1,-1,1,-1,1,-1,1,-1,1,-1,-2,-1,-1,-1,-1,-1,-1,2,2,2,2,2,2,2,2,2,1,1,1,1],[0,2,0,1,0,2,0,2,0,1,0,1,0,1,0,1,0,2,0,0,0,0,8,0,3,0,4,0,0,3,0,4,0,0,3,0,4,0,0,3,0,4,0,0,3,0,4,0,0,3,0,4,0,0,3,0,4,0,0,8,0,8,0,9,0,2,0,9,0,0,1,0,1,0,1,0,1,0,0,2,0,2,0,0,0,0,0,0,0,15,0,16,0,2,0,0,2,0,5,0,6,0,5,0,6,0,7,0,7,10,11,0,0,12,0,0,17,0,18,0,0,0,0,5,0,6,0,5,0,6,0,7,0,7,10,11,0,0,12,0,0,0,1,1,1,1,1,1,1,1,1,19,13,13,20]],[[{"name":"bgItem","rect":[0,0,600,479],"offset":[0,0],"originalSize":[600,479],"capInsets":[0,0,0,0]}],[6],0,[0],[7],[21]]]]