[1,["ecpdLyjvZBwrvm+cedCcQy","ecKg18b4pK36Tq/oGtLVEH","1dIj2JietDDo98yHqUBYbv","b0bhjsq6tAR6OjPGgbvie8","f1gwJA41FEAaJ3z03R91rV","0d3LwyPP9DPpvqbaLb/7PB","96dwyGRfJLULTP5a47YYJX","f882YN2dZAvLFlF7kW0zum","dcWMrTn51O/J7cuOzxjlmW","7a/QZLET9IDreTiBfRn2PD"],["node","_spriteFrame","_defaultClip","root","data"],[["cc.Node",["_name","_active","_components","_prefab","_contentSize","_parent","_trs","_children"],1,9,4,5,1,7,2],["cc.Sprite",["_dstBlendFactor","_isTrimmedMode","_sizeMode","_type","node","_materials","_spriteFrame"],-1,1,3,6],["cc.PrefabInfo",["fileId","root","asset"],2,1,1],["cc.Prefab",["_name"],2],["cc.Animation",["playOnLoad","node","_clips","_defaultClip"],2,1,3,6],["9dab7hWY5RCSIXqKYlBqqSS",["node"],3,1],["sp.Skeleton",["node","_materials"],3,1,3],["cc.AnimationClip",["_name","_duration","sample","curveData"],-1]],[[2,0,1,2,2],[0,0,5,2,3,4,6,2],[1,0,2,1,4,5,6,4],[4,0,1,2,3,2],[3,0,2],[0,0,7,2,3,4,6,2],[0,0,5,2,3,4,2],[0,0,1,5,2,3,4,3],[0,0,1,5,2,3,3],[5,0,1],[2,1,2,1],[1,0,4,5,6,2],[1,0,3,2,1,4,5,6,5],[1,1,4,5,2],[6,0,1,1],[7,0,1,2,3,5]],[[[[4,"TakeSymbol1"],[5,"TakeSymbol1",[-4,-5,-6,-7,-8,-9,-10,-11,-12],[[3,true,-2,[21],20],[9,-3]],[10,-1,0],[5,175,165],[0,0,0,0,0,0,1,0.666667,0.666667,1]],[1,"wh_vfx_b_screen_00_up",1,[[2,1,2,false,-13,[10],11],[3,true,-14,[13],12]],[0,"70ZpFMYGxGzZ6YEgmPwnAI",1,0],[5,175,140],[0,6.163,0,0,0,0,1,1.45,1.45,1]],[1,"wh_vfx_b_screen_00_down",1,[[2,1,2,false,-15,[14],15],[3,true,-16,[17],16]],[0,"4dhs4sVthBLq8+lxKrhhuu",1,0],[5,175,140],[0,-9.378,0,0,0,0,1,1.45,-1.45,1]],[1,"wh_vfx_d_screen_01",1,[[11,1,-17,[0],1]],[0,"6bMYs8MBdCvZmoShrwNRLn",1,0],[5,175,175],[0,0,0,0,0,0,1,1.45,1.45,1]],[6,"gfs_vfx_a_screen_00",1,[[2,1,2,false,-18,[2],3]],[0,"51nFMs0SNLvpl3qpqIk3f5",1,0],[5,324,510]],[1,"wh_vfx_a_screen",1,[[12,1,1,0,false,-19,[4],5]],[0,"45smt3I2JMdL9BjXijxaHP",1,0],[5,389.469974,396.340536],[-0.561,-1.838249,0,0,0,0,1,1,1,1]],[1,"wh_vfx_f_add_01_01",1,[[2,1,2,false,-20,[6],7]],[0,"daS1YQMqNKQbOsO+9xYZJI",1,0],[5,210,210],[0,0,0,0,0,0,1,1.45,1.45,1]],[1,"wh_particle_add_01_00",1,[[2,1,2,false,-21,[8],9]],[0,"51p2Re4ltBcpI4qhsGaF8T",1,0],[5,150,250],[0,0,0,0,0,0,1,1.3,1.3,1]],[7,"item",false,1,[[13,false,-22,[18]]],[0,"26s6TIMjlB+bFZ5p8Vjq/d",1,0],[5,40,36]],[8,"spine",false,1,[[14,-23,[19]]],[0,"38hE6woj1Nkr1fia+Xok9P",1,0]]],0,[0,3,1,0,0,1,0,0,1,0,-1,4,0,-2,5,0,-3,6,0,-4,7,0,-5,8,0,-6,2,0,-7,3,0,-8,9,0,-9,10,0,0,2,0,0,2,0,0,3,0,0,3,0,0,4,0,0,5,0,0,6,0,0,7,0,0,8,0,0,9,0,0,10,0,4,1,23],[0,0,0,0,0,0,0,0,0,0,0,0,0,0,0,0,0,0,0,0,0,0],[-1,1,-1,1,-1,1,-1,1,-1,1,-1,1,2,-1,-1,1,2,-1,-1,-1,2,-1],[0,4,0,5,0,6,0,7,0,8,0,2,1,1,0,2,1,1,0,9,3,3]],[[[15,"TakeSymbol1",0.25,40,{"paths":{"wh_vfx_d_screen_01":{"props":{"opacity":[{"frame":0,"value":0},{"frame":0.25,"value":255}]}},"gfs_vfx_a_screen_00":{"comps":{"cc.Sprite":{"spriteFrame":[{"frame":0,"value":null}]}}},"wh_vfx_a_screen":{"props":{"opacity":[{"frame":0,"value":0},{"frame":0.25,"value":255}]}},"wh_vfx_f_add_01_01":{"props":{"opacity":[{"frame":0,"value":0},{"frame":0.25,"value":255}]}}}}]],0,0,[],[],[]]]]