[1,["9d/ofDO+BC/4arLMbHekBx","e9JUHsHWpBpLf/gx3OScle","fesaVgG+dC/Kad5RQhZny3","54ujYuMhZEE54RLV+U6XJ/","48MPi305ZIH5700QjaWIWD","ecJz2i7q1ICZCc5MDEihSW","90rxdXeW9Pe5AONpMvFR1E","1656TpXV9NqZ64HgD9rrkq","198DQpHsxNRIu1/hM739UJ","0dOp+rTQZB65rls7iUO/UF","09k4D3wxNM05pqUvHa1sNP","d0xFl7uPRK3Jel356nrZIg","5ba0OEORFA3ITbut+keIvI","1ddtgh1BhAo4NXrhE40rpL","e5t3xFdYpF+pDYlfEHJkIC","f8b3+SHzhA9a+QJmcEPQ9w","73CMSGJKBALo+Y8WUeQu5R","db8behTylD3qC+4TlE+e0K"],["value"],[["cc.AnimationClip",["_name","_duration","sample","wrapMode","curveData"],-1,11]],[[0,0,1,2,3,4,5]],[[0,"EffectBgMult2",0.75,24,2,[{},"paths",11,[{},"mtp_sym_bg_a_screen_00",11,[{},"comps",11,[{},"cc.Sprite",11,[{},"spriteFrame",12,[[[{"frame":0},"value",6,0],[{"frame":0.041666666666666664},"value",6,1],[{"frame":0.08333333333333333},"value",6,2],[{"frame":0.125},"value",6,3],[{"frame":0.16666666666666666},"value",6,4],[{"frame":0.20833333333333334},"value",6,5],[{"frame":0.25},"value",6,6],[{"frame":0.2916666666666667},"value",6,7],[{"frame":0.3333333333333333},"value",6,8],[{"frame":0.375},"value",6,9],[{"frame":0.4166666666666667},"value",6,10],[{"frame":0.4583333333333333},"value",6,11],[{"frame":0.5},"value",6,12],[{"frame":0.5416666666666666},"value",6,13],[{"frame":0.5833333333333334},"value",6,14],[{"frame":0.625},"value",6,15],[{"frame":0.6666666666666666},"value",6,16],[{"frame":0.7083333333333334},"value",6,17]],11,11,11,11,11,11,11,11,11,11,11,11,11,11,11,11,11,11]]]]]]]],0,0,[0,0,0,0,0,0,0,0,0,0,0,0,0,0,0,0,0,0],[0,0,0,0,0,0,0,0,0,0,0,0,0,0,0,0,0,0],[0,1,2,3,4,5,6,7,8,9,10,11,12,13,14,15,16,17]]