[1,["c3AfUyhgBBGr44Mysfs2VJ"],["_textureSetter"],["cc.SpriteFrame"],0,[[[{"name":"payline_c_3","rect":[1,43,120,40],"offset":[0,0],"originalSize":[120,40],"rotated":1,"capInsets":[0,0,0,0]}],[0],0,[0],[0],[0]],[[{"name":"payline_c_5","rect":[85,123,120,40],"offset":[0,0],"originalSize":[120,40],"capInsets":[0,0,0,0]}],[0],0,[0],[0],[0]],[[{"name":"payline_c_4","rect":[43,43,120,40],"offset":[0,0],"originalSize":[120,40],"rotated":1,"capInsets":[0,0,0,0]}],[0],0,[0],[0],[0]],[[{"name":"payline_c_6","rect":[165,1,120,40],"offset":[0,0],"originalSize":[120,40],"rotated":1,"capInsets":[0,0,0,0]}],[0],0,[0],[0],[0]],[[{"name":"payline_c_7","rect":[1,165,120,40],"offset":[0,0],"originalSize":[120,40],"capInsets":[0,0,0,0]}],[0],0,[0],[0],[0]],[[{"name":"payline_c_1","rect":[1,1,120,40],"offset":[0,0],"originalSize":[120,40],"capInsets":[0,0,0,0]}],[0],0,[0],[0],[0]]]]