[1,["3bREkn/hhA8p0nN1O/Rfyz","75RXnxX+pNFputOIvlxZtp","c8HErRx1RFF5QwlzrEGaWX","68+E8u35FE05kHX5Uote6v","a1UgaK7/5OOp5eB3MgLJ2Y","78uZ+AI6lFcL1vdz49BUkY","d1pZg+7FJJHZRHUPRLC/RP","08abABxXNCuKzdTc0ADVkw","f3ohW3QrhM/p6Q2FA9G/63","83NprbnzFPCoIS3imjPU5t"],["water_splash_screen","smw_e_screen","bw_vfx_i_screen_03","bw_vfx_d_screen_03","smw_a","smw_b","smw_b_02","bw_vfx_h_screen_03","bw_vfx_b_screen_03","_textureSetter"],["cc.SpriteFrame",["cc.SpriteAtlas",["_name","_spriteFrames"],2,11]],[[1,0,1,2]],[[[[0,"Alats34.plist",[{},"water_splash_screen",6,0,"smw_e_screen",6,1,"bw_vfx_i_screen_03",6,2,"bw_vfx_d_screen_03",6,3,"smw_a",6,4,"smw_b",6,5,"smw_b_02",6,6,"bw_vfx_h_screen_03",6,7,"bw_vfx_b_screen_03",6,8]]],0,0,[0,0,0,0,0,0,0,0,0],[0,1,2,3,4,5,6,7,8],[0,1,2,3,4,5,6,7,8]],[[{"name":"bw_vfx_d_screen_03","rect":[550,1223,596,336],"offset":[0,0],"originalSize":[596,336],"capInsets":[0,0,0,0]}],[0],0,[0],[9],[9]]]]