[1,["a3n/m9aeVAp6DGUbFouJaT"],["_textureSetter"],["cc.SpriteFrame"],0,[[[{"name":"sb_auto","rect":[1,1,207,207],"offset":[0,0],"originalSize":[207,207],"capInsets":[0,0,0,0]}],[0],0,[0],[0],[0]],[[{"name":"sb_button","rect":[1,210,196,196],"offset":[0,0],"originalSize":[196,196],"capInsets":[0,0,0,0]}],[0],0,[0],[0],[0]],[[{"name":"sb_arrow_blur","rect":[347,1,135,142],"offset":[0,0],"originalSize":[135,142],"capInsets":[0,0,0,0]}],[0],0,[0],[0],[0]],[[{"name":"sb_arrow","rect":[210,1,135,142],"offset":[0,0],"originalSize":[135,142],"capInsets":[0,0,0,0]}],[0],0,[0],[0],[0]]]]