[1,["71I83A9p1IiIBYcqYc6u3L","555ZU/hxRPQKmOB6yYNJKB","99fNV2fBNEroRxTIVC3lWb","7cg67A0nVHaY7bdMKdG340","80wwC2S8BDUrIwPzHxpNT8","9aQ0MOhgtGqqCLpqt9kQrF","3dS5XPPdRELoTM3idB0DjQ","7cVI0m82tBmJvfzsev/rwr","440Dd9VVZFWJZl+9gz96WW","abynUNaSlJM7GV7bZW1Gdr","dd6VsA1wdJCY04rtYT+zTU","66Ku+ashdFYKUwSVTtYlSV","7aGdam/blMo5UM/MEBXFfW","dfbP8m+wFPdoYcTzshDCIx","52UfmYa+hKyI8fRww7W0EE","93kcs5C+FJ9pIlBQ6/RFPw","78wG4KCa5EDZ+wUlV6/sRQ","b11F9AIXZASqq5xWVGiMOZ","ceE2bz7MJHCZX5SzqAC/cw","d9of7zyBFI35Q4PWRAyPeU","964xchXpZMbYSavSArvbaN","b3XQKNG0pBtYmNFH5MPObr","e9k3+mOelAXbpMJbSH8RiD","91fAwWl8JALI28gWz1f/+e","1avNKadcFLiInx9O1vFr6y","7cGkeMSMtPfrxq6ZlQ2JP2","b4mDIn+QBLE6GMppGn1WUM","d6+ti5B+JCKYmlciHblJfM","11vRWisSRLTIygw0SZDdy5","0d3LwyPP9DPpvqbaLb/7PB"],["_textureSetter","gfs_vfx_a_screen_25","gfs_vfx_a_screen_07","gfs_vfx_a_screen_20","gfs_vfx_a_screen_18","gfs_vfx_a_screen_05","gfs_vfx_a_screen_04","gfs_vfx_a_screen_19","gfs_vfx_a_screen_14","gfs_vfx_a_screen_26","gfs_vfx_a_screen_03","gfs_vfx_a_screen_16","gfs_vfx_a_screen_17","gfs_vfx_a_screen_11","gfs_vfx_a_screen_28","gfs_vfx_a_screen_21","gfs_vfx_a_screen_27","gfs_vfx_a_screen_08","gfs_vfx_a_screen_22","gfs_vfx_a_screen_09","gfs_vfx_a_screen_10","gfs_vfx_a_screen_01","gfs_vfx_a_screen_23","gfs_vfx_a_screen_02","gfs_vfx_a_screen_12","gfs_vfx_a_screen_24","gfs_vfx_a_screen_13","gfs_vfx_a_screen_06","gfs_vfx_a_screen_15","gfs_vfx_a_screen_00"],["cc.SpriteFrame",["cc.SpriteAtlas",["_name","_spriteFrames"],2,11]],[[1,0,1,2]],[[[{"name":"gfs_vfx_a_screen_15","rect":[639,1,324,500],"offset":[0,-4],"originalSize":[324,510],"rotated":1,"capInsets":[0,0,0,0]}],[0],0,[0],[0],[0]],[[{"name":"gfs_vfx_a_screen_12","rect":[327,1085,320,448],"offset":[-2,-10],"originalSize":[324,510],"capInsets":[0,0,0,0]}],[0],0,[0],[0],[0]],[[{"name":"gfs_vfx_a_screen_04","rect":[637,327,280,400],"offset":[-11,35],"originalSize":[324,510],"rotated":1,"capInsets":[0,0,0,0]}],[0],0,[0],[0],[0]],[[{"name":"gfs_vfx_a_screen_14","rect":[1141,1,324,484],"offset":[0,-6],"originalSize":[324,510],"rotated":1,"capInsets":[0,0,0,0]}],[0],0,[0],[0],[0]],[[{"name":"gfs_vfx_a_screen_28","rect":[1627,285,324,356],"offset":[0,-57],"originalSize":[324,510],"rotated":1,"capInsets":[0,0,0,0]}],[0],0,[0],[0],[0]],[[{"name":"gfs_vfx_a_screen_25","rect":[1265,1157,322,410],"offset":[-1,-22],"originalSize":[324,510],"capInsets":[0,0,0,0]}],[0],0,[0],[0],[0]],[[{"name":"gfs_vfx_a_screen_16","rect":[1,1,324,510],"offset":[0,0],"originalSize":[324,510],"capInsets":[0,0,0,0]}],[0],0,[0],[0],[0]],[[{"name":"gfs_vfx_a_screen_27","rect":[1285,743,322,412],"offset":[-1,-25],"originalSize":[324,510],"capInsets":[0,0,0,0]}],[0],0,[0],[0],[0]],[[{"name":"gfs_vfx_a_screen_17","rect":[1,513,324,510],"offset":[0,0],"originalSize":[324,510],"capInsets":[0,0,0,0]}],[0],0,[0],[0],[0]],[[{"name":"gfs_vfx_a_screen_24","rect":[933,1531,320,420],"offset":[0,-15],"originalSize":[324,510],"capInsets":[0,0,0,0]}],[0],0,[0],[0],[0]],[[{"name":"gfs_vfx_a_screen_19","rect":[327,611,324,472],"offset":[0,-16],"originalSize":[324,510],"capInsets":[0,0,0,0]}],[0],0,[0],[0],[0]],[[{"name":"gfs_vfx_a_screen_20","rect":[1589,1237,316,410],"offset":[4,-31],"originalSize":[324,510],"rotated":1,"capInsets":[0,0,0,0]}],[0],0,[0],[0],[0]],[[{"name":"gfs_vfx_a_screen_18","rect":[1,1025,324,510],"offset":[0,0],"originalSize":[324,510],"capInsets":[0,0,0,0]}],[0],0,[0],[0],[0]],[[{"name":"gfs_vfx_a_screen_02","rect":[1569,1569,250,318],"offset":[-15,31],"originalSize":[324,510],"capInsets":[0,0,0,0]}],[0],0,[0],[0],[0]],[[{"name":"gfs_vfx_a_screen_21","rect":[1609,927,308,392],"offset":[-1,-20],"originalSize":[324,510],"rotated":1,"capInsets":[0,0,0,0]}],[0],0,[0],[0],[0]],[[{"name":"gfs_vfx_a_screen_10","rect":[949,1079,314,418],"offset":[-5,-10],"originalSize":[324,510],"capInsets":[0,0,0,0]}],[0],0,[0],[0],[0]],[[{"name":"gfs_vfx_a_screen_07","rect":[979,611,304,452],"offset":[-9,29],"originalSize":[324,510],"capInsets":[0,0,0,0]}],[0],0,[0],[0],[0]],[[{"name":"gfs_vfx_a_screen_05","rect":[639,1535,292,428],"offset":[-12,35],"originalSize":[324,510],"capInsets":[0,0,0,0]}],[0],0,[0],[0],[0]],[[{"name":"gfs_vfx_a_screen_26","rect":[1285,327,322,414],"offset":[-1,-23],"originalSize":[324,510],"capInsets":[0,0,0,0]}],[0],0,[0],[0],[0]],[[{"name":"gfs_vfx_a_screen_08","rect":[327,1,308,460],"offset":[-8,25],"originalSize":[324,510],"capInsets":[0,0,0,0]}],[0],0,[0],[0],[0]],[[{"name":"gfs_vfx_a_screen_01","rect":[1039,327,200,248],"offset":[-8,24],"originalSize":[324,510],"capInsets":[0,0,0,0]}],[0],0,[0],[0],[0]],[[{"name":"gfs_vfx_a_screen_13","rect":[653,611,324,466],"offset":[0,-8],"originalSize":[324,510],"capInsets":[0,0,0,0]}],[0],0,[0],[0],[0]],[[[0,"Alats47.plist",[{},"gfs_vfx_a_screen_25",6,0,"gfs_vfx_a_screen_07",6,1,"gfs_vfx_a_screen_20",6,2,"gfs_vfx_a_screen_18",6,3,"gfs_vfx_a_screen_05",6,4,"gfs_vfx_a_screen_04",6,5,"gfs_vfx_a_screen_19",6,6,"gfs_vfx_a_screen_14",6,7,"gfs_vfx_a_screen_26",6,8,"gfs_vfx_a_screen_03",6,9,"gfs_vfx_a_screen_16",6,10,"gfs_vfx_a_screen_17",6,11,"gfs_vfx_a_screen_11",6,12,"gfs_vfx_a_screen_28",6,13,"gfs_vfx_a_screen_21",6,14,"gfs_vfx_a_screen_27",6,15,"gfs_vfx_a_screen_08",6,16,"gfs_vfx_a_screen_22",6,17,"gfs_vfx_a_screen_09",6,18,"gfs_vfx_a_screen_10",6,19,"gfs_vfx_a_screen_01",6,20,"gfs_vfx_a_screen_23",6,21,"gfs_vfx_a_screen_02",6,22,"gfs_vfx_a_screen_12",6,23,"gfs_vfx_a_screen_24",6,24,"gfs_vfx_a_screen_13",6,25,"gfs_vfx_a_screen_06",6,26,"gfs_vfx_a_screen_15",6,27,"gfs_vfx_a_screen_00",6,28]]],0,0,[0,0,0,0,0,0,0,0,0,0,0,0,0,0,0,0,0,0,0,0,0,0,0,0,0,0,0,0,0],[1,2,3,4,5,6,7,8,9,10,11,12,13,14,15,16,17,18,19,20,21,22,23,24,25,26,27,28,29],[1,2,3,4,5,6,7,8,9,10,11,12,13,14,15,16,17,18,19,20,21,22,23,24,25,26,27,28,29]],[[{"name":"gfs_vfx_a_screen_22","rect":[1609,611,314,398],"offset":[0,-20],"originalSize":[324,510],"rotated":1,"capInsets":[0,0,0,0]}],[0],0,[0],[0],[0]],[[{"name":"gfs_vfx_a_screen_06","rect":[649,1085,298,444],"offset":[-10,33],"originalSize":[324,510],"capInsets":[0,0,0,0]}],[0],0,[0],[0],[0]],[[{"name":"gfs_vfx_a_screen_09","rect":[1255,1569,312,404],"offset":[-6,-10],"originalSize":[324,510],"capInsets":[0,0,0,0]}],[0],0,[0],[0],[0]],[[{"name":"gfs_vfx_a_screen_03","rect":[1627,1,282,366],"offset":[-20,35],"originalSize":[324,510],"rotated":1,"capInsets":[0,0,0,0]}],[0],0,[0],[0],[0]],[[{"name":"gfs_vfx_a_screen_11","rect":[321,1537,316,432],"offset":[-4,-11],"originalSize":[324,510],"capInsets":[0,0,0,0]}],[0],0,[0],[0],[0]],[[{"name":"gfs_vfx_a_screen_23","rect":[1,1537,318,436],"offset":[0,-4],"originalSize":[324,510],"capInsets":[0,0,0,0]}],[0],0,[0],[0],[0]]]]