[1,["46YGyHTzZEvqbQX61jtMON","95z6MhFBxFRpXcimHouJi9","d7vQmSUAJNtKpG/JIwdkmU","8ctXt8XGtB660F4RMrEXts","84Dpqqp5lIlp0PwXWrJwVz","b3oOwbr0JJn4eLFkQbL2JY","c6n12MyAFFO6aR0ATCZ8er","deex6mbaFGyqwZx54Vtdk5","2a1CKP4IVMt6rf8e+139Vn","feFfz0stFP9Ik+YT0O+7Cr","5emzpfQUlGPLVpAMyExxFA","bfn1tprENEB4Rw98fCItla","d84ZPZFRpCVp/S2pQpNClo","e6In1EFlVPD7O3bDvCr++S","e43SnHentNuIxMQbK8F59o"],["value"],[["cc.AnimationClip",["_name","_duration","sample","curveData"],0,11]],[[0,0,1,2,3,4]],[[0,"reel_vfx_c_00",0.8,20,[{},"comps",11,[{},"cc.Sprite",11,[{},"spriteFrame",12,[[[{"frame":0},"value",6,0],[{"frame":0.05},"value",6,1],[{"frame":0.1},"value",6,2],[{"frame":0.15},"value",6,3],[{"frame":0.2},"value",6,4],[{"frame":0.25},"value",6,5],[{"frame":0.3},"value",6,6],[{"frame":0.35},"value",6,7],[{"frame":0.4},"value",6,8],[{"frame":0.45},"value",6,9],[{"frame":0.5},"value",6,10],[{"frame":0.55},"value",6,11],[{"frame":0.6},"value",6,12],[{"frame":0.65},"value",6,13],[{"frame":0.7},"value",6,14],{"frame":0.75,"value":null}],11,11,11,11,11,11,11,11,11,11,11,11,11,11,11,0]]]]]],0,0,[0,0,0,0,0,0,0,0,0,0,0,0,0,0,0],[0,0,0,0,0,0,0,0,0,0,0,0,0,0,0],[0,1,2,3,4,5,6,7,8,9,10,11,12,13,14]]