[1,["b0sTJOM3RFNZddD5DmyYP4"],["_textureSetter"],["cc.SpriteFrame"],0,[[[{"name":"mtp_sym_bg_b_screen_10","rect":[1035,495,245,515],"offset":[0,0],"originalSize":[245,515],"rotated":1,"capInsets":[0,0,0,0]}],[0],0,[0],[0],[0]],[[{"name":"mtp_sym_bg_b_screen_09","rect":[518,495,245,515],"offset":[0,0],"originalSize":[245,515],"rotated":1,"capInsets":[0,0,0,0]}],[0],0,[0],[0],[0]],[[{"name":"mtp_sym_bg_b_screen_07","rect":[1799,1,245,515],"offset":[0,0],"originalSize":[245,515],"capInsets":[0,0,0,0]}],[0],0,[0],[0],[0]],[[{"name":"mtp_sym_bg_b_screen_08","rect":[1,495,245,515],"offset":[0,0],"originalSize":[245,515],"rotated":1,"capInsets":[0,0,0,0]}],[0],0,[0],[0],[0]],[[{"name":"mtp_sym_bg_b_screen_13","rect":[1035,742,245,515],"offset":[0,0],"originalSize":[245,515],"rotated":1,"capInsets":[0,0,0,0]}],[0],0,[0],[0],[0]],[[{"name":"mtp_sym_bg_b_screen_04","rect":[518,248,245,515],"offset":[0,0],"originalSize":[245,515],"rotated":1,"capInsets":[0,0,0,0]}],[0],0,[0],[0],[0]],[[{"name":"mtp_sym_bg_b_screen_03","rect":[1,248,245,515],"offset":[0,0],"originalSize":[245,515],"rotated":1,"capInsets":[0,0,0,0]}],[0],0,[0],[0],[0]],[[{"name":"mtp_sym_bg_b_screen_12","rect":[518,742,245,515],"offset":[0,0],"originalSize":[245,515],"rotated":1,"capInsets":[0,0,0,0]}],[0],0,[0],[0],[0]],[[{"name":"mtp_sym_bg_b_screen_16","rect":[1,989,245,515],"offset":[0,0],"originalSize":[245,515],"rotated":1,"capInsets":[0,0,0,0]}],[0],0,[0],[0],[0]],[[{"name":"mtp_sym_bg_b_screen_06","rect":[1552,1,245,515],"offset":[0,0],"originalSize":[245,515],"capInsets":[0,0,0,0]}],[0],0,[0],[0],[0]],[[{"name":"mtp_sym_bg_b_screen_00","rect":[1,1,245,515],"offset":[0,0],"originalSize":[245,515],"rotated":1,"capInsets":[0,0,0,0]}],[0],0,[0],[0],[0]],[[{"name":"mtp_sym_bg_b_screen_11","rect":[1,742,245,515],"offset":[0,0],"originalSize":[245,515],"rotated":1,"capInsets":[0,0,0,0]}],[0],0,[0],[0],[0]],[[{"name":"mtp_sym_bg_b_screen_17","rect":[518,989,245,515],"offset":[0,0],"originalSize":[245,515],"rotated":1,"capInsets":[0,0,0,0]}],[0],0,[0],[0],[0]],[[{"name":"mtp_sym_bg_b_screen_14","rect":[1552,518,245,515],"offset":[0,0],"originalSize":[245,515],"capInsets":[0,0,0,0]}],[0],0,[0],[0],[0]],[[{"name":"mtp_sym_bg_b_screen_01","rect":[518,1,245,515],"offset":[0,0],"originalSize":[245,515],"rotated":1,"capInsets":[0,0,0,0]}],[0],0,[0],[0],[0]],[[{"name":"mtp_sym_bg_b_screen_05","rect":[1035,248,245,515],"offset":[0,0],"originalSize":[245,515],"rotated":1,"capInsets":[0,0,0,0]}],[0],0,[0],[0],[0]],[[{"name":"mtp_sym_bg_b_screen_15","rect":[1799,518,245,515],"offset":[0,0],"originalSize":[245,515],"capInsets":[0,0,0,0]}],[0],0,[0],[0],[0]],[[{"name":"mtp_sym_bg_b_screen_02","rect":[1035,1,245,515],"offset":[0,0],"originalSize":[245,515],"rotated":1,"capInsets":[0,0,0,0]}],[0],0,[0],[0],[0]]]]