[1,["ecpdLyjvZBwrvm+cedCcQy","58wQgluF5NzKfQ6qKSpCgB","6fq4z1ffNFl5v5bcw0+jX7","b7wJK+ltVJV711JcW7gbg4","64pwqNuKJLv5zz2JjvX+Nx","50zkJDWkVBtJ97LmyTBRCe","bbwsAtv6dD7L3ifO8s5ka4","cbe8Xf9ehBWqO5gRR9PNQ+","46hQNQLBZFSJSlQ2eV+Qel","7fziRCjg9BZLRW66/XozCM","dcYjAsFmBLtYSqiC9T5tF8","a07bB3fMtEc56453ojHdxI","8bvkcO6jRE5rd1PN0Pkv4r","44Yl9ei/xIlpWcsJgkkYte","72M8P2z45BUYur2iZLt6D+","53BWqhstJInLwaeTwCwV7a","01WDErz5dOtoZVoRv1C4Dd","3aUQjns59DkrPxq/rwrFI9","30ZsNQ+hVMrKvdRU8UoUw/","c1TpdsUGhBRI3kAjxvBgQ2","5eUhn6pnZIqr70I8AbePWK"],["node","_spriteFrame","_defaultClip","root","btnBatDau","label","data","_parent","atlas"],[["cc.Node",["_name","_active","_prefab","_contentSize","_components","_parent","_children","_trs","_anchorPoint","_eulerAngles"],1,4,5,9,1,2,7,5,5],["cc.Sprite",["_sizeMode","_dstBlendFactor","_isTrimmedMode","node","_materials","_spriteFrame"],0,1,3,6],["cc.AnimationClip",["_name","_duration","wrapMode","curveData"],0,11],["cc.PrefabInfo",["fileId","root","asset"],2,1,1],["cc.Prefab",["_name"],2],["cc.Node",["_name","_parent","_children","_components","_prefab","_contentSize","_trs"],2,1,2,12,4,5,7],["cc.Node",["_name","_children","_components","_prefab","_contentSize","_trs"],2,2,2,4,5,7],["cc.Animation",["playOnLoad","node","_clips","_defaultClip"],2,1,3,6],["162f1NSEk9K9KsAj2LJt0vG",["node","label","btnBatDau"],3,1,1,1],["26495mkYd9K87r1dH28RUj3",["speed","node","listFrame"],2,1,3],["ef6cdgak0JA7Klp9LwbTgyF",["tempReplaceAtlas","isPrefix","_string","_maxWidth","_scale","listFS","node"],-3,1],["cc.Button",["node"],3,1],["cc.AnimationClip",["_name","_duration","wrapMode","curveData"],-1]],[[3,0,1,2,2],[0,0,5,4,2,3,7,2],[1,3,4,5,1],[1,1,0,2,3,4,5,4],[7,0,1,2,3,2],[0,0,5,6,2,3,8,7,2],[0,0,5,4,2,3,8,2],[1,0,3,4,5,2],[9,0,1,2,2],[4,0,2],[0,0,6,4,2,3,2],[0,0,5,6,4,2,3,2],[0,0,5,6,4,2,3,7,9,2],[0,0,5,6,4,2,3,7,2],[0,0,1,5,4,2,3,7,3],[5,0,1,2,3,4,5,6,2],[6,0,1,2,3,4,5,2],[8,0,1,2,1],[3,1,2,1],[1,0,2,3,4,5,3],[1,1,0,3,4,5,3],[1,1,3,4,5,2],[10,0,1,2,3,4,5,6,7],[11,0,1],[2,0,1,2,3,4],[2,0,2],[2,0,1,3,3],[12,0,1,2,3,5]],[[[[9,"ShowFreeSpin"],[10,"ShowFreeSpin",[-6],[[4,true,-2,[44],43],[17,-5,-4,-3]],[18,-1,0],[5,720,1280]],[11,"bl_bg",1,[-8,-9,-10,-11,-12,-13,-14,-15,-16],[[7,0,-7,[41],42]],[0,"cbT6QEaGZOUKuI3RNf7CdS",1,0],[5,720.0982,1559.9961]],[15,"btnSkip",2,[-19,-20],[[[2,-17,[39],40],-18],4,1],[0,"b3Nv59GlVDVqAswPCXHUzG",1,0],[5,344,120],[0,-515.111,0,0,0,0,1,1,1,1]],[16,"lbFreeLeft",[-22,-23],[-21],[0,"9djXq4gc5OlJ4G2B2DYA+Y",1,0],[5,240,0],[0,111.166,0,0,0,0,1,1,1,1]],[12,"bl_bg_02",2,[-25],[[2,-24,[2],3]],[0,"cbcm0TN05LsKo7yHXhvz7+",1,0],[5,1212,1154],[31.672,228.839,0,0,0,0.14780941112961063,0.9890158633619168,1,1,1],[1,0,0,17]],[1,"bl_vfx_b_screen",2,[[3,1,2,false,-26,[6],7],[4,true,-27,[9,10],8]],[0,"f1UbNMvrBGKp0ytx1632fL",1,0],[5,300,300],[17.287,310.11,0,0,0,0,1,2,2,1]],[1,"bl_vfx_b_screen-001",2,[[3,1,2,false,-28,[11],12],[4,true,-29,[14],13]],[0,"3e35+3gfdLy7ktrjRBO5Kz",1,0],[5,300,300],[17.287,310.11,0,0,0,0,1,2,2,1]],[1,"tw_vfx_f_screen_01",2,[[3,1,2,false,-30,[15],16],[8,0.075,-31,[17,18,19]]],[0,"90quC0FZBF9KBdETcjmePU",1,0],[5,330,160],[-112.178,132.465,0,0,0,0,1,1.5,1.5,1]],[1,"tw_vfx_f_screen_02",2,[[3,1,2,false,-32,[20],21],[8,0.075,-33,[22,23,24]]],[0,"b0OSfj+vFIXKK8vzJm7ELk",1,0],[5,330,160],[111.91,132.465,0,0,0,0,1,-1.5,1.5,1]],[13,"fs",2,[4],[[19,2,false,-34,[29],30]],[0,"d81vn539FNRqsPuDbqXcKv",1,0],[5,756,215],[0,126.719,0,0,0,0,1,1,1,1]],[1,"bl_button_screen",3,[[20,1,2,-35,[33],34],[4,true,-36,[36],35]],[0,"368TiuzTNDm5Etkrm/h76D",1,0],[5,326,134],[0,0,0,0,0,0,1,1.4,1.4,1]],[1,"bl_bg_03",5,[[3,1,2,false,-37,[0],1]],[0,"e6z29Jv0lFfoDfMDk9uKW/",1,0],[5,702,702],[-31.672,-136.738,0,0,0,0,1,2,2,1]],[14,"bw_vfx_a_screen_02",false,2,[[21,1,-38,[4],5]],[0,"ddyRZHtsFI07rxGu7E6QM0",1,0],[5,560,250],[17.287,310.11,0,0,0,0,1,4,4,4]],[5,"1",4,[-39],[0,"a7gzafjdtLQJXakdFA6mTI",1,0],[5,120,0],[0,0.5,0],[-60,-10,0,0,0,0,1,1.4,1.4,1.4]],[6,"New Node",14,[[2,-40,[25],26]],[0,"80PQnPK+lI874R1oNzFvzp",1,0],[5,88,134],[0,0.5,0]],[5,"0",4,[-41],[0,"3242QmRvFBp6c8WA1NuUEW",1,0],[5,120,0],[0,0.5,0],[60,-10,0,0,0,0,1,1.4,1.4,1.4]],[6,"New Node",16,[[2,-42,[27],28]],[0,"62XjcgLDFI3Y18viRaEsFx",1,0],[5,120,134],[0,0.5,0]],[22,"bw_",true,"10",120,1.4,[null,null,null,null,null,null,null,null,null,null,null,null],4],[1,"bl_desc",2,[[7,2,-43,[31],32]],[0,"5e11R9N39LUL6WwZ68urbW",1,0],[5,634,116],[-7.389,-36.355,0,0,0,0,1,1,1,1]],[1,"start",3,[[2,-44,[37],38]],[0,"b8lBThIXZIQ74V/E/8tBLu",1,0],[5,208,66],[-2.439,7.139,0,0,0,0,1,1,1,1]],[23,3]],0,[0,3,1,0,0,1,0,4,21,0,5,18,0,0,1,0,-1,2,0,0,2,0,-1,5,0,-2,13,0,-3,6,0,-4,7,0,-5,8,0,-6,9,0,-7,10,0,-8,19,0,-9,3,0,0,3,0,-2,21,0,-1,11,0,-2,20,0,-1,18,0,-1,14,0,-2,16,0,0,5,0,-1,12,0,0,6,0,0,6,0,0,7,0,0,7,0,0,8,0,0,8,0,0,9,0,0,9,0,0,10,0,0,11,0,0,11,0,0,12,0,0,13,0,-1,15,0,0,15,0,-1,17,0,0,17,0,0,19,0,0,20,0,6,1,4,7,10,44],[0,0,0,0,0,0,0,0,0,0,0,0,0,0,0,0,0,0,0,0,0,0,0,0,0,0,0,0,0,0,0,0,0,0,0,0,0,0,0,0,0,0,0,0,0,18],[-1,1,-1,1,-1,1,-1,1,2,-1,-2,-1,1,2,-1,-1,1,-1,-2,-3,-1,1,-1,-2,-3,-1,1,-1,1,-1,1,-1,1,-1,1,2,-1,-1,1,-1,1,-1,1,2,-1,8],[0,8,0,9,0,10,0,3,1,1,11,0,3,1,1,0,2,2,4,5,0,2,2,4,5,0,12,0,13,0,14,0,15,0,16,6,6,0,17,0,18,0,19,7,7,20]],[[[24,"bl_vfx_b_screen",1.3333333333333333,22,[{},"props",11,[{"opacity":[{"frame":0,"value":150},{"frame":1.3333333333333333,"value":255}],"angle":[{"frame":0,"value":10},{"frame":1.3333333333333333,"value":30}]},"scale",12,[[[{"frame":0},"value",8,[1,2,2,1]],[{"frame":1.3333333333333333},"value",8,[1,1.5,1.5,1]]],11,11]]]]],0,0,[],[],[]],[[[27,"bl_vfx_b_screen_1",1.3333333333333333,22,{"props":{"angle":[{"frame":0,"value":-10},{"frame":1.3333333333333333,"value":-20}]}}]],0,0,[],[],[]],[[[25,"bl_button_screen"]],0,0,[],[],[]],[[[26,"ShowFreeSpin",8.333333333333334,[{"props":{"opacity":[{"frame":0,"value":0},{"frame":0.3333333333333333,"value":255}]}},"paths",11,[{"bl_bg/bl_bg_02":{"props":{"angle":[{"frame":0,"value":0},{"frame":8.333333333333334,"value":15}]}},"bl_bg/bw_vfx_a_screen_02":{"props":{"opacity":[{"frame":0.5,"value":255},{"frame":0.8333333333333334,"value":0}],"active":[{"frame":0,"value":true}],"scale":[]}},"bl_bg/bl_desc":{"props":{"opacity":[{"frame":0,"value":0},{"frame":0.5,"value":0},{"frame":0.8333333333333334,"value":255}]}}},"bl_bg/fs",11,[{},"props",11,[{},"scale",12,[[[{"frame":0},"value",8,[1,1,1,1]],[{"frame":0.26666666666666666},"value",8,[1,1.2,1.2,1]],[{"frame":0.5},"value",8,[1,1,1,1]]],11,11,11]]]]]]],0,0,[],[],[]]]]