{"paths":{"0":["Audio/fsTrans",3],"1":["Atlas/Alats7",1],"2":["Atlas/Alats9",1],"3":["spine/Special/s_wild_c_atlas_specials",8],"4":["Audio/prizeTotalWin",3],"5":["Atlas/Alats61",1],"6":["Atlas/Alats59",1],"7":["Audio/bgm_totalwin_main",3],"8":["Atlas/Alats69",1],"9":["spine/IconNormal/h_pump_atlas_symbols",8],"10":["spine/IconNormal/l_k_atlas_symbols",8],"11":["spine/IconNormal/h_tools_atlas_symbols",8],"12":["Atlas/Alats41",1],"13":["Audio/BonusMove",3],"14":["Atlas/Alats52",1],"15":["Audio/bgm_totalwin_end",3],"16":["Atlas/Alats12",1],"17":["Atlas/Alats32",1],"18":["Audio/SymCollapse",3],"19":["Partile/eff",5],"20":["spine/IconNormal/l_j_atlas_symbols",8],"21":["Img/blurPurple",1],"22":["Atlas/Alats29",1],"23":["Atlas/Alats4",1],"24":["Img/Rule/1",1],"25":["Atlas/Alats40",1],"26":["Img/1d873e39-311d-4c8e-a0ea-b37ef3c0f156",1],"27":["Atlas/Alats17",1],"28":["spine/Special/s_wild_a_atlas_specials",8],"29":["Audio/SymbolBonus",3],"30":["Atlas/Alats62",1],"31":["spine/IconNormal/h_wheel_atlas_symbols",8],"32":["Atlas/Alats35",1],"33":["Audio/fsWonTitle",3],"34":["Img/4cbf7a99-f58b-4230-be32-cbdb54b8d79c",1],"35":["Audio/spinBtn",3],"36":["Atlas/Alats44",1],"37":["Img/600301aa-3357-4a10-b086-84f011fa32ba",1],"38":["Atlas/Alats18",1],"39":["Audio/BonusJump",3],"40":["Img/466b5f7a-8c1b-4ca6-9084-9ef17aa8e884",1],"41":["Atlas/Alats36",1],"42":["Atlas/Alats42",1],"43":["Atlas/Alats8",1],"44":["Img/Rule/4",1],"45":["Atlas/Alats50",1],"46":["Audio/slider_effect",3],"47":["Atlas/Alats66",1],"48":["Atlas/Alats37",1],"49":["spine/Special/s_wild_b_atlas_specials",8],"50":["Atlas/Alats47",1],"51":["Atlas/Alats28",1],"52":["Audio/SymShrink",3],"53":["spine/IconNormal/l_q_atlas_symbols",8],"54":["Img/KhungLWinLS/4ae309c52a_01",1],"55":["spine/IconNormal/l_10_atlas_symbols",8],"56":["Atlas/Alats65",1],"57":["Partile/atom",1],"58":["Atlas/Alats68",1],"59":["Atlas/Alats20",1],"60":["Atlas/Alats38",1],"61":["Img/c791b4af-f23b-405a-9460-32a94af2e698",1],"62":["Img/84ff9107-8fb1-4a84-8060-22c1573d2a64",1],"63":["Atlas/Alats11",1],"64":["Img/b9a8d293-7221-4616-a633-8c710bb1cee1",1],"65":["Atlas/Alats55",1],"66":["Img/c8e48e72-5566-4935-b22c-ea87154a1e24",1],"67":["Partile/bw_particle",5],"68":["Atlas/Alats30",1],"69":["Atlas/Alats26",1],"70":["Atlas/Alats51",1],"71":["Img/55526c5ded",1],"72":["Atlas/Alats6",1],"73":["Audio/symScatter",3],"74":["Atlas/Alats49",1],"75":["Audio/bgm_bigwin_end",3],"76":["Atlas/Alats10",1],"77":["Audio/bgm_fs",3],"78":["Atlas/Alats19",1],"79":["Atlas/Alats39",1],"80":["Atlas/Alats22",1],"81":["Atlas/Alats15",1],"82":["Atlas/Alats3",1],"83":["spine/IconNormal/h_car_atlas_symbols",8],"84":["Atlas/Alats16",1],"85":["Audio/bgm_bigwin_main",3],"86":["Atlas/Alats48",1],"87":["spine/Special/specials",1],"88":["Atlas/Alats54",1],"89":["Audio/spinActiveLoop",3],"90":["Audio/prizeInfobarTotalwinMedMain",3],"91":["Img/Rule/5",1],"92":["Atlas/Alats53",1],"93":["Atlas/Alats5",1],"94":["spine/IconNormal/l_a_atlas_symbols",8],"95":["Audio/prizeInfobarTotalwinMedEnd",3],"96":["Atlas/Alats14",1],"97":["Atlas/Alats24",1],"98":["Atlas/Alats56",1],"99":["Audio/prizeSmallwin",3],"100":["Audio/spinStop",3],"101":["Atlas/Alats33",1],"102":["Atlas/Alats25",1],"103":["Audio/bgm_mg",3],"104":["Audio/fastspinStart",3],"105":["Img/Rule/2",1],"106":["Atlas/Alats27",1],"107":["Audio/multiCombine",3],"108":["Audio/list_item_click",3],"109":["Audio/PrizeInfoSmallWin",3],"110":["spine/Special/s_scatter_atlas_specials",8],"111":["Atlas/Alats13",1],"112":["Img/Rule/3",1],"113":["Atlas/Alats58",1],"114":["Audio/prizeTotalWinBonus",3],"115":["Img/KhungLWinLS/4ae309c52a_12",1],"116":["spine/IconNormal/symbols",1],"117":["Atlas/Alats21",1],"118":["Atlas/Alats67",1],"119":["Audio/heartbeatSlowdrop",3],"120":["Atlas/Alats45",1],"121":["Img/KhungLWinLS/4ae309c52a_26",1],"122":["spine/IconNormal/h_gloves_atlas_symbols",8],"123":["Audio/fastspinEnd",3],"124":["Audio/heartbeat",3],"125":["Atlas/Alats46",1],"126":["Atlas/Alats23",1],"127":["Atlas/Alats29",2],"128":["Animation/MegaWin/MegaWinStart",0],"129":["Animation/BigWin/LightFlash",0],"130":["Prefabs/EffectBgMulti3",6],"131":["Atlas/Alats39",2],"132":["Atlas/Alats50",2],"133":["Atlas/Alats26",2],"134":["Atlas/Alats14",2],"135":["spine/IconNormal/l_k_atlas_symbols",7],"136":["Img/1d873e39-311d-4c8e-a0ea-b37ef3c0f156",4,1],"137":["Prefabs/EffRemoveItem2",6],"138":["Animation/BigWin/BigWinStart",0],"139":["Img/Rule/4",4,1],"140":["Prefabs/EffectTakeTotalMulti",6],"141":["Atlas/Alats41",2],"142":["Atlas/Alats48",2],"143":["spine/IconNormal/h_car_atlas_symbols",7],"144":["Atlas/Alats47",2],"145":["spine/IconNormal/l_10_atlas_symbols",7],"146":["Atlas/Alats13",2],"147":["Atlas/Alats6",2],"148":["Animation/SuperWin/SuperWinShow",0],"149":["Prefabs/TakeSymbol2",6],"150":["Atlas/Alats30",2],"151":["Prefabs/EffectBgMulti2",6],"152":["Atlas/Alats16",2],"153":["Prefabs/EffectBgMulti1",6],"154":["Animation/MegaWin/Flag",0],"155":["Prefabs/ShowFreeSpin",6],"156":["Atlas/Alats4",2],"157":["spine/IconNormal/l_q_atlas_symbols",7],"158":["Img/c791b4af-f23b-405a-9460-32a94af2e698",4,1],"159":["Animation/EffectMulti/EffectAddTotalMulti",0],"160":["Atlas/Alats38",2],"161":["Atlas/Alats56",2],"162":["Atlas/Alats40",2],"163":["spine/IconNormal/l_a_atlas_symbols",7],"164":["Prefabs/EffRemoveItem1",6],"165":["Animation/ButtonSpin/ButtonSpinClick",0],"166":["Img/blurPurple",4,1],"167":["Prefabs/EffRemoveItem3",6],"168":["Animation/NodeAddScatter/NodeAddScatter",0],"169":["Atlas/Alats62",2],"170":["Animation/EffectBgMult/EffectBgMult2",0],"172":["Animation/RemoveEffect/EffectRemoveSymbol_2",0],"173":["Animation/fs_vfx_a_screen_00",0],"174":["Atlas/Alats67",2],"175":["Atlas/Alats20",2],"176":["Prefabs/BigWin",6],"177":["Animation/InfoBar/NormalState",0],"178":["Animation/TakeSymbol/TakeSymbolStart_1",0],"179":["Animation/SuperWin/FlagSuperWin",0],"180":["Animation/FreeSpin/bl_vfx_b_screen",0],"181":["Atlas/Alats52",2],"182":["Atlas/Alats36",2],"183":["Prefabs/EndFreeSpinDuaXe",6],"184":["Atlas/Alats32",2],"185":["Atlas/Alats24",2],"186":["Animation/FreeSpin/ButtonCollect",0],"187":["Prefabs/EffectTakeMultiISymbol2",6],"188":["Animation/NodeAddScatter/FireWork",0],"189":["Img/KhungLWinLS/4ae309c52a_26",4,1],"190":["Img/c8e48e72-5566-4935-b22c-ea87154a1e24",4,1],"191":["Atlas/Alats27",2],"192":["spine/IconNormal/h_pump_atlas_symbols",7],"193":["Animation/SuperWin/SuperWinLoop",0],"194":["Prefabs/EffectTakeMultiISymbol3",6],"195":["Animation/FreeSpin/SmokeEndFree",0],"196":["Animation/FreeSpin/VongSangEndFree",0],"197":["Atlas/Alats9",2],"199":["Atlas/Alats66",2],"200":["spine/Special/s_wild_b_atlas_specials",7],"201":["Img/Rule/5",4,1],"202":["Prefabs/TakeSymbol3",6],"203":["Atlas/Alats49",2],"204":["Animation/TakeSymbol/TakeSymbolStart_2",0],"205":["Atlas/Alats61",2],"206":["Animation/InfoBar/NormalWin",0],"207":["Atlas/Alats7",2],"208":["Animation/TakeSymbol/TakeSymbolStart_3",0],"209":["Animation/EffectMulti/EffectTakeTotalMulti",0],"210":["Animation/ButtonSpin/ButtonSpinNormal",0],"211":["Animation/RemoveEffect/EffectRemoveSymbol_3",0],"212":["Atlas/Alats35",2],"213":["Img/b9a8d293-7221-4616-a633-8c710bb1cee1",4,1],"214":["Animation/MegaWin/FlashLight",0],"215":["Prefabs/NodeAddScatter",6],"216":["Animation/RemoveEffect/EffectRemoveSymbol_1",0],"217":["Img/Rule/2",4,1],"218":["Animation/BigWin/Flag",0],"219":["Animation/EffectBgMult/EffectBgMult1",0],"220":["Img/84ff9107-8fb1-4a84-8060-22c1573d2a64",4,1],"221":["spine/IconNormal/h_tools_atlas_symbols",7],"222":["Animation/SuperWin/FlashSuperWin",0],"223":["Prefabs/ItemSymbol",6],"224":["spine/IconNormal/l_j_atlas_symbols",7],"225":["Atlas/Alats15",2],"226":["Animation/FreeSpin/bl_vfx_b_screen_1",0],"227":["Atlas/Alats68",2],"228":["Prefabs/CachChoi",6],"229":["Atlas/Alats25",2],"230":["Img/KhungLWinLS/4ae309c52a_01",4,1],"231":["Animation/SuperWin/bw_vfx_a_screen_02",0],"232":["Animation/InfoBar/BigWin",0],"233":["Atlas/Alats45",2],"234":["Atlas/Alats33",2],"235":["Prefabs/NearFS",6],"236":["Animation/SuperWin/Lighting",0],"237":["Atlas/Alats51",2],"238":["spine/Special/specials",4,1],"239":["spine/IconNormal/symbols",4,1],"240":["Animation/MultiSymbolScale",0],"241":["Partile/atom",4,1],"242":["Img/600301aa-3357-4a10-b086-84f011fa32ba",4,1],"243":["Atlas/Alats22",2],"244":["Atlas/Alats58",2],"245":["Atlas/Alats5",2],"246":["Animation/FreeSpin/bl_button_screen",0],"247":["Img/KhungLWinLS/4ae309c52a_12",4,1],"248":["Atlas/Alats54",2],"249":["Prefabs/NearFSItem",6],"250":["Atlas/Alats12",2],"251":["Atlas/Alats44",2],"252":["Img/Rule/1",4,1],"253":["Animation/FreeSpin/ShowFreeSpin",0],"254":["Prefabs/LichSu",6],"255":["Atlas/Alats18",2],"256":["spine/Special/s_wild_a_atlas_specials",7],"257":["Atlas/Alats10",2],"258":["Img/55526c5ded",4,1],"259":["Prefabs/EffectTakeMultiISymbol1",6],"260":["Atlas/Alats3",2],"261":["Atlas/Alats59",2],"262":["Img/4cbf7a99-f58b-4230-be32-cbdb54b8d79c",4,1],"263":["Img/466b5f7a-8c1b-4ca6-9084-9ef17aa8e884",4,1],"264":["Atlas/Alats19",2],"265":["Atlas/Alats46",2],"266":["Atlas/Alats53",2],"267":["spine/Special/s_scatter_atlas_specials",7],"268":["spine/IconNormal/h_wheel_atlas_symbols",7],"269":["Atlas/Alats23",2],"270":["Atlas/Alats37",2],"271":["Atlas/Alats65",2],"272":["Atlas/Alats11",2],"273":["Atlas/Alats55",2],"274":["Atlas/Alats17",2],"275":["spine/IconNormal/h_gloves_atlas_symbols",7],"276":["Animation/FreeSpin/EndFreeSpin",0],"277":["spine/Special/s_wild_c_atlas_specials",7],"278":["Animation/BigWin/BigWinLoop",0],"279":["Prefabs/TakeSymbol1",6],"280":["Atlas/Alats21",2],"281":["Atlas/Alats8",2],"282":["Img/Rule/3",4,1],"284":["Atlas/Alats42",2],"285":["Animation/MegaWin/MegaWinLoop",0],"286":["Animation/EffectBgMult/EffectBgMult3",0],"287":["Animation/MegaWin/mw_g",0],"288":["Atlas/Alats28",2],"289":["Atlas/Alats69",2]},"types":["cc.AnimationClip","cc.Texture2D","cc.SpriteAtlas","cc.AudioClip","cc.SpriteFrame","cc.ParticleAsset","cc.Prefab","sp.SkeletonData","cc.Asset"],"uuids":["01rCk6ok5PUo/gfMw60SAv","02B7ANrf5PrKBS6EpyQ2b4","02e1KsCvhPCaIo9Gz5x7xm","02rSpQGexIpa5UEQmmFfCT","03gzEGYghHsJWrpEwBEs8i","05gDyhBtBGyK6YmTodtHPw","06q0vzfmZLL55zNIQpoOJG","09seou2MlAq5pfU48pZHPa","0aVpE380VCa66NNUqSaqXb","0cXiX0Yk5KKJxGhD4vtNzV","0dsGhXL7lNjJ6K1C7/A6Me","0evgeeZH9BKYqE1iU0Nvid","12LzjHu2BDV4buNyo9QEFm","196iTvya9I96NY2T7CM2VL","197cyYyDpDEKmq8CBPz17G","1b6yy7OzBCJaRWvNzR576q","1chg9XCAZDK6HmItw3yJTX","1eKgu9K6dMH4pwQdYgfiXb","21aw52rOtDY7snn5st0Ba/","22YICsmmBHhqGyXSOgldXc","25d+AYQ2hCzJSnufYUEOtq","2546E8usVISLD6nex3vghi","26rOyUZM1AUoDBSQQjJEMa","2axRNfIipDAocXpb8HDcDW","2bdQ45EalLiJofmPfwaCJZ","2brVH1LBJPDIDhDNm2B71o","2ceWTTPANIB5KZ70skkfJR","30aXUiSm9LmKNe4VWZbyh6","31EtMJn8RHga/Vi+Q6pMM6","31FJsC4FhK2IGNlsblEmqr","31RH/0YbJK752EjSEcnrb7","32NVn/oChIY4YL6+JNJPVF","34N3uSq1lHsIaC/+vWDQ9a","36sQili09Mi5qYU94dbEqP","37WjVKiFtG5pCNB9xbuIgc","3860pcpMlMQo6fG0K1lWHA","3cp/BN4SRKlbOUnGLjh8vS","3c7wySBY5KPqiZmym1QJuT","3egjbaXiFOFpJFaxZ8izTG","43GI3cNaZAgZU70U0atCGb","43HvyOLX1LqIXSvfTcf5x3","495SgVUZ5CWpbTGfysTb6q","4eOIugbpxMPrCqjJW499j7","4fpTdjHRpILq5MbaVaFTTh","52wSLseURCn4pFaYDnkBUq","54fLT+fUFBQquGUAZ85Wow","55IKqHolNJX6tas0XrB/Wj","56sBXILadBX6kYoHb+Ce5c","5a8opX+jJGJLwfSvfuQF9r","5bwrHGBqhKrbJruIiziBVD","64905PU9hJQJibRkCVW6z1","6aIJS6sONAWLjN3xZGmkJa","6e7IDjRN9AopcdkUSLhEPl","7449MaL8xFq7xOmxyt80Id","78KM7eIptB6I9SuWBwgkPc","78crEoYMROmbp+fDRheNVI","7bRgCJHblMQ7WiC1psIngP","7bpFJk5KJM1YG7DCNeQ8EH","7cV8+WgYRKSIghzTwrksRf","7dfDkRSzhO9ZERGTVpyyBc","7dvgRwFK5OPJiDG2Of1TPy","81OqZpRtVD/ZnyYEjJf05E","82wWIX2NZJeol4Ehnf9t4J","832ckI8MRLFL7kNCrnMd8h","885h87wR1ByIgQHVe+CYMQ","89h/1XtANAho+klZvyZ3qU","8crHWC3NhDqqpCWkFxlJeT","8ekKrxWUdJzKz5kuKn4xdq","8emviDJ/BIrYmLl4wxp2a0","8etk0Cj6tGq5T+NAuBJx01","91ndkfXwFCsbk6SHvHGzo6","93L3GkmpdBTaZpDSWkXV3c","97wuP7qZpHjYAcAun5tsyZ","99Dy4GcdNH5qytYwX9+VZT","9cglohzyhG+Jprc0ZaPS6Z","9fz0kpQbNJEpLNohuVIZCu","a3ImBM/RtAEYYuwsPF9Pfo","a3MJJSw7tBfbfQ84s6cavs","a4e1ENvF1Jdrxt4VlsaVyu","a5Yfzh+cJKm6Lj1Ewy3ect","aaTlZIUbVGFrdk5Szx0EVY","abkiC4FLRHwakyoI+G8KSy","aciBh6qP9Pyqpenf6cUFJw","adLT+JGQ9DCYd5wsYc6qXi","adhLA1AUVLOrABmAK7jbhp","ad18CIRN1PFYz93WWMCsDv","b0sTJOM3RFNZddD5DmyYP4","b1EBhPCcFIN6pE6F9SRbu5","b6rH7FJoZHz7JiqJ1lJQKo","b79zPl/MRFgqpT55SCq6qf","b9d9/K/QZKUJIOBHY8CFke","bdQ81WQlJKgZjhTZOVFvOR","berkdCJ6xIZLw7Z8VFGd+J","c0NiNM8YtLZrtIHc25DNRM","c1vJy5OZ5P/4JS04FbllBA","c2hruP3hJJVZU6aoOnLoWA","c3omg6ar5KTa6/2G1u/9ks","c33viBYl5NKK78eT5w0ZMC","c4c8oi0MRAxKisYgRaB8xK","c5VQinFURKP6M3foT398Ms","c67C57zfxDH62Z45agNrSf","c8p+r6r/ZJkYC81aBqTaMN","cbMMaXndVB5r27UKPhKiAh","cbvVPphatFJYNi7B1W5aEX","ccYHW3HoJNEbPenQSfpUtM","ccx32u+OdH/qKYlOJiOcp8","ceU6dEEJZPVZBwMMUR5gPT","d14UF5UA1Kr4GrJ7pY+bpP","d76TKQp/pMKp6O1gD0PjWe","dbfpw6b41HE55RfgPdLMBm","e0NlLpsWBNuq1E0KoUWeHe","e4YmXu5SRKBqfMAMFgf0Ne","e94K3hospDUbS6P2i5DDLS","eaftLpa8xCsok3fWJaAq0S","ebNqZabbpMaIwZuIjydHT7","eccFby15dLiZHd0lYbciVq","eeQ4uwMuFI5pOdSlzy+6nO","eenoAdZ1FEwoHjSPDgequ8","efEjdjizxNYqTW9+PXPhEX","f0+OAFqkRCPLApv3zDoh8s","f2slldTrBL8IvxkM5QqNGp","f23wtdvsRKjrcRaFXenIem","f3E2yvctpFMobSkciIloZV","f5qsB9Fg1H14KgUdj3g58e","f7XAamzPxG24NKpSbBgQlT","faNYhF7idM9ZNq+vdRclxJ","fc9P0Cck1M+qXZR7uuuaZN","01Ki1LM+ZLmbWhEKk3DRzd","05/1AnzhtLSKXFtUXs7dAX","0ah6JDYtBD7Y8tX+pfWmU8","0bnNa5vNlF6KLTx7l3dcRx","0dReaR7rFK1KQFfeIueHlC","0d8QAZXoNFtJM6V1i96rbv","0e0v4GwfxLoKK5JxcVb6in","12uACdVcpK0Ie3HFNYSD6F","14RkXMl8tFu4Ev6Q5A11U2","14uT1vHtZPK629ghEdUS0n","17PxBWiFNKC4+fd+icQVKM","1701XBaphDCp0dB7uXuA+B","196L2idNNC9LSILEpbPLlg","1cvIA6FRlLV5Tv6d4jUbqz","1dxedFIK9HOojoJHZ+Obdr","1fhjmZA+1Bzo2QMTrAdJ0G","21x1kW4LFAqpOpNEeEsfBW","22A62wOdVDEbvW/hg+6ULv","22BgZ7C8lOK4eiFrHpTZRx","22aUXjpqFC/IoQPmsDXSnk","25aGuhNXBFx4uuH2yFw6dL","25bhtRxK9PEojlBmCyFUgJ","2aL2AWkXFJbJCxSC51xSgq","2ajdGehFlLtpJj+OOTW/Sq","2bVa3MsIFEdZW/ITuSjDy8","2eGURxas9EZ4iHAHDf13wk","2eHMVtmUFKD7SZlCtgLkkc","31dJv/Sr5Mja5xBDkmlbwE","32OF41xrJBzpv22+iGoXD3","32URTOPGtJNbkoy5lui6kr","37FF1EWBVNfK3KkIfS8caN","37yoEpahZERpO8xgc+N5PH","383BPXVCVMSIu00nXey3zI","39Tilv5UVHuIb9NqwC4maT","3aSjv6AMpHm5YdCzDUiJ7r","3bh9A+eV9FMpvpl9tDAEJH","3cTeE7qE9HsZlYkYzkd/gG","40XfFMrwFCdYr+tq9Ypyaf","416xK+Al1P2o8NaPH1TeVg","43b3qzShBL/IGuq4iqz2Mn","438C9+JgVISarTYyHl9KZf","46kOdiHoVAo5n+JUMM2VUT","47ohNSyWxGLIXLlpmr6Cep","47veugSe5EzYvBxyz4WO06","48FzB5HpxPi7Rjom+cygoD","483jDhsKtGIY3C8SzRlBc/","49tqRXsSdAGLsq3rxUrJ+A","4a0t4uWUBIUY5bN+N+4hcU","4bp/BJSgpJIoMOFmKMuP9N","4dz59tSeRN9IlATiUrQfVM","52eufi0JtHYYj5lORMT5UK","573Fdw38tKdrl1/fDKeNh9","573/fqr7lExJdV2tgRDiL4","58wQgluF5NzKfQ6qKSpCgB","5897DOwtVCsb//tDb3vAbQ","5aUBuHeBVHHKXXN5U8NlpI","5aoVcFAoRPAqxsWMiYvFwp","5eUhn6pnZIqr70I8AbePWK","61z+eE5zdOALL8bhtW03fp","62E01n4y1CE4HFrDd00qC1","63L1rMC+VNWpIc4/oCMFyd","65yMaYU39JqrPq65irM8fd","67WIn1Iq9JlrKzCg5gNutk","695CORabdBkoKQXPi+vxrn","6bGRlhALhBhboIPH1zn06e","6cg+IwVb9CnLBaum6nEC6J","6dINOAYWtHlIhBj2yb7UX3","6es0XeNvJN8rClQmfEk7N2","6fmpKoQ/JADJ0tOznY012P","72ltz4Pr5N+pjtyUAHHwNx","7298CAQdpLla2Ow1pvZAlS","789FmkMPZEFoV4MPdXrgXu","7cFaILeopG0psqEYqe9bFJ","7drC4mZsJNW5bNz13BTowO","7eR1NEYQhKWaKZDMLrycdO","81Mgc8KihLFZGC7D/auam0","81+TeZVGJGd5sqN7fXOqar","84f5mUxrNEPbWGQHBD70DQ","84m3pFerVMHIeaYElmGOCK","840boUWQxJ6IiRm0aX22kE","86nqR50EZBVJ/8obu/GEBD","8694ssXRFDaqy6sMsRnIC0","87EomlK+5Jo7s0obMfuV5T","886zylkx9MYYseBccO/7pk","8a/yPMLTZJwrCtRA5QC0YT","8eQbVKUtNJtrEKW5kToRaq","8eb9lyuG9JiIa2mjNPXPr+","8fIgbOklZA+q4d+a+YHUhL","90XjCrqJpIfbe2g09iyaE7","93hru1kU9MqqvvB71QM738","93mn6Wde9ITYBMtlxUIi2E","95JxoG5kxJMrk1+9ErxrQL","98wwrhxNtMzZfdgSK6Oc7i","98yeCAZm1CgpXVMbSpf8J9","99ghdideFCDrqePymgx4SP","9aXfaucL5J2IGlIqQ0KA2x","9bIPEItVFGA7iKXtY9UrYH","9cTbUfb1FJ+rAediuPKNqQ","9eU0R2A8RORJuzKUqzCqGf","a07bB3fMtEc56453ojHdxI","a1mMTG0zFDRYvuVu5cdDkY","a5dVA93CtGwrAJMNbArzZO","a6p5bqqcJJ9KG/fhRkrAuN","a83hKvas5Fi5k6J3NNAkrJ","a9DxfHio5CL7LeX0CS8/74","a9Ghcn/v9KR7983vfd+zav","abTzNkrXdIcZpbQFcKGepM","acV5zwndJA1oscokB45qy9","adFDzCgkRI6J+Ea+SzJx3z","afL8sUAgFNsLntmuIp17ay","af45yoXaFJwqhSerLOc0OT","b2qrFNtCJHsJ8oz8r44oDC","b3E7gcsrtE5rLclmGVk6ud","b4BrpVPBNPMb98B/vN0j/o","b4ZJmqhmFK5L3qSabt2z+P","b4h2odnQlI+IYhKwTnPhz+","b7HpLsm0BCUJ7TrBovk1e4","b81bBihS5GIorauLbCkmBZ","b9vzJkHsFMSJyXhuADAWWA","bbwsAtv6dD7L3ifO8s5ka4","bf5KfPuV9By7EyY7iA6Uw1","c1uG2vVPVDEY5fRT5/DCCW","c2nQQkrjdGsqs0vMFqYBLN","c9M6DjPwdGfIFs6wkcaj2M","c9OgLQ7epJ9LiqfxnPW+1g","c97guK9OBDe6XDHmn7yKC0","cbe8Xf9ehBWqO5gRR9PNQ+","cbtmHa8dtLar/SuR9VqRiI","d0/yYQ8wlHtoKe5TjSQ6hf","d2p7c3jIVN55w1YuFPoNtG","d3kHAosUpBYpEK0E9Wdedx","d6JRRt8ENM5bwQVR4aW9x+","d6c7qmEyNFIJWFTn35f6wm","d8E8p6JmZHV7XPpdOyQ/aR","d8kWBTZX5CTprJjHUL4f0Z","d9Vw83xfNHqIhYKYjCTEs6","da+otAquxBlI/R8O0tOKvN","da//kJ4qxLIYC1SkUlbU5a","dbm3ueIsJNtb215fkUwTEe","ddCjnsF6JKIYmLTXu+xTXy","deYHbsfxdOP4hmKNjtNo4F","e0NH64+cdKZ7hjiSK2q4+p","e0pA7YQvFF9qwSCy5DdF0r","e1jiK9nT1Nlq5tZebStY3t","e3aLHlzmJHKamPgsHStt2/","e3tg8nJE5Fi69xAxLdp0Yp","e35QBzCmdOEqXpkBIeqUeR","e4If7lr0NOtrQ549FOAzmx","e49Kjdu7dBaLWa28Id4ZG9","e5iq8ne8xJ+oSvE/GbmKhj","e6jLsEs65IBYmJl+9tZPK4","e7ruybRcZGa6QjxGXgSn9u","e9hbESgH5IapCKDq494YOX","eagI6BC0xH9IuNrqLo5J7P","ebfDYOn0lPvpxmD5B8nU41","eev6r+CihKZJxHy2ZqkBru","f2+6cAyDFJsbT3BwIjNOWK","f7nYi6xRBFXKzCiQglTuq7","f973S/PQFMjbNsReJQVKAw","faFIs4VZpIkJFmu7tvQ+oC","fcTek5XB1BxIYcKAt4iRGU","fcroMK1w9Kerg4wspypMyZ","fegB5LVuRKT6imYpgmQCyX","00UPj/ZulFEawFfE4i/bot","00WqBFGilLrZmFxC65kw6e","00ndGyYLxPIa33RK6aNn/q","01WDErz5dOtoZVoRv1C4Dd","01XhzXkd5JRZMKW+hprGgd","01mnWNveZI/rYfSF0Js4WJ","02XUQXDo9A5YA+aTSRaCHk","027/1C8fhP66Fx2HJuru0Q","03GUSQ1eFNnLR/vZ+bTm8K","03NFM5RDRHHoWSoZ44A9JR","034uOVnJ5OhYCo8dvuZf9v","04GIWS3T9HjpePuqmHaBJI","04QuZLTyhAyamhguplIteU","04Xb+dnFhE175gQwVkN7Jq","04hZWSSIlEWKEkVyvFxQuw","04oWwtNRlJEKGVUV+SWZp4","04zBTzdW5PAa+AloSq3DKK","05EF1QH75D7azRiC3f5uuF","05mCq5SDhJUZHmA+76WwR2","0524Rew11PbY9ThYP7drFP","06DItlYHND17iutHYJ95tf","06R02lEIFP2rM+WnVeVtdI","07A5Y/fCxH97HIOtETh0Ni","07OwyoaoBC5Iur23Ak4V3C","07T51NvhNOBoQwChMT7Nmt","07hNVfO2FPfZbxIETcnmD4","07m656qFlH5ZOVN0B+PS32","08E4JQ4fJB5p8hTnYo2fwI","09k4D3wxNM05pqUvHa1sNP","09qtNXZGRJap7aQT1Bgo8h","09ymPnYkBFsJPHGWPAQxNM","098Zi+o+xEI724+zMdGmDg","0acQLRWUhJeKbXIxzaSTGl","0azxlJIopAGqkR1J98A/sY","0bxeOjOiNB54rqpFvRKkkT","0b6ovIN8xMaZit2AqE8Z2m","0cKuFm+5VGO4lTv8cspEXE","0cpU9MhSdCmox0zsX+qnyA","0c9SqPcuFFlaGbfY5/jMYa","0c9mGCMQRC0oMtzcnaHZQ/","0c+QmwNUxJpooYboaYz1Zv","0dOp+rTQZB65rls7iUO/UF","0dgnydVzhFTbgYr2Orah6j","0dj5/UlllLI7/jy0XStMWq","0ecQ+bQatOQYAeGrrxNf6F","0en2JSFzdNBLbre9ksDTUz","0e6Ugw0y9KGY+tv98ci/l7","10e6MjQfBGBLbyjffWkvHY","10myqojEpPvoyQVW+HOOM/","10qliR1bFFuazrGrrfACQG","10wWmsfLdOtJWz4g36Sbdv","12Ic/ZEP5OVqZeh+p6KDln","12U57kYatPQo7K7vFgTM/i","12gtxjpcZHaZQ0eOUVbWVr","124kY9Y39B2reXLaLZe/dl","13aRjW5UhLuLF7vePutzrE","13f8ho/eBMSJvpogPcByek","132Vs64ydG4LCDsgcVyYvW","14VkuvpiFMArh9K+6Cii5P","14qF+uLx1AZLSsapSYl+A1","141mF6tqlMKpZYtqVzy0eZ","15d7EhT4dAOq4r3OdTENZ/","16iX999YhPUbTe+/JcYwHb","16lk/wyxFDJK2F97fEfCSi","1656TpXV9NqZ64HgD9rrkq","17Kb6MtkdHt7rQw7JZyMJs","17c+uxt5pGaIJV5VaZZkXK","17qoZ90wpAtKUGctW3HkYW","198DQpHsxNRIu1/hM739UJ","1ab/Boz75Anb/rp9dDWHQG","1bCFdbf8lE16KlY5DfqqQJ","1bds7D4iVFd6Vw6rilbj/O","1cPtrncatHMaottYETOZVQ","1cVHDkqXRLHq8igwWIoAP9","1dHXAw35JId4xc/odh00Ar","1ddtgh1BhAo4NXrhE40rpL","1dkHr6BsdJbZVMBcBTFiGT","1eWOT1WetCvJstLwb+GNpo","1ewH/oEblKrJr+Bhk3vTOA","1exfrGPEhJiI9gSi0/rLdK","1fDc302DlPAIKnEZrkxxOq","1fEkHSnENNUKSP7tVK8XIl","1fSdbYxddCXIxdD0xultiY","1f8qpKYxNKMbzmCvCbOSMe","20AfCdYvpItb7WKeKZe9Ap","20TbwQCZdBEpWPttnfuS/X","20d68iQVVBL5s5Vi4hHxoj","20nWkGgYNNrZnyDonkvhx6","21NgmKAixIn653q4zv79wG","21gV0e+g1Jv7xSJzZphqQN","21qBHcOK5DgqE/yuNbAhDb","21y1RNatZKp4dCodkkMzWK","210OM2wERDDZxqRHb2QDju","22BWlahk1DH73sHlUt4K/S","22jceTnJBNFJnicFiDuKde","221XLOHJ9EybBm8HgyYk6L","23FZsnb+dDr65W2rF4Cexl","23JlixXONAa5zoQBG73pZo","23Y0lBvBVIT6oo8f0WUaN+","2315Yt2PdBjadPKSW22yWb","24RupCEgBGFZyi6XC7biS8","24YR/A4W9B0ZD/4H6BLmSM","24tsmkxJJF1IrS4AtS+wSk","24ygFZ29RDp6lBqhZFBBDf","24y/zcVYdJU6Ad+PEt33YG","25Ac9o1qFOrLPW/EhlHs4W","25D8cft+tEn7r4hhIfl1gp","26VqybgC1Bj5S9A8LTLWzz","26jL5YY3hCn67kKujrQ3WU","26niw3+6ZPbYJ0o414b0K7","26y9z2MR5OmIKwpu14stiT","269yxv1DhJL7akxy2pbC/L","27eeKMIXZPbIcY0WnWGZx2","28HMVvlF1PR7TBHcZaU4Rk","285qsHwkVD7ozQBllYEgDB","29AZfBZ8dJeLCDH+P0HkFG","29FYIk+N1GYaeWH/q1NxQO","29sg3b5BhAkZ4GNetHgXQC","299U/s/6FAq4XlTESykzPw","2aiOZT7NhC/Iqg57NdZLA2","2alf0DhGdFCKHRWEb9VNLa","2ang/N/2lCy444yieaU4lD","2ano2aIntOPK6MFqImSjDr","2ao0x35lVE5Ih7sQGGywRz","2atw0SNCJImY0kZIA+SbpY","2bAAdyfwpGmbcH6jQ/R4BI","2bHHLgzItDdI8MIKHkNBuD","2bgCsfpKNLkrLjSkR+FhTB","2boBJ4zfBLg6XFm1nNZS9A","2cAwMZnEtI2JxiDV+RdUEa","2cNoF25s9L/pJtM69lI57F","2cVdoREbpONpz8PVnz1NQV","2crVqmqChPo5IMSY0dxlzN","2dC15FTMpEpa8CABU9uYoe","2dXn2uHoFOwLd1PfvcA03E","2dt4a3pPZBRrT0w4S6Y5Ri","2ecV3FEcRPKI392zB6nmSL","2ejDx92hlBCLZSmRxXB5o4","2fulWsYQdMBqdWzCKfAGM2","30ZsNQ+hVMrKvdRU8UoUw/","3009PpkgxC0JtFWrjI0k3z","31O1Ti6SlBG4nuF0QAINrM","31gt1u0CRIdbwRBGVHebhr","31hIyKRDtLNoJnWdGkaxDn","32kjDndRlO26hY2q3xgVS3","33bFhD1s9PHJAtFch3TXzo","33cQSR8MhBrr1JTZCkEU1T","33hkvHPiZJtLnMq+iJAZfh","34F75WFKBOYJh/nSVBLDB0","34o4BhpEhOurbxG4SCZz3V","340ZYbO1tJmq17zy2CyhnX","35TSXwonVBdZ8JwIjikL2T","35coyD32FB24If/yGpZpZW","352/Se6yVAlbPHSAVGxhkY","37QRzPnsxKgrSY1XaMtFmY","37RzlnMcJBPK5WBArYk8wa","37iHMJebtGp45ahpCT5+Lg","372te4SNxDzKEbwh9ejkh7","3794dMJ1FAc7VEOdjhepar","38Q2DEdhlGCrkhqhyN2ceU","38yYYpXslBuK4MXWNSeG5b","388bno731NhL5FFnJvyK9+","397QGY2/NA5ZYCnm76LqdQ","3aDlZXC/tJ4r0FY4bXqaHx","3aGElxTElIS5xeuOb8apQh","3aUQjns59DkrPxq/rwrFI9","3ae7efMv1CLq2ilvUY/tQi","3aqAz8XsBJxqwYKM5HHDAu","3bXRIlBI1OKbrheWeRFZCX","3bf6mL5lZFEpbg/FYVFNR1","3cp7JQUkdJBaDNo1cIbbdt","3dtWrl8SNKXqzDqrTIQWgF","3d7Pn8cf5AEqr4k8z3UASE","3eW4hmaVNOOY7LaLEzTAy6","3eoK+Lrh5JUoY/A19/c7FO","3erjBaKr1AQqLvJm9pAyD5","3fKwA5ljtAgLGMF0iCYegG","3fcdpO4mtJS7XJj6VwcW1k","3fzxzBgJhJto5xWV/R19dT","3f+CL19ZdDgKzXRsC/DCFw","40brCcyCJA84sLfEiGiDFL","41v+6IuEZIdosbt7yac4v6","42K19ftvZDvbe7BdsUeGdd","42kEFkMlRK4KHMD8Acjcck","42lXFd+NZPCaoMKk33+DSH","43BvtkA+dHqZ/qcDSoa8Xw","43aYSeQ3RNSaMciqpQYlJ3","43z0ySnb9CTqc5xhF8x2/8","44FPsG1ABNUKuoVc/GGl9v","44M6H4DcxD34/p761UBREt","44Yl9ei/xIlpWcsJgkkYte","44aL8rnDVOfYQodMVI0lpE","44pnJJM8pECZStGk2rpiO0","445pMQuLVOaZjEG7oZ7fNf","46KYE8DbVI57zgrdAy1iYx","46Qb/ndI9O06No9RCJwnNO","46hQNQLBZFSJSlQ2eV+Qel","47u/gou0RFnay93omMxffj","48MPi305ZIH5700QjaWIWD","48r2P2NNBInYL+IBkD3dNq","49A7UbIbRB2568tQVPa3LB","496wO2fSdKFZNsQZfYz2h0","4aIXVFh6lI8Jys7eY8ghu1","4aJ5yt46FF9pOoPkohV2b3","4aPUbe2q9O+YSPjP962rT8","4atOQp7JNB6ZQdR5sU0uV3","4a30n6n6tDJrG2WQBNnZly","4bE67GGztIFKa3Wq0xiHM4","4bXc4P6i5Gz4T5RbnIjXrD","4bwx/cVKFOkoeAv/4JJZBe","4b5fPwXyxIzpOEeqnxn6AY","4cAMPhj1RI9a7mxSr07oDI","4cNQpb6idA35YmuY8aqxtQ","4ci3U5DKZMvKkH5jMjcH8S","4cr/7jaxZLOq44QW89/xQI","4dBUCeTZdKm6gd0nMjMl9Y","4dVUuH7zxC6YeFN4d0uSd/","4dcj2ICzNMWr/s3TjKfbF0","4dobULGOBFPZbCJDlrFMM8","4eMd2WF2xCEoDdElBIiKpk","4ePPJrG1JEiK7njQjzo4RX","4eWgD2N1dOm70WVOsYKNIE","4ei/A43uRGT7uAS4NgN5xw","4e0nr7UCNEo53pQ1kRA8xp","4e86tigNBAoofmaXaakLC9","4fDbVKgxREMKzCs27yRkzf","4fhtlMIVtAcomB9HEqsSTw","4f2IDiBs5DnY38/HFWtnkB","4f4umPiz9LxLRXbMZ4kguQ","50Z5WLC39GILGo2IZqiGOt","50zkJDWkVBtJ97LmyTBRCe","51KDpqwnBCEYIzGJOrQD7m","51VbaTpJNDc7fGfgMttSVM","51bfI+FshM34Pxjyksx/qC","51wEOOTsNFkZq4yXeUDe6l","516/qqEC5I6oWLZfaOeUDS","52ab7fNudE2K8HIHsovSVB","52mNtO9LVFf4rGST0WZsgC","53BWqhstJInLwaeTwCwV7a","53JI60SBBEdYWhHgID68Px","54doHLqkdAQplgnqu/kFga","54ujYuMhZEE54RLV+U6XJ/","545FNNcjtJbreKIU6VSR/M","55DIHA/6lHeJk7UQQXREGd","55MtA6hbtA54dMs1SzGmbo","55Rch3U11P8rwERupDFWaG","56Aath9ZNGkIyizse3pA4R","56IyE9joZBW5M4ecMQtKu/","56i3jr7D9NKqE93aw7zCB5","56kGBrJx1NZa4iDuOsqBdG","56p78zfRFIHaAsqfiRSKba","57EjzWF15L/IzPHIGRc60c","57YhQAviNB45NSHZ8HrTsZ","57ai5XLGNOfZRxFugz7tc2","57h0PZ4JVOPL7kDlgx50JS","57mwKHn6JLnKdAhmlCnTD2","58a+yG66xMdbAZGy5CG6N7","5aUnrerlBJ0pcLgNU6TbdN","5aecd8QXBPe7MlOfMjFPsp","5aiLPWfGtL7Y82b1Ll65Ij","5a8sECiO5J7rNuAyS0EvjV","5bWAx6TABHio6xmSI+VlpH","5ba0OEORFA3ITbut+keIvI","5b+4Fm4MpN4IWPK0tIr1nC","5cO7kybDxGj4ipyMYdRYZB","5ctMtWi+9KHamwcN8/ulp4","5dFbEL1rRO5Jl8IeAeiMlE","5dRVbYfCFO/rYGnxdMOOhz","5eemcTSwpOM4HKkz0vdl0S","5ei/jBsPJNpp/g+zu+Lb2g","5esY98/QNOs7iMh9M2LFTN","5f357b4PFIxacxiuggmm7X","5f5dyqtRNNxaFmVzYns6FZ","607BltTGpKxJ5cQ6sgosV0","61Acv7NdFH1JZMZmkGLSUt","61Dw1ko0FF95W9a0IMCaUV","62avyeSANGXpORdl4wDuwW","62i8C5DZtECaT4yDL7QG1p","62n+dUD4dJV4t9VBAUa3CD","63ftui+dhPOabQoZ1RWQgq","63h8qYQf5I8IMYP4RWWf6B","64pwqNuKJLv5zz2JjvX+Nx","65Kg+ItyRMNItbYaQegDnw","65WjbrZ0VHxbsAFCkGwvlG","65XqrPSZZNJJ1QTRr9eiRR","65/En5kOhC6IvNXyYtYzzN","66k88ZOY1Nn5nVWu+8T+h4","67j1acrFlDl7BUWuFATZMn","68emw3PWxHco+f119AUSug","68gmN5PW9LjZ65tbHxnjl1","68/2TfhGBOxIDU9zj8kPfz","69Fhx/CgpGLbytZKCtH+Eh","69oLXQ8OhITIhpDxr1jjDT","6aEIl0aeJMq7x/hV3J54Ce","6aLlwHSTBMpL50xaA5dOyR","6ajy44Z1JJz5SfcIzDPjPz","6av9v3pbREqKsBFseTQsLn","6aykngXQRLjIJ4qw/RHlKS","6cTrI3ys1OELnnuKXptORQ","6cfgJV8ItPIa03J2F0fkvy","6civMmrIdHy4LxdLzwnh1F","6dlXerCXhNnZoRpcTj6G0G","6dn3QWKZZOroLwt02QhnK1","6e2y2tx2FLuYcw7JeA/DVo","6e58yvSKFMu7ttEIohov4v","6fDb7iLCRPT7CoElT9rSyy","6fFx6NSDhD/ZWgCJ3xaxK9","6fQQ2AOKdMPJ0vpvl70503","6fSkBvQC5Kc7v5g4jfVNrv","6fnSsqvFdEqZRv69eZVLoU","6fq4z1ffNFl5v5bcw0+jX7","70S6tov5FJu4g68io0D6Kz","70ZmExbTtCdJQa36LGyFuE","701Fh18kJKGq49B5IpDE2f","705qY/UkJJdJyQpIBoStbV","71kFqrmZhGVIoma1tUpC5m","71kHVe6GdCy4QyAczlwkp9","71nsndzMlPLaTpxC9v3mii","716c7i/YNBVaTXbSBfBXst","72M8P2z45BUYur2iZLt6D+","72QK1zAoFFo6voX2mJjWfR","72SzrvKm1M/4kwyH4dUWG8","72sNxBk/lHqK187B+FK5zc","72wea9UzlJBYdmxdbYrk4O","73CMSGJKBALo+Y8WUeQu5R","73IOig4mVF3aA+F2JmaisY","73NYs5vINHQLuQXUNBcLhT","73X99A/v1BZbUFhw2CcJhJ","737Ag6olBMProo6wLbD84l","75JIDGUDdMramUJwp/pk0I","76L4PgSLJO9JTY5EdrdzX0","76OPagU/5MaLNAECajytq1","76gXl8K8lLUpQTRR2Iwcjv","76tIiL5V1Psqsj8mQB4kyq","77hvHLvvVKPojbufxslv0Y","78GMLElCFI+b6cJ8qzR52L","78IWdaoNJEZIkWeNWJ6Oja","78JiBP12pP0pkAF/5I7alr","79YffG45lBZqV4ZVUwXDAX","7aDw+9jw9F9pU2XYuO4GSs","7aFf9AHDhCF64CDscU2VIr","7ad+ruG8NOl6Gs5Z+SfiF1","7a/QZLET9IDreTiBfRn2PD","7bNslJQgpIgrVf77ftBXXD","7bSgatmqRObI/EOibfEkFf","7b0s5B7GtEk4wmgMZsq5gT","7b5zvi5RZCWrRPCUx+wNDN","7cCMJLnQlNGoCFf04+3Rq9","7cWzBwXQlE/6yg9U+Bfm13","7chTBGXgBD/6w3G0G8Ke97","7csQ6Bk4pKZIipsvy5xyjb","7digCOsHFAAI9O0t2h3sSO","7d+eAkxEFEE6yyPtgy0nVz","7ePtP0TTZIbaiPHi0pwfIq","7ebxE/OhdLZ6p7Xa8fQWBD","7es33EoQNCD79C3fvoX8v9","7fCOE5ErFI0ISt0Bnly24r","7fKDPvORFF1JTejHsgHnLZ","7ffUtFPU5C1bMs7SIiJgfd","7fziRCjg9BZLRW66/XozCM","7f5WxyeRhLDZJ/J6guulTD","7f+MFNUYVB+oGr2NmXVHOq","80kH+XcCpN9oSME13l+A2X","803yIk231LW4OPEo/Z3Puz","807LsRjIRBtoB2N/xkYFIO","81UZpbON5Gla886Lgl9uWO","81lsJ2tXZJh6ClKADnOhCC","81oMTBjBpMJKvUyQWf1EJw","81uoQqgWNJoZUPVmHV1pOL","82DD9cwmZI0JOwACaX0WsM","82WcLd8atJoL0YTPr2JvaR","82aA5VwUtGfb7lHg32nVtZ","82nVZ+OipIw52YhiCUKd2s","820TdLsHNEzrdbMgTPF/BO","828VJZr3tJ9ruDqxNo4nnE","82846WtqVIcoyj9m1uXzjr","83LCfg0uxGy4KU2KtZsYwK","83cim/Ns9B+qvwtAdrN1bn","832A0OTq9FVpqzv+af28O3","84LDmNQWROPo0Xt5f7F03S","84WiVlzmZOzr8Fw37QE9WD","84bg+1jyVMq7M82Nszp67F","84nK5xXsJFoIfknFaznEc+","86yma4q9hOOpf4w1zRftzP","87Jq+zDtdNh4NUwlvppkTv","87QpEz6RhG+ISrs0AxiLVG","87Q9SumjlMRKHdIx99KMXj","87Vqug7slCj61n5lTvGRGU","87Z+4jTFtOy5INwlZ4KYbE","87jsV60vxLXJoacqypQlOy","876++BRrdO7Ye/fCrgmtv3","88OCUVne5KZoplo5PmBIcu","88iZ1i4yxHCZ5o+bK1IOJ4","8aaSSAfZVH5ovM8pcjrTxI","8bvkcO6jRE5rd1PN0Pkv4r","8cj8tCxrpGVLLXj7WSeWFl","8deOmbrzZDR4xYB9FpCtZx","8eA51ayf1P0qk43alpvEwr","8eNQ5GxZJBt4oqLIYgzIme","8eOgol/chClaVA1BkXuDDB","8fsva1jahIwJZjp3eYvwhb","8f83kLoqRE/aRvNLiN5wHI","90XIJ85zxKSaL2BJy1dRwk","90qbaN0W9OnKsojvR4tAwR","90q0/mrrNOyrPN22NEGsfC","90rxdXeW9Pe5AONpMvFR1E","91RH9+nuFBbIhygj6wKOb1","91clKkvGZCw5uiI5QWi5X1","915jSqnudIIJpCi2QEuuJS","922GGnygJFDLqP+VPzHWYf","94P98G/tROAJyDl/X0QQvm","94eG5rtitEo4KJYPBKh9AI","945ZbbALFLmrtlYAxvAmHk","951Qs1aptI4KqE85+vDSfw","96ojScJq1Ey4YMU09pmTfz","96rsxrsQZL0LEL50S3Hx+4","97NExzRq1ABpTUUzLfdWmx","97UvBJdsFELIcGOSggogCm","98MbEk9N5GWJ3xRmH6t5Tc","98Z7WQEzZP9ZLQhyL9/xeE","98cylCa8ZKG4ZJYQq/gNni","987VyCDvBF0YPdhavz0CRw","99uGdYn6FPKIsBNG5r20JV","990I0Db4dFFLx2WmxDiwlJ","9a/Y6D6vRG7pqm60s2OQ+D","9bi/vhngJAH45RMTlnim6v","9bxfc4BJhA8ZO4FejcPPph","9coUmf8ndFZ4ZSSmXS31xX","9coiesuyhAz5NVNZ8XQ7mb","9dSqDSoe5MRoRL+2SWx8LD","9d/ofDO+BC/4arLMbHekBx","9eQwmfcbxLmbRusCJImFs2","9fMLVgaI5HJYdVXhEY5U3k","9fSweQGMtPO67Zt3Q3/IKk","9fUVBdOdpExJ13KhQ/B6J3","9fYy+OH2xEQLeiLO7Db6az","9fy9bDZ8ZHMIHSBKMjG/UW","a0BEoNKdlNhJGMlGZueKkM","a0cNxnx5dCXroFy0a7PGcZ","a03yFYWPFOZITKBaxP3Gez","a1eNhQYAdM177ky1zt1gvd","a1q9W50UVIQ7sLJOcloUEi","a2DJcY/iZF9ox8flMMd+VU","a2MjXRFdtLlYQ5ouAFv/+R","a2Z2ve415Ks6fCl6MODP2r","a2lO139n5CH5z1d671BYV1","a3iMDGIgxE1IvuyAGA0jJG","a3ii62vnJJfKxd41iX8b75","a37V65h4tDZYyHjGhPyTWC","a4LYauQVFPVputig/mYfmc","a5cCqspHZGSZu13Jec3U/Q","a5zFyivzNM6Yto1ZGPh/gX","a53FHx20hI8YVTKNVHc85U","a5/NXYPm5PhKDrN12efufO","a6JYtnPeFEy4MmZeQQ3Wmr","a6NE7tHNZLp715CqXuDo4m","a6RjDL351NN4we+cIZ/xnz","a68EDZqDVIHJL2JtHdVWx1","a7ODdCD+ROFpMZMk4klOdo","a7WfGj1udL0ZxRgRNOE20q","a8RhPxT41PYZzUesgVf4pI","a8SCwmjd9FXoSAIs21hXom","a8al7bgcNKn5jxzMYZ1U8C","a8cSMUhOVMOKTkrRAkDe3N","a8sZ7Dgz9JhZxuv3SfPlbi","a9G21iRxxJnaHjH/YfII2r","a9Z0+Ej9VBQKQg7eDWb5tl","a9cWxwUWVEfrEtQcjnYmvS","aav0gGqU1LfYbYjhwwb52Z","ac2SYIf1FAjqSYJo8Rxi3c","ac7T54maZNDIGm8eF9jGXW","adGENbjMtPkZGx46sl7bJ6","adRoHe5T1IZpjrs06ou4NT","adi/PcQ2FOW68LaUI2FCqD","admKEccwhBeJ53nzlv73x2","adtsswXnlCuolILNdbM7pO","aeTxsoaD5FibBa5E5oGuYa","aedLHUoP9Hw57pxF0GdupK","ae98j3bPRHCrcMWp8OfdUq","afNo3IhgtAZptaEfw6lT8T","afN/A7Yu1I66jQblrMHquj","afXXHVu4hIWKxViDeTViaQ","b0JugGT2RNuJ8VdVEOCId3","b0QYz15DBLVr/Ybh8CNk5n","b0wNJo6/hLAZlDDtn7EqR0","b00UKrODdLxrJnLMwrVGqh","b002di/E1GOKMyFGW5ocJX","b1VBmpPqhB9ZLKVJmYTYVp","b2AtqsYgNDeqKNTHVaejZG","b2ECW60shKW4wyb+H2OAZL","b2V7tJD4JP4LJ3MaN/RQri","b2YLIIWAdL15x7+LHYMe2C","b2Y7ZlnPJJaZ7SaE7z1cza","b2aHrECZ5APKGS/0d2hvT1","b2hm3CLmpJ1L045s2Pvdw3","b2pEQYTktKRKtRVZXOH/vu","b2qO5ZUJ5OsYfom/qBy92G","b2ysjGWaFDl4EzYBXeY+rC","b27ZpC6fVPvKJMGhg0tt/5","b3Dhda/MdHr469yHyObh3g","b3N3fC7CZBjK4fS9r99RbJ","b4JWLWx7hL8q/yJFAjFYbC","b5Aig6MYtACqlHrqSbdGrq","b5KWoZsy1Bj6WQG5ayWSjk","b5jpNgc+RKia7Kx561ZEwZ","b5p7O9r3tBJJBIxY5jYMZN","b50oxOUa5PAJwetFQe6Yzv","b55hvqPBJFd4izT/jFNSSi","b6G6H/nelI16byJdI0EJ4L","b6Svfeg2BFPIdTsW9xA+Ja","b6dnulWphHj6I+RQa+P3wR","b6y+kBYhFES6dJKAXX7kDu","b7HHMbk9NFUpGgdlk01XPF","b7I84w4uRBA4v9JpUhgQ8T","b7u2OBA4xJGo4OyMBvLLlO","b7wJK+ltVJV711JcW7gbg4","b9HENLpqtFr7fh2kAE/lcH","b9QeKuOLJJRIylRJD4etaL","b9yzfNIUZDc4IGSZrlkHXj","bbn5sth/NCgLmPAEHm4fhx","bb50BqCXFCO7VATMyrf+qK","bb90OwE1pN/6EA9sTN5yis","bcWmJ8dAlEeYUMXZV77Wr7","bdsJ8v1LNOM4SOismZC56t","bd4jrkJqFAsI6Ja34kk//i","bd5kaSRyJLOLZghVEm4Cx0","bd8l4ohwNHWKcevX+raq3N","beAD0M3v9KTJRN2qlShOYc","beBRufQFpJ746KA7VTJUlQ","beK8zzVNpA07xftJK+uvDa","beOh2NeRJOG7DiCYMhUuDr","beYRnXEOJBD7iLrSbwErFH","betCs15rBCtKLJj5HbclmG","beybO36FRDCqBy1evrBW/T","be7Oru3MFMW4USwrfSfZpX","bfOXOE1fBPLaK54JKx6O/w","bfZkdo4whFMJusIMztJCT6","bfrCTshaRIcr/wqCthOeHM","bfvKFBmghAXoQ+3Da3gIaH","c0BpACo29BS6Nc2JXca9/R","c0jPDPj6pDv7Dv6ERD+jOA","c1DCw+8/tMuoAyIcZ7QxLW","c1Q/hmN+JLwZrsxhqlhtd3","c1TpdsUGhBRI3kAjxvBgQ2","c1kqRrhldPtJO3JpkWLbwe","c18ReNAKVPz4NEYXHgAh4l","c2AJLa8rVGpZ935ES57GbM","c2G2dlv3dNTaLLYj8bnCA0","c2JxxOHjdPd7PliBTsO1UF","c2RSv0mL9O+6j7bybyHE22","c2g6eM21VG94Y+ja7uNCW9","c2owfLkl1IDpIVWUKb6XPd","c23ubLrCNLhJASKGXMg69l","c2+SOXx0pDdYxPr1FqBNfO","c4e4B8VM9FwouVVVwZxMU0","c5M5zEyAdFmasz0EU31nbz","c5NmmFO5JEpK4ALVbSjN2O","c5hVnGNipOeJmQ2WB4liCO","c5mgicYOVAM77yij69thz2","c53sN9dcNP4rugqmeq8uG1","c57W2bBGRG7qVRaugVgHVI","c6qXZCbiBHPIGymxa/gUPE","c6yEcUhm1Pwbb0WekI9EBi","c7UxLPi9lONIlSCZa2ArRL","c73NIg3/1J/5ikNAycEyn0","c74OkkaepJAYHu4pkeJmFz","c8h//g+MJGqrXMoNuyX6UU","c9VupEoCxGbIrIXOJwwOth","c9WZejj7VKnITg7yulK8f6","c9xDN/NgBKz69SmIufLIdl","c98LeietZBH4YDSLppyn+f","caFpX7OTBMhpHjmvKWb2Uc","caTq7fCBlG3bdVxvLmu4Iv","caeZ9S8iFCM7UsGnM9mz7U","catgDBZohEQInnHYR21fcE","ca8A7xXUpJpbkPlP/gpfm0","cbW+ZWA1hMKorRzYGc5FHl","ccOkWCiE9BQZNQthFqIUMH","ccfsK1+aFCAplIB5d4vT/X","ccvBropxpBs5sxsM7mfdqP","cc1qU9eGdFkqcHhxfrUp3M","cdCOLCfyBMq54IUTbcbCgy","cdJ6JtWyJMEKGRZlZHxLVJ","cdMlRJmh9NFraBufDQ5x9/","cdlo1zdb9G9aUjMGN6oIYE","cd2AfZukVKuo0RDKkZuQ6W","ceWru8/KxOFKNGpD9XLbnC","ce020QxSBAta4GdSNSoPvF","cfD7GsovRAo724Qc3/svVM","cfKyTAzglGCqZ5KUkJjrCZ","cfmomSF/BMMJmppfIr28EX","cf60PYkQhFdLuiXprwgUPs","cf61NBGEtPZbjdwvyJMQP1","d0IZP58WNKEYGsPhbA4a6t","d0tr+JetFKZoouwTTyCZ+n","d0uwim3SZGwYc/rZ11n/Jp","d0xFl7uPRK3Jel356nrZIg","d1UhIBxVBKCJHwvNIgXIEj","d12aZmdP9Eb5I0ra+KuU+P","d2k9eyoqhDVZ6he8eJ2XDS","d2l9W6BZhJDpLbbOdFeXMZ","d29u/cV0JBZ5whN8L1r3Jt","d394P9UppMxa1C3wavErAz","d4Ms8nkzlF+rWeZG6S9VeV","d46RmmK/tBKr+ZPkTIfgmh","d4/YpnCMhMsZoHiQoritMr","d5OXgY/MZOYYKpRSbCWg0d","d5O1Bh+oxL8pv/RXnEW4wO","d5gOvRztJDhYTW68eOX96b","d5vnQkVZRMUKtHaAB9YxNz","d6a45m4ERMjbjVhjWs5dRg","d6m7BXtEtL5obZpKM5UWW8","d6nnb3LqVAV5TD31SU7Imh","d7QN7Ns8RLdrZAe1kRp1MT","d7yWi4aW1MeKrRnVYTVEIU","d8Q9VO6wJLy43DcJBAeELZ","d8g1WQ7qBB3pASImoLXCAo","d8z8hvkHFAc4bdcOskeMie","d82TrpCyZNqLAgrZFhKLVb","d9BerXuPhJspDiQgDbISOD","d9DhMJmrhIIaDlcgEUEZIg","d9GDMV1PRJP6sTOcWcOEnt","d9r12YGNxJJIidMy+Mnu2b","d92+7lfshMm6HsWKkEKVx1","daEuHvMHJOLbSexhSxjGbV","dahqJ89DpIVpEw9Th4kTno","da11ff3Y1JbbgrrWzEZC6q","dbRquMETJObJFrdN5hI06y","dbgtJjPrJGLLzTRRE3mcwz","dbxouUBL9D8r8352GOQm28","db4M6xPZNJrreojTELmPtG","db8behTylD3qC+4TlE+e0K","dcYjAsFmBLtYSqiC9T5tF8","dcqYO0YTdBf59O9vj8vXQN","dc9K+eu1ZIqr5NHoBcuFQ2","ddNkZK+LZPXK6IXipcNmUh","ddSG/CF/lJy4rYoHf1tR2+","deR739J4ZHDKrPp3bI6Zkj","deZ0xch/NG7K7wLLxn0ex1","dfrX8KaOBFmr1XX+Q/5KW9","e0D+Ja8XlG85bUfdGaz1H4","e0Z3DI/bBGaIpZ+M+oDbx9","e0a2f8cJdKjaIXzHZq5Cqp","e0myHLF4lOJJsRdlVgA7aS","e0zlPHDE5JrryJjVH83sIl","e1P9ui7JRI67uXaLd0GjYk","e1ld5tA29C/qyMaxtHudub","e1xY1NAVNLT5H//KGQ1P1g","e2BPZXuvdFebufUA7tinyo","e2vF+/uYFJrbl37CII8UXY","e25DYYXppIuoo/8LJSbq2p","e3OV/N7WRP26VC4+O/a3QX","e3xQFuRqVLyK+yIjPnrJnu","e4LoHtJHBKeY/CpXWglCI6","e44p5ml+9FDoucMce4ApWl","e5aWzOhWFFjKO2dqn3UQ7s","e5t3xFdYpF+pDYlfEHJkIC","e5yukhlJNBF7frxw2Bc0LZ","e53lDBR6xKJ5ws4uH1Hj9Y","e59WxB8LhEYJybPW/lfY+v","e6cxVZ909HMYa3eJUj5EVg","e6tCsNZfdFepc8tOiBJlYN","e65PBoZyhFXaCXXEyiLhl3","e68DL8sOZPaIVKaisaDI55","e7c3w3wCFGdpWo9bNv+4FN","e7jQmfButAepDkOokWLV65","e7vAQ6DTtAzJ8t7haZJnNl","e7zI+ZYyJMQ6NCs6STKL4w","e73lB1wJVORoxusA5sJJJc","e9JUHsHWpBpLf/gx3OScle","e9s2UQ++hMq5ENZcSiYCkZ","e97GVMl6JHh5Ml5qEDdSGa","e97fJLnRJD5oeNmE2uNY09","eaJ2mlj5xJ5KFpXVOJBJiS","eaRK39fRlA7bLIYmKYDe+c","eakGCxBD9H6qqMVVb1n2fb","eatmE+iPpINrjRLzORiBSI","eb3frGYCRPSYA3srRlCa05","ecCTW49kJJYZX+93y4H/Sv","ecDd889lJJsr/66ran8CcU","ecJz2i7q1ICZCc5MDEihSW","ecpdLyjvZBwrvm+cedCcQy","edQ49snDFA1JCj/xm7pOPd","edi5zdToVGIpyRq7vhCFGS","edvLSWnvlBgogXkzJ3UhfI","edwlD+v4BAfozCuJFpovMQ","eeNYPNm6lNt6goUri4SXDF","eeuGHZpihN45aeKDuJ4Wgs","eeutYc5nFGmrtMPkYBDC1R","ee/KtpQj9FEIMoklqA4cpf","f0BIwQ8D5Ml7nTNQbh1YlS","f0LeV0QkdPdaajroJV4Kuy","f1Ij3aJMJM5o3pJQwPXEI2","f1JqnL4JdLSrEc5Zf6HfJD","f14yj5j2pJ1or9B9es0mkN","f2lFAuS7VPUJ/REwrOH8DL","f4CsgCUPNLtJvl3BSsVDiW","f4hAijca1DEIqY/+SF3RZL","f5Nu/HJutA/6UcIkot/dA6","f506Nmqb5A9IezQX70F0CM","f6MlRcJxxEh6NvHGmMf3eI","f6QrVjXJ5Buq5zByJLX39R","f6UUtkPnJCwKV+JuHNQCQ0","f7OYj7DrpC4KDvrlPr05K3","f7U1dJ5QlGRb13QYK8+cxv","f7supoR2pHUIyWBT0aBYrq","f8Zvur9+dE67OrzL0PnRkv","f8b3+SHzhA9a+QJmcEPQ9w","fa7MJlsiRPv5Y2E8xPDQ+f","fbWDim/z5FTqMf6qIS8AJT","fbp9DD0ydMna7dTQ6U25Jx","fb5S0kEcxCEJIHFtQ6EZ5K","fcC8e4audI6IASum1v1AgL","fcKP3QCIxPT7TOdy9oZean","fcNFPBKZBA2oD9b8LDBaw4","fdFnZ7X2FFa5Pi1QItFpZE","fesaVgG+dC/Kad5RQhZny3","fe9f6nW2tFypZNZ/SGpl9s","ffpcYujopBy6zmAXQcrP/A","ffvpWZSrZDVZFBZMhrvEO3","ff1PdEH25Fp6Yn5opF5kri","ff8ZSt6vdDKpmoOJlpQCND"],"scenes":{"db://assets/Bundle/DuaXe/DuaXe.fire":198},"redirect":[406,0,456,1,554,2,562,2,632,1,733,0,783,2,857,0,961,0,968,0,971,1,980,0,989,2],"deps":["resources","internal","main"],"packs":{"010698710":[407,444,659,837,939],"011e9f300":[474,271,967],"012d26077":[318,331,354,358,365,488,531,552,614,695,720,886,921,946,959,970,997,1006],"0154f2eef":[155,180,226,246,253],"0193c6e22":[432,593,639,752,773,781,916,938,958,1005],"01af92e4a":[356,391,443,447,472,509,551,652,657,748,828,851,909,962,993],"01eccf387":[392,646,725,749,776,918,941],"021ce27bb":[202,208],"026f7da06":[529,840,1000],"02b1bdd7f":[293,429],"0315b93ac":[431,731,904,913,1002],"0357bb5ff":[315,351,498,607,612,743,786,793,803,820,855,942],"03860d87a":[455,528],"03c684b79":[409,467,493,579],"03d1fc63b":[390,557,675,872],"042374c3c":[385,440,454,613,707,785,798,924,957],"04a819ea3":[313,325,330,361,389,413,439,464,510,535,576,602,650,664,711,816,842,865,888],"04c09f2d3":[296,469,492,495,524,532,534,549,577,692,715,729,734,745,789,794,818,912],"04cb56ee9":[430,700,762,767,809,864,870,883],"04d664ab9":[422,465,565,569,587,633,902,996,1008],"04ea080ca":[328,344,360,372,414,477,482,512,573,588,610,618,755,760,811,862,878,926,950,960],"04ff02361":[383,763,935,949],"057776ebb":[292,303,502,518,545,595,596,626,641,654,660,680,693,701,832,858,889,934],"057f6d851":[128,129,138,148,154,166,176,179,193,214,218,222,231,236,242,278,285,287],"067ca7d75":[345,513,553,212,964,973],"06b3fff00":[522,623,810,835,852],"06f3b0f73":[323,446,448,516,521,584,668,823,856,284],"0737b0162":[322,371,427,481,519,527,590,592,621,647,663,694,717,747,771,799,933,965],"076cded04":[393,419,479,503,578,585,726,801],"07f06e8e8":[189,230,247,254],"0811cdc22":[486,649,805,833],"08125190a":[362,651],"082779e67":[320,374,400,704],"0830fe5fb":[349,174,515,583],"0847d146a":[244,879],"085c38def":[321,327,141,434,471,476,507,638,687,768,831,839,931,976],"086506edd":[314,508,759,817,897,982],"08ae611a3":[299,350,438,442,483,487,533,538,766,893,915,951,280,979],"08ed83788":[139,201,217,228,252,282],"094042481":[305,317,342,353,396,449,559,563,662,698,728,808,847,853,910,920,927,937],"095d027c0":[294,308,334,394,401,491,517,530,541,542,566,601,640,645,676,681,688,709,732,735,742,756,775,784,822,848,875,885,261,928,987],"0981d107c":[311,359,382,387,437,457,544,568,580,690,739,787,841,866,874,876,901,948,972,984],"0990de921":[520,571,600],"09a17c869":[622,1003],"09b7814d5":[377,648,802],"09e3936a8":[364,386,415,421,496,550,572,629,634,656],"0a114a715":[338,484,617,838,955,990],"0a12cbf85":[420,796],"0a21d6a65":[402,616,859,1011],"0a3cf53fd":[140,159,209],"0a536448c":[369,255],"0a699b497":[312,463,606,736,923,930,975],"0b0dc1c95":[310,753,273],"0b0e44315":[178,279],"0b193f3ed":[335,398,462,506,526,631,642,744,873,917,925,988],"0b209a8df":[304,417,424,511,546,604,903,914,929],"0b817636e":[329,340,346,357,378,380,461,466,489,539,547,625,628,714,795,821,869,906,953],"0b9c7fd16":[19,241],"0bc3ea87d":[300,336,339,348,450,475,543,589,598,615,627,673,697,710,719,780,788,815,887],"0bccfcd1b":[307,370,373,376,404,452,453,458,473,500,505,540,548,555,560,567,581,586,605,611,619,630,679,682,703,721,724,730,750,806,845,868,898,1001,1007,1009],"0c09050c7":[363,367,169,501,582,667,765],"0c3c38972":[136,158,183,186,195,196,213,262,263,276],"0c448ff4b":[637,266],"0c686235b":[245,890],"0c77690d4":[309,570,260],"0c7a66db6":[1,2,5,6,8,12,14,16,17,21,22,23,24,25,26,27,30,32,34,36,37,38,40,171,41,42,43,44,45,47,48,50,51,54,56,57,58,59,60,61,62,63,64,65,66,68,69,70,71,72,74,76,78,79,80,81,82,84,86,87,88,91,92,93,96,97,98,101,102,105,106,111,112,113,115,116,117,118,120,121,283,125,126],"0c8c494ba":[301,347,485,499,523,537,561,620,644,205,672,674,716,718,757,764,770,792,804,819,836,844,849,850,854,863,871,892,896,905,940,944],"0cb9f6604":[751,233],"0cd5aaf4e":[319,355,403,677,824,880,895,907,274],"0d4b91c81":[597,829,969,983],"0d9ed9cbf":[426,435,643,670,671,683,696,723,740,778,830,884],"0da2f557e":[290,399,480,536,184,558,655,684,699,827,947,974,991],"0da42a5d1":[149,204],"0dc9bcc88":[306,608,791,932],"0e421957d":[332,441,445,497,525,658,678,685,708,746,894,985],"0e5b777ad":[326,375,384,418,234,790,814,826,881,919,956,986],"0e8c595d9":[316,352,395,410,594,599,691,754,861,943],"0e8e5029d":[337,343,366,381,388,405,433,451,459,591,661,665,800,825,877,899,977,994,999],"0ee7f693c":[341,368,397,460,470,478,504,575,603,636,666,689,706,727,758,769,812,834,867,911,963,1010],"0f1054dae":[324,411,425,556,635,713,777,954,1004],"0f15df622":[291,0,4,7,13,15,18,379,412,29,33,35,39,514,177,46,564,52,198,669,210,73,722,75,77,761,85,772,779,797,89,807,90,95,99,100,103,104,882,107,258,108,109,114,978,981,119,123,124,998],"0f663ad38":[147,490],"0f7ea829c":[298,333,428,624,653,738,846,900,908,995],"0f81cae85":[152,686,843,945],"0f873aaea":[132,741,966],"0f953152d":[295,297,408,574,702,705,712,782,813,860,891,952]},"name":"59","importBase":"import","nativeBase":"native","debug":false,"isZip":false,"encrypted":false,"versions":{"import":["010698710","56773","011e9f300","4942e",127,"700e6","012d26077","c666c","0154f2eef","f3e05","0193c6e22","5162a","01af92e4a","6d56b","01eccf387","8707d","021ce27bb","eef95","026f7da06","acb31",3,"40ce4","02b1bdd7f","4f743","0315b93ac","8a440","0357bb5ff","00759","03860d87a","86f00","03c684b79","be710","03d1fc63b","b0962","042374c3c","81f14",302,"bfdb3","04a819ea3","0080d","04c09f2d3","d4e66","04cb56ee9","6ca54","04d664ab9","fe882","04ea080ca","890d1","04ff02361","e0689","057776ebb","4a6c1","057f6d851","5a033","067ca7d75","21e81","06b3fff00","8db4d","06f3b0f73","cf240","0737b0162","b672b","076cded04","b23d7","07f06e8e8","13a1c","0811cdc22","0def3","08125190a","2e838","082779e67","8b688","0830fe5fb","6b184","0847d146a","08fba","085c38def","4d61c","086506edd","17d8e","08ae611a3","e7bb7","08ed83788","83136","094042481","02189","095d027c0","a5ad9","0981d107c","18ed0","0990de921","730c0","09a17c869","8f0f3","09b7814d5","e8cc5","09e3936a8","83e3d","0a114a715","9cabf","0a12cbf85","11516","0a21d6a65","b0c1f","0a3cf53fd","50a8d","0a536448c","8e1a1","0a699b497","b6b72","0b0dc1c95","a4e38","0b0e44315","2c388","0b193f3ed","b722d","0b209a8df","b33f7","0b817636e","d39e4","0b9c7fd16","931fe",130,"b86d3","0bc3ea87d","1015a","0bccfcd1b","0c89b","0c09050c7","00686","0c3c38972","3de59","0c448ff4b","fa351",9,"17d5b","0c686235b","44d64","0c77690d4","b2f7a","0c7a66db6","527fe","0c8c494ba","240c0","0cb9f6604","2836e","0cd5aaf4e","41ad9",131,"ed764","0d4b91c81","4d3d6","0d9ed9cbf","28c5d","0da2f557e","be2ae","0da42a5d1","e59b1",10,"278d8","0dc9bcc88","ff749","0e421957d","c397a","0e5b777ad","43668","0e8c595d9","5ca5b","0e8e5029d","8a277",11,"8aa94",133,"d0194","0ee7f693c","3edd4","0f1054dae","17be7","0f15df622","f8d04","0f663ad38","ff17f","0f7ea829c","337c8","0f81cae85","d9bcb","0f873aaea","01181","0f953152d","3afb1",134,"01bdb",135,"871f8",137,"887e9",142,"5aa21",143,"d1439",144,"9b9e0",145,"72159",146,"df594",20,"89818",150,"f0789",416,"cba4a",151,"13f46",423,"03367",153,"8b447",28,"5b13d",31,"301ab",156,"4c88e",436,"43cca",157,"6ff65",160,"e4de5",161,"39e7a",162,"baab0",163,"09746",468,"1a99b",164,"fdb66",165,"c8434",167,"19370",168,"6c34a",170,"833d2",172,"b811d",173,"b4a8f",494,"62992",175,"99914",181,"11175",182,"3ba2d",49,"9931a",185,"30f59",187,"fc462",188,"de57a",190,"85dc5",191,"dfb5b",192,"05ac6",194,"9bb0d",609,"b2db6",197,"521a7",53,"73f73",55,"96565",199,"d9f34",200,"54a9c",203,"f6834",206,"108dc",207,"8549b",211,"dc1c4",67,"d9a2b",215,"d4f0e",216,"b33aa",219,"b927a",220,"28d9e",221,"628ab",223,"9b0d2",224,"4d400",225,"8d3ef",227,"956cd",737,"e9dd0",229,"62f6f",232,"a4a19",235,"06f3f",83,"264e9",237,"e7039",774,"5e4b8",238,"0ad7d",239,"7e99a",240,"0c13b",243,"c87c7",248,"211a5",94,"8e470",249,"b7593",250,"0ee42",251,"496f6",256,"509d0",257,"735f0",259,"8a891",264,"f2275",265,"92b59",922,"f4d84",267,"9ac85",268,"41ad0",110,"e6ade",269,"d809c",270,"c5bf5",936,"c0618",272,"d08a8",275,"4a3dd",277,"4038f",281,"2d7de",122,"3b52c",992,"67ad7",286,"0876a",288,"20ac1",289,"eb487"],"native":[0,"37a4e",1,"7b51f",2,"e8a01",3,"6ab69",4,"2d7ee",5,"d9a2f",6,"086c3",7,"583f0",8,"096a6",9,"4e429",10,"4e429",11,"4e429",12,"b30aa",13,"426f7",14,"741c7",15,"5c447",16,"072ab",17,"66462",18,"d69e1",19,"1d40e",20,"4e429",21,"8a5f6",22,"1734a",23,"22eb7",24,"d6b63",25,"61117",26,"d603d",27,"f81a5",28,"6ab69",29,"ae44b",30,"5d61a",31,"4e429",32,"4b448",33,"835c4",34,"7fd62",35,"0c3c8",36,"789bd",37,"c3a3a",38,"46f1d",39,"e41b7",40,"82b31",171,"4265d",41,"e35f4",42,"7ebe0",43,"deed3",44,"42881",45,"50467",46,"babe8",47,"6673d",48,"7cb2b",49,"6ab69",50,"96c43",51,"1ef32",52,"d69e1",53,"4e429",54,"9604f",55,"4e429",56,"bcddc",57,"49583",58,"04a1a",59,"50968",60,"81966",61,"bc3b8",62,"976ff",63,"8a6e1",64,"3a10a",65,"5e46c",66,"95e53",67,"4e2d3",68,"3a4c6",69,"1b920",70,"a1af6",71,"244f7",72,"8770f",73,"6c221",74,"8afe7",75,"d0c02",76,"2ceaa",77,"1d83b",78,"26c3e",79,"48a49",80,"8dcec",81,"f7426",82,"5b655",83,"4e429",84,"52a71",85,"6bde1",86,"5e247",87,"32332",88,"99299",89,"2cd3c",90,"622c6",91,"7dbd1",92,"c71bb",93,"996de",94,"4e429",95,"f72c7",96,"dd980",97,"776aa",98,"4cc0a",99,"898d8",100,"07e6f",101,"4b4de",102,"a16be",103,"f0601",104,"371b3",105,"d0074",106,"a575e",107,"d543c",108,"0864c",109,"740b0",110,"6ab69",111,"810e7",112,"ec7cd",113,"265e1",114,"dad5c",115,"d5b62",116,"39849",117,"54ede",118,"99ad0",119,"091c8",120,"5694a",121,"4818d",283,"284a9",122,"4e429",123,"8f795",124,"8f9c6",125,"10f69",126,"97624"]}}