[1,["54fLT+fUFBQquGUAZ85Wow","2atw0SNCJImY0kZIA+SbpY","ddSG/CF/lJy4rYoHf1tR2+","43z0ySnb9CTqc5xhF8x2/8","0c9SqPcuFFlaGbfY5/jMYa","ac7T54maZNDIGm8eF9jGXW","e9s2UQ++hMq5ENZcSiYCkZ","1fSdbYxddCXIxdD0xultiY","65WjbrZ0VHxbsAFCkGwvlG","737Ag6olBMProo6wLbD84l","4ei/A43uRGT7uAS4NgN5xw","a9G21iRxxJnaHjH/YfII2r","cfD7GsovRAo724Qc3/svVM","6cTrI3ys1OELnnuKXptORQ","72QK1zAoFFo6voX2mJjWfR","dcYjAsFmBLtYSqiC9T5tF8","e6cxVZ909HMYa3eJUj5EVg","124kY9Y39B2reXLaLZe/dl","1bCFdbf8lE16KlY5DfqqQJ","bb90OwE1pN/6EA9sTN5yis","33cQSR8MhBrr1JTZCkEU1T","eatmE+iPpINrjRLzORiBSI","44pnJJM8pECZStGk2rpiO0","caTq7fCBlG3bdVxvLmu4Iv","a5zFyivzNM6Yto1ZGPh/gX"],["_textureSetter","bw_h_02","bw_vfx_f_add_01","bw_vfx_a_screen_01","bw_vfx_d_screen_01","bw_h_01","bw_particle_a_screen_03","bw_vfx_f_screen","bw_vfx_c_screen_02","bw_vfx_c_screen_01","bw_particle_a_screen_01","bw_bg_03_screen","bw_vfx_f_add_02","bw_vfx_e_screen_03","bw_vfx_e_screen_04","bw_vfx_a_screen_02","bw_vfx_b_screen_01","bw_vfx_c_screen_03","bw_vfx_e_screen_01","bw_vfx_c_screen_04","bw_particle_a_screen_02","bw_vfx_d_screen_02","bw_h_03","bw_vfx_e_screen_02","bw_vfx_b_screen_02"],["cc.SpriteFrame",["cc.SpriteAtlas",["_name","_spriteFrames"],2,11]],[[1,0,1,2]],[[[[0,"Alats50.plist",[{},"bw_h_02",6,0,"bw_vfx_f_add_01",6,1,"bw_vfx_a_screen_01",6,2,"bw_vfx_d_screen_01",6,3,"bw_h_01",6,4,"bw_particle_a_screen_03",6,5,"bw_vfx_f_screen",6,6,"bw_vfx_c_screen_02",6,7,"bw_vfx_c_screen_01",6,8,"bw_particle_a_screen_01",6,9,"bw_bg_03_screen",6,10,"bw_vfx_f_add_02",6,11,"bw_vfx_e_screen_03",6,12,"bw_vfx_e_screen_04",6,13,"bw_vfx_a_screen_02",6,14,"bw_vfx_b_screen_01",6,15,"bw_vfx_c_screen_03",6,16,"bw_vfx_e_screen_01",6,17,"bw_vfx_c_screen_04",6,18,"bw_particle_a_screen_02",6,19,"bw_vfx_d_screen_02",6,20,"bw_h_03",6,21,"bw_vfx_e_screen_02",6,22,"bw_vfx_b_screen_02",6,23]]],0,0,[0,0,0,0,0,0,0,0,0,0,0,0,0,0,0,0,0,0,0,0,0,0,0,0],[1,2,3,4,5,6,7,8,9,10,11,12,13,14,15,16,17,18,19,20,21,22,23,24],[1,2,3,4,5,6,7,8,9,10,11,12,13,14,15,16,17,18,19,20,21,22,23,24]],[[{"name":"bw_vfx_b_screen_02","rect":[1406,786,280,246],"offset":[0,0],"originalSize":[280,246],"capInsets":[0,0,0,0]}],[0],0,[0],[0],[0]],[[{"name":"bw_vfx_d_screen_02","rect":[1315,384,400,400],"offset":[0,0],"originalSize":[400,400],"capInsets":[0,0,0,0]}],[0],0,[0],[0],[0]]]]