[1,["ecpdLyjvZBwrvm+cedCcQy","52wSLseURCn4pFaYDnkBUq","bdQ81WQlJKgZjhTZOVFvOR","ccx32u+OdH/qKYlOJiOcp8","a2MjXRFdtLlYQ5ouAFv/+R","c97guK9OBDe6XDHmn7yKC0","93mn6Wde9ITYBMtlxUIi2E","eev6r+CihKZJxHy2ZqkBru","196L2idNNC9LSILEpbPLlg","7eR1NEYQhKWaKZDMLrycdO","5f5dyqtRNNxaFmVzYns6FZ","2dC15FTMpEpa8CABU9uYoe","5cO7kybDxGj4ipyMYdRYZB","2bdQ45EalLiJofmPfwaCJZ","e94K3hospDUbS6P2i5DDLS"],["node","_spriteFrame","_textureSetter","_parent","root","data","_scrollView"],[["cc.Node",["_name","_components","_prefab","_contentSize","_parent","_children","_trs","_anchorPoint","_color"],2,9,4,5,1,2,7,5,5],"cc.SpriteFrame",["cc.Sprite",["_sizeMode","_type","node","_materials","_spriteFrame"],1,1,3,6],["cc.Node",["_name","_parent","_components","_prefab","_contentSize","_children","_anchorPoint","_trs"],2,1,2,4,5,2,5,7],["cc.PrefabInfo",["fileId","root","asset"],2,1,1],["cc.Prefab",["_name"],2],["cc.Node",["_name","_children","_components","_prefab","_contentSize","_anchorPoint","_trs"],2,2,12,4,5,5,7],["9727cmyuFBEcIOrg0xJZAlM",["node"],3,1],["cc.Layout",["_resize","_N$layoutType","_N$paddingTop","_N$paddingBottom","_N$spacingY","node","_layoutSize"],-2,1,5],["cc.Widget",["alignMode","_alignFlags","_left","_originalHeight","node"],-1,1],["cc.Mask",["_N$alphaThreshold","node","_materials"],2,1,3],["cc.Button",["node","clickEvents"],3,1,9],["cc.ClickEvent",["_componentId","handler","target"],1,1],["cc.Scrollbar",["_N$direction","node","_N$handle"],2,1,1],["cc.ScrollView",["horizontal","brake","bounceDuration","_N$horizontalScrollBar","node","_N$content","_N$verticalScrollBar"],-1,1,1,1]],[[4,0,1,2,2],[2,2,3,4,1],[0,0,4,1,2,3,6,2],[5,0,2],[0,0,5,1,2,2],[0,0,5,1,2,3,7,6,2],[0,0,4,5,1,2,3,2],[0,0,4,5,1,2,3,6,2],[0,0,4,1,2,8,3,2],[0,0,4,1,2,3,2],[6,0,1,2,3,4,5,6,2],[3,0,1,5,2,3,4,2],[3,0,1,2,3,4,6,7,2],[7,0,1],[4,1,2,1],[8,0,1,2,3,4,5,6,6],[9,0,1,2,3,4,5],[2,1,0,2,3,4,3],[2,0,2,3,4,2],[2,1,0,2,3,3],[10,0,1,2,2],[11,0,1,1],[12,0,1,2,3],[13,0,1,2,2],[14,0,1,2,3,4,5,6,5]],[[[{"name":"4","rect":[0,0,657,637],"offset":[0,0],"originalSize":[657,637],"capInsets":[0,0,0,0]}],[1],0,[0],[2],[1]],[[{"name":"5","rect":[0,0,621,658],"offset":[0,0],"originalSize":[621,658],"capInsets":[0,0,0,0]}],[1],0,[0],[2],[2]],[[{"name":"2","rect":[0,0,645,828],"offset":[-3,0],"originalSize":[651,828],"capInsets":[0,0,0,0]}],[1],0,[0],[2],[3]],[[[3,"CachChoi"],[4,"CachChoi",[-3,-4,-5],[[13,-2]],[14,-1,0]],[5,"content",[-7,-8,-9,-10,-11],[[15,1,2,20,15,40,-6,[5,220,4571]]],[0,"c8bhPNgz9GCY7yQAGdYJAG",1,0],[5,220,4571],[0,0.5,1],[0,640,0,0,0,0,1,1,1,1]],[10,"scrollBar",[-15],[[-12,[16,0,37,350.07654921020657,237,-13],[17,1,0,-14,[14],15]],1,4,4],[0,"18srJF37dB3bogLAgwjGIj",1,0],[5,12,1280],[0,1,0.5],[360,0,0,0,0,0,1,1,1,1]],[11,"scrollview",1,[3,-17],[-16],[0,"07eorF6kRM1IAsTbfBUqb6",1,0],[5,720,1280]],[6,"view",4,[2],[[20,0,-18,[3]]],[0,"c1bdswaY1CQpF8MnuJtIWQ",1,0],[5,720,1280]],[7,"menupopup-close",1,[-20],[[21,-19,[[22,"9727cmyuFBEcIOrg0xJZAlM","onClickClose",1]]]],[0,"1cjmqdkaxHfoLJh9P+0hmT",1,0],[5,80,80],[305.09,592.586,0,0,0,0,1,1,1,1]],[8,"sprite_splash",1,[[18,0,-21,[0],1]],[0,"97E/ujVvJDerfvcUJqAIe5",1,0],[4,4282198828],[5,720,1280]],[12,"bar",3,[-22],[0,"73BQmHV9dHRrKyvWV+cqRf",1,0],[5,10,30],[0,1,0],[-1,0,0,0,0,0,1,1,1,1]],[19,1,0,8,[2]],[23,1,3,9],[24,false,0.75,0.23,null,4,2,10],[2,"1",2,[[1,-23,[4],5]],[0,"ae0RS5T99FCqBfVH0xwA8p",1,0],[5,617,1527],[0,-783.5,0,0,0,0,1,1,1,1]],[2,"2",2,[[1,-24,[6],7]],[0,"49dHj664JGLaoYvgmFkCBy",1,0],[5,645,828],[0,-2001,0,0,0,0,1,1,1,1]],[2,"3",2,[[1,-25,[8],9]],[0,"1bYjPZXldCD5GerdJvPfl2",1,0],[5,636,726],[0,-2818,0,0,0,0,1,1,1,1]],[2,"4",2,[[1,-26,[10],11]],[0,"76qszf1TZPJYu2+TL0qqYH",1,0],[5,657,637],[0,-3539.5,0,0,0,0,1,1,1,1]],[2,"5",2,[[1,-27,[12],13]],[0,"d2MUpQkwBNuoAbZAfy0Uvt",1,0],[5,621,658],[0,-4227,0,0,0,0,1,1,1,1]],[9,"Button-ic_close",6,[[1,-28,[16],17]],[0,"bbbATczk9NhqLkYIYyyP/A",1,0],[5,108,108]]],0,[0,4,1,0,0,1,0,-1,7,0,-2,4,0,-3,6,0,0,2,0,-1,12,0,-2,13,0,-3,14,0,-4,15,0,-5,16,0,-1,10,0,0,3,0,0,3,0,-1,8,0,-1,11,0,-2,5,0,0,5,0,0,6,0,-1,17,0,0,7,0,-1,9,0,0,12,0,0,13,0,0,14,0,0,15,0,0,16,0,0,17,0,5,1,2,3,5,3,3,4,10,6,11,28],[0,0,0,0,0,0,0,0,0,0,0,0,0,0,0,0,0,0,9],[-1,1,-1,-1,-1,1,-1,1,-1,1,-1,1,-1,1,-1,1,-1,1,1],[0,4,0,0,0,5,0,6,0,7,0,8,0,9,0,10,0,11,12]],[[{"name":"1","rect":[0,0,617,1527],"offset":[0,0],"originalSize":[617,1527],"capInsets":[0,0,0,0]}],[1],0,[0],[2],[13]],[[{"name":"3","rect":[0,0,636,726],"offset":[0,0],"originalSize":[636,726],"capInsets":[0,0,0,0]}],[1],0,[0],[2],[14]]]]