[1,["88kCSd4eBOeK3PaXc0h2tK","55ImZfaY5JHJHpygeGahfh","0ct47fxChLx7aQtyiJ5fVG","88bDsgVVxD8ZuUseIWbNc/","81keLjdItFhaxltkJZ84/6","84ekTGzy5CjrXGvD6C3qke","9dzVtvseVCMK8koya/tbjg","48pB1wAlRJRZ8rmPFVuazh","d1ufeQDFdAsbEx7scL77uq","50OlCEirFPSJnniAa24alC","2cthkKb7dMGqlrT/rNkJNn","79h3qL6xFE6IqJ58YeDn1J","bf3a3wuPpP/aXF9IDmKMCc","b0gO/JretGd4Mnf1beQRLT","77QgSncxZI17LxtmCWsXtI","81AXZAroBKEoDNzKDeA2av","24q669/AZE+IZYxtWDKV/b"],["value"],[["cc.AnimationClip",["_name","_duration","sample","curveData"],0,11]],[[0,0,1,2,3,4]],[[0,"scarab_bigwin",0.85,20,[{},"comps",11,[{},"cc.Sprite",11,[{},"spriteFrame",12,[[[{"frame":0},"value",6,0],[{"frame":0.05},"value",6,1],[{"frame":0.1},"value",6,2],[{"frame":0.15},"value",6,3],[{"frame":0.2},"value",6,4],[{"frame":0.25},"value",6,5],[{"frame":0.3},"value",6,6],[{"frame":0.35},"value",6,7],[{"frame":0.4},"value",6,8],[{"frame":0.45},"value",6,9],[{"frame":0.5},"value",6,10],[{"frame":0.55},"value",6,11],[{"frame":0.6},"value",6,12],[{"frame":0.65},"value",6,13],[{"frame":0.7},"value",6,14],[{"frame":0.75},"value",6,15],[{"frame":0.8},"value",6,16]],11,11,11,11,11,11,11,11,11,11,11,11,11,11,11,11,11]]],"paths",11,[{},"title_bw",11,[{},"props",11,[{"opacity":[{"frame":0,"value":0},{"frame":0.35,"value":255}]},"scale",12,[[[{"frame":0},"value",8,[1,0.2,0.2,0.3]],[{"frame":0.35},"value",8,[1,0.4,0.4,0.3]],[{"frame":0.55},"value",8,[1,0.3,0.3,0.3]]],11,11,11]]]]]]],0,0,[0,0,0,0,0,0,0,0,0,0,0,0,0,0,0,0,0],[0,0,0,0,0,0,0,0,0,0,0,0,0,0,0,0,0],[0,1,2,3,4,5,6,7,8,9,10,11,12,13,14,15,16]]