[1,["55bgepalNGo7LKXH3n5cYc","0cq45+v4RLtbdEG2Gb6iUV","90UDYv3AdJP7u6NsV1tCCs","d7yEuopcRLMoaJFkjJDeni","d4xyUoB9RIdLzVWZnz1por","aawaHd+MlPioA5SiUn5TQu","1fKJKgmEBNtrvOhqiOqaFZ","1bWpoeIShEK62mQ2RIqUIH","a1q8lnYzFKzqO+0AfrfG4g","2cbMzBXkZBDqrt4QHUB+qE","89xYHlJuVAoICmGZ11YjB9","7aek6qgeFJrrpRGRB7RbE0","35D0/80qlPl50MoRryL+C9","24DcUBQ5lDPLkGiM6PgVJa","e8YjmOI6hAz6eUXJoYpgLs","10Pnz+76hLPJPoY3dy+MK/","1aRUfQpYxMCKuGMm1zaj/s","d0hVNvYCBHZ6Y4AGj7ptJ6","adfyrTXmdAY7zAwmCJUKQW","2c0QDNyotJIK1uicocC4NJ","dcqWlpt9JFXZkRmVvCvhbg","901XhOo8BNz45zUQi9bzlm","69ZnSFXxlBVYkPxpFvmKJW","34JJw77fFHho453ETD5IQz","eblDBL/eBJQbIdqaqBjylT","61xw3y+ZJL5aXHVCIf2S28","6bFTIeIHpGB7ntl0PJAKqH"],["value"],[["cc.AnimationClip",["_name","_duration","curveData"],1,11]],[[0,0,1,2,3]],[[0,"ib_vfx_d_00",0.4666666666666667,[{},"comps",11,[{},"cc.Sprite",11,[{},"spriteFrame",12,[[[{"frame":0},"value",6,0],[{"frame":0.016666666666666666},"value",6,1],[{"frame":0.03333333333333333},"value",6,2],[{"frame":0.05},"value",6,3],[{"frame":0.06666666666666667},"value",6,4],[{"frame":0.08333333333333333},"value",6,5],[{"frame":0.1},"value",6,6],[{"frame":0.11666666666666667},"value",6,7],[{"frame":0.13333333333333333},"value",6,8],[{"frame":0.15},"value",6,9],[{"frame":0.16666666666666666},"value",6,10],[{"frame":0.18333333333333332},"value",6,11],[{"frame":0.2},"value",6,12],[{"frame":0.21666666666666667},"value",6,13],[{"frame":0.23333333333333334},"value",6,14],[{"frame":0.25},"value",6,15],[{"frame":0.26666666666666666},"value",6,16],[{"frame":0.2833333333333333},"value",6,17],[{"frame":0.3},"value",6,18],[{"frame":0.31666666666666665},"value",6,19],[{"frame":0.3333333333333333},"value",6,20],[{"frame":0.35},"value",6,21],[{"frame":0.36666666666666664},"value",6,22],[{"frame":0.38333333333333336},"value",6,23],[{"frame":0.4},"value",6,24],[{"frame":0.4166666666666667},"value",6,25],[{"frame":0.43333333333333335},"value",6,26],[{"frame":0.45},"value",6,27]],11,11,11,11,11,11,11,11,11,11,11,11,11,11,11,11,11,11,11,11,11,11,11,11,11,11,11,11]]]]]],0,0,[0,0,0,0,0,0,0,0,0,0,0,0,0,0,0,0,0,0,0,0,0,0,0,0,0,0,0,0],[0,0,0,0,0,0,0,0,0,0,0,0,0,0,0,0,0,0,0,0,0,0,0,0,0,0,0,0],[0,1,2,3,4,5,6,7,8,9,10,11,12,13,14,15,16,17,18,19,20,21,22,23,24,25,26,0]]