[1,["ecpdLyjvZBwrvm+cedCcQy","139b5c261","a2MjXRFdtLlYQ5ouAFv/+R","e79oqqCK5Bo6QIRSR7Alg7","09PWuX/llKRLH/XAfEOvsN","2cpa0tt1JCY5jWHAHbaMEE","33IscwLB9N1Zs+pSPybwCn"],["node","_spriteFrame","_textureSetter","root","data","_parent","_N$file"],[["cc.Node",["_name","_opacity","_objFlags","_active","_components","_prefab","_contentSize","_parent","_children","_trs","_anchorPoint","_color"],-1,9,4,5,1,2,7,5,5],["cc.PrefabInfo",["fileId","root","asset"],2,1,1],["cc.Sprite",["_sizeMode","node","_materials","_spriteFrame"],2,1,3,6],"cc.SpriteFrame",["cc.Prefab",["_name"],2],["c06aeGh69JJKYu1D8xtM1Fn",["node"],3,1],["cc.BlockInputEvents",["node"],3,1],["1063alBA/dIzqKPqymR44h3",["node"],3,1],["cc.Mask",["_N$alphaThreshold","node","_materials"],2,1,3],["cc.Widget",["_alignFlags","_originalWidth","_originalHeight","node"],0,1],["cc.Layout",["_resize","_N$layoutType","node","_layoutSize"],1,1,5],["cc.ScrollView",["horizontal","brake","bounceDuration","_N$horizontalScrollBar","_N$verticalScrollBar","node","_N$content"],-2,1,1],["cc.Button",["node","clickEvents"],3,1,9],["cc.ClickEvent",["_componentId","handler","target"],1,1],["cc.Label",["_string","_fontSize","_isSystemFontUsed","node","_materials","_N$file"],0,1,3,6]],[[1,0,1,2,2],[2,0,1,2,3,2],[0,0,8,4,5,6,2],[0,0,7,8,4,5,6,9,2],[0,0,7,4,5,6,9,2],[5,0,1],[12,0,1,1],[13,0,1,2,3],[4,0,2],[0,0,7,8,4,5,6,10,9,2],[0,0,1,7,4,5,11,6,3],[0,0,7,8,4,5,6,2],[0,0,2,7,4,5,6,3],[0,0,3,7,4,5,6,9,3],[6,0,1],[7,0,1],[1,1,2,1],[8,0,1,2,2],[9,0,1,2,3,4],[10,0,1,2,3,3],[2,1,2,3,1],[11,0,1,2,3,4,5,6,6],[14,0,1,2,3,4,5,4]],[[[{"name":"huongdan_TX","rect":[3,683,927,689],"offset":[-35,43],"originalSize":[997,775],"rotated":1,"capInsets":[0,0,0,0]}],[3],0,[0],[2],[1]],[[[8,"HuongDan"],[2,"HuongDan",[-5,-6,-7,-8,-9],[[5,-2],[14,-3],[15,-4]],[16,-1,0],[5,1280,720]],[2,"view",[-12],[[17,0,-10,[4]],[18,45,240,250,-11]],[0,"32NVRFlPZML6qLBfOhrvL9",1,0],[5,935,465]],[9,"content",2,[-14],[[19,1,2,-13,[5,220,645.8333333]]],[0,"edPgC6edJHc4hVGuxt1suK",1,0],[5,220,645.8333333],[0,0.5,1],[0,232.5,0,0,0,0,1,1,1,1]],[10,"sprite_splash",150,1,[[1,0,-15,[0],1],[5,-16]],[0,"38JW6WsklH2aHQGARbtgde",1,0],[4,4278190080],[5,1280,720]],[11,"bgPopupNNormal",1,[-18],[[1,0,-17,[5],6]],[0,"7bsTg2DTFGxYxXBM5NcWih",1,0],[5,981.6666667,561.6666667]],[3,"New ScrollView",5,[2],[[21,false,0.75,0.23,null,null,-19,3]],[0,"dfntWPqDBNLrRHbWp26vEs",1,0],[5,935,465],[0,-26,0,0,0,0,1,1,1,1]],[3,"BtnClose",1,[-21],[[6,-20,[[7,"1063alBA/dIzqKPqymR44h3","onClickClose",1]]]],[0,"f7dPVTYqZFLZm6m5QiiS96",1,0],[5,80,80],[476.241,250.211,0,0,0,0,1,1,1,1]],[4,"item",3,[[1,0,-22,[2],3]],[0,"39seSPJN5I6qPSCaBtONN4",1,0],[5,830.8333333,645.8333333],[0,-322.91666665,0,0,0,0,1,1,1,1]],[12,"icTopexit",512,7,[[20,-23,[7],8]],[0,"d8ZGtKWLtISYBzVmr7Tqq9",1,0],[5,76,80]],[13,"BtnOpenUrl",false,1,[[6,-24,[[7,"1063alBA/dIzqKPqymR44h3","onClickOpenLink",1]]]],[0,"d7qwH5B41MrpuFmL4al/yD",1,0],[5,250,50],[390.475,-126.796,0,0,0,0,1,1,1,1]],[4,"Title",1,[[22,"HƯỚNG DẪN",32,false,-25,[9],10]],[0,"cfsTMLDFhFjpvg3HGBtTwN",1,0],[5,214,40],[0,268.541,0,0,0,0,1,1,1,1]]],0,[0,3,1,0,0,1,0,0,1,0,0,1,0,-1,4,0,-2,5,0,-3,7,0,-4,10,0,-5,11,0,0,2,0,0,2,0,-1,3,0,0,3,0,-1,8,0,0,4,0,0,4,0,0,5,0,-1,6,0,0,6,0,0,7,0,-1,9,0,0,8,0,0,9,0,0,10,0,0,11,0,4,1,2,5,6,25],[0,0,0,0,0,0,0,0,0,0,0],[-1,1,-1,1,-1,-1,1,-1,1,-1,6],[0,2,0,3,0,0,4,0,5,0,6]]]]