[1,["daondtUPxLJZdaEfDBW2oi","b3wVbvS+lNOq1pXUiGHk7e","f2ovnW6CVMSLyfgMWpqKOB","494xX7CkVMfbptQAqZmsGY","77J3/SFmNAIp0v5cY14F23","14TQCJqIdD8oU9ilO+N6XA","4bxqe8yf9EZ4/lKqtLp5RC","e41WtyLSdCi55EgmANq74R","c5MOBgt65Evr0+OhwgRqYs","73C1dM/ZNOOq3BztP8w8//","4czL72GLtM9rrs3RPUY1JG","1eMKBQUbdFkro5zQg6e2f1","ceoCpM7idEG4P28u9oEF4S","0bJjdvk1ZOgobKEp4Bt964","1emqGlYv9CtIOJ4UqSklBb","6bmYzkmZlA2oh3NvGnvEHm","44mjAZ5yZDjpLtIZZ+mcSm","d4c1u3rj5NUL1SxNZUT6TH","a81xCm+gNInomlR0hYNvXi","c9/vJVB2dPz4ikUjCEfXk8","caDl7c4ndGk58ObIOJXtnU","74CJ+d/kNCOojQNAWBYnKU"],["_textureSetter","bw_vfx_e_01_00","bw_vfx_e_01_08","bw_vfx_e_01_10","bw_vfx_e_01_15","bw_vfx_e_01_12","bw_vfx_e_01_04","bw_vfx_e_01_19","bw_vfx_e_01_03","bw_vfx_e_01_18","bw_vfx_e_01_01","bw_vfx_e_01_17","bw_vfx_e_01_05","bw_vfx_e_01_06","bw_vfx_e_01_07","bw_vfx_e_01_09","bw_vfx_e_01_13","bw_vfx_e_01_16","bw_vfx_e_01_02","bw_vfx_e_01_11","bw_vfx_e_01_14","bw_vfx_e_01_20"],["cc.SpriteFrame",["cc.SpriteAtlas",["_name","_spriteFrames"],2,11]],[[1,0,1,2]],[[[{"name":"bw_vfx_e_01_06","rect":[426,152,213,152],"offset":[0,0],"originalSize":[213,152],"capInsets":[0,0,0,0]}],[0],0,[0],[0],[0]],[[{"name":"bw_vfx_e_01_12","rect":[0,456,213,152],"offset":[0,0],"originalSize":[213,152],"capInsets":[0,0,0,0]}],[0],0,[0],[0],[0]],[[{"name":"bw_vfx_e_01_17","rect":[213,608,213,152],"offset":[0,0],"originalSize":[213,152],"capInsets":[0,0,0,0]}],[0],0,[0],[0],[0]],[[{"name":"bw_vfx_e_01_07","rect":[639,152,213,152],"offset":[0,0],"originalSize":[213,152],"capInsets":[0,0,0,0]}],[0],0,[0],[0],[0]],[[[0,"Alats46.plist",[{},"bw_vfx_e_01_00",6,0,"bw_vfx_e_01_08",6,1,"bw_vfx_e_01_10",6,2,"bw_vfx_e_01_15",6,3,"bw_vfx_e_01_12",6,4,"bw_vfx_e_01_04",6,5,"bw_vfx_e_01_19",6,6,"bw_vfx_e_01_03",6,7,"bw_vfx_e_01_18",6,8,"bw_vfx_e_01_01",6,9,"bw_vfx_e_01_17",6,10,"bw_vfx_e_01_05",6,11,"bw_vfx_e_01_06",6,12,"bw_vfx_e_01_07",6,13,"bw_vfx_e_01_09",6,14,"bw_vfx_e_01_13",6,15,"bw_vfx_e_01_16",6,16,"bw_vfx_e_01_02",6,17,"bw_vfx_e_01_11",6,18,"bw_vfx_e_01_14",6,19,"bw_vfx_e_01_20",6,20]]],0,0,[0,0,0,0,0,0,0,0,0,0,0,0,0,0,0,0,0,0,0,0,0],[1,2,3,4,5,6,7,8,9,10,11,12,13,14,15,16,17,18,19,20,21],[1,2,3,4,5,6,7,8,9,10,11,12,13,14,15,16,17,18,19,20,21]],[[{"name":"bw_vfx_e_01_13","rect":[213,456,213,152],"offset":[0,0],"originalSize":[213,152],"capInsets":[0,0,0,0]}],[0],0,[0],[0],[0]],[[{"name":"bw_vfx_e_01_10","rect":[426,304,213,152],"offset":[0,0],"originalSize":[213,152],"capInsets":[0,0,0,0]}],[0],0,[0],[0],[0]],[[{"name":"bw_vfx_e_01_04","rect":[0,152,213,152],"offset":[0,0],"originalSize":[213,152],"capInsets":[0,0,0,0]}],[0],0,[0],[0],[0]],[[{"name":"bw_vfx_e_01_01","rect":[213,0,213,152],"offset":[0,0],"originalSize":[213,152],"capInsets":[0,0,0,0]}],[0],0,[0],[0],[0]],[[{"name":"bw_vfx_e_01_09","rect":[213,304,213,152],"offset":[0,0],"originalSize":[213,152],"capInsets":[0,0,0,0]}],[0],0,[0],[0],[0]],[[{"name":"bw_vfx_e_01_18","rect":[426,608,213,152],"offset":[0,0],"originalSize":[213,152],"capInsets":[0,0,0,0]}],[0],0,[0],[0],[0]],[[{"name":"bw_vfx_e_01_20","rect":[0,760,213,152],"offset":[0,0],"originalSize":[213,152],"capInsets":[0,0,0,0]}],[0],0,[0],[0],[0]],[[{"name":"bw_vfx_e_01_15","rect":[639,456,213,152],"offset":[0,0],"originalSize":[213,152],"capInsets":[0,0,0,0]}],[0],0,[0],[0],[0]],[[{"name":"bw_vfx_e_01_02","rect":[426,0,213,152],"offset":[0,0],"originalSize":[213,152],"capInsets":[0,0,0,0]}],[0],0,[0],[0],[0]],[[{"name":"bw_vfx_e_01_03","rect":[639,0,213,152],"offset":[0,0],"originalSize":[213,152],"capInsets":[0,0,0,0]}],[0],0,[0],[0],[0]],[[{"name":"bw_vfx_e_01_11","rect":[639,304,213,152],"offset":[0,0],"originalSize":[213,152],"capInsets":[0,0,0,0]}],[0],0,[0],[0],[0]],[[{"name":"bw_vfx_e_01_14","rect":[426,456,213,152],"offset":[0,0],"originalSize":[213,152],"capInsets":[0,0,0,0]}],[0],0,[0],[0],[0]],[[{"name":"bw_vfx_e_01_05","rect":[213,152,213,152],"offset":[0,0],"originalSize":[213,152],"capInsets":[0,0,0,0]}],[0],0,[0],[0],[0]],[[{"name":"bw_vfx_e_01_16","rect":[0,608,213,152],"offset":[0,0],"originalSize":[213,152],"capInsets":[0,0,0,0]}],[0],0,[0],[0],[0]],[[{"name":"bw_vfx_e_01_19","rect":[639,608,213,152],"offset":[0,0],"originalSize":[213,152],"capInsets":[0,0,0,0]}],[0],0,[0],[0],[0]],[[{"name":"bw_vfx_e_01_08","rect":[0,304,213,152],"offset":[0,0],"originalSize":[213,152],"capInsets":[0,0,0,0]}],[0],0,[0],[0],[0]]]]