[1,["cbMMaXndVB5r27UKPhKiAh"],["_textureSetter"],["cc.SpriteFrame"],0,[[[{"name":"ps_border_b_screen_01","rect":[395,198,195,123],"offset":[0,2],"originalSize":[245,515],"rotated":1,"capInsets":[0,0,0,0]}],[0],0,[0],[0],[0]],[[{"name":"ps_border_b_screen_00","rect":[198,485,191,71],"offset":[1,2],"originalSize":[245,515],"capInsets":[0,0,0,0]}],[0],0,[0],[0],[0]],[[{"name":"ps_border_b_screen_03","rect":[198,198,195,285],"offset":[0,2],"originalSize":[245,515],"capInsets":[0,0,0,0]}],[0],0,[0],[0],[0]],[[{"name":"ps_border_b_screen_02","rect":[1,324,195,199],"offset":[0,2],"originalSize":[245,515],"capInsets":[0,0,0,0]}],[0],0,[0],[0],[0]]]]