[1,["832ckI8MRLFL7kNCrnMd8h"],["_textureSetter"],["cc.SpriteFrame"],0,[[[{"name":"ib_mw_vfx_e_screen_05","rect":[1,513,756,126],"offset":[0,0],"originalSize":[756,126],"capInsets":[0,0,0,0]}],[0],0,[0],[0],[0]],[[{"name":"ib_mw_vfx_e_screen_01","rect":[759,1,756,126],"offset":[0,0],"originalSize":[756,126],"rotated":1,"capInsets":[0,0,0,0]}],[0],0,[0],[0],[0]],[[{"name":"ib_mw_vfx_e_screen_03","rect":[1,257,756,126],"offset":[0,0],"originalSize":[756,126],"capInsets":[0,0,0,0]}],[0],0,[0],[0],[0]],[[{"name":"ib_mw_vfx_e_screen_04","rect":[1,385,756,126],"offset":[0,0],"originalSize":[756,126],"capInsets":[0,0,0,0]}],[0],0,[0],[0],[0]],[[{"name":"ib_mw_vfx_e_screen_00","rect":[1,1,756,126],"offset":[0,0],"originalSize":[756,126],"capInsets":[0,0,0,0]}],[0],0,[0],[0],[0]],[[{"name":"ib_mw_vfx_e_screen_06","rect":[1,641,756,126],"offset":[0,0],"originalSize":[756,126],"capInsets":[0,0,0,0]}],[0],0,[0],[0],[0]],[[{"name":"ib_mw_vfx_e_screen_02","rect":[1,129,756,126],"offset":[0,0],"originalSize":[756,126],"capInsets":[0,0,0,0]}],[0],0,[0],[0],[0]]]]