[1,["bcAbhd32hJKIHL738U6iZP","33d4glqVdLkI+dywr7MtTA","64R1A2PZVI66ckIDqU+Hm+","09jqa1BQdFNZbXkBLZSCuT","4fxg+znB1Ov6lNoyjK4FBn","76oBdkv8BGL47f3PSU/oyt","4aduysMgJKebYgNn8WzHfY","f95LdQ5OtMxYSRMGUYjKH1","3fDVPc5UpFAockowX7qSCY","49IFgm5KdArriR0MAEZ1iB","e2lNP32S9M8Jc299SRVoSc","088axjST5K9JqJnleigrYH","dcFLDb3r5N9bC/2l267jRM","273oIWs1xOko6NiOZLubbz","69ifboovpB2raGbqZZNEUt","46apn0ty5LRKGGj9ogXkyd","72PN+pTutJ/KyHGl/ewoTs","91tGn4KP1JQq9ZxX4pZDzq","cdX/J+l/tPZoPoixeJAknp","1aqDHNCf9Jb4AoxgjPHX4j","f5eGcKjpNLR5+X2IszgpPl","5cF8dv6XNGSa1P6K2mFiRN","f5fJi5uQZCwIH+sie5n7Y1","deHeMIZQZMfLNknfrotGfw","ea8UArW3REQ76bxtFBShhf","65HIHY5SxHxZBmpeqlGcEI","51W8eJ8g9HCYxQVXI8ZWFc","40/RjakSVEv5wgv2OXolT2","cfwehYrC5BEbDt69pAPDKJ","a7pUTuym5PDoe76kD9f+bj","ebJUPUXuhK6b3+JzDkEiYC","40XHl5nfdBOb3xUc9OKkoU","9fzZPhBQFIWo19Vh8tC0F1","7dbF4Lyv1IvZaXJaattuHw","c1ZToHLjNBm5rbjEsK0Fik","39LHya7MZEjqdM8jdZtRNE","f7e13P7HROk4in4zL7B4rp","4bwB6QjDZLA5Xb8yH1K7XY","31TvEox6ZKXa2uSAj2FhYZ","ffoRjgHRxFg6+kwXCeJDBL","e2AJAqlr5JLYPdhwLtlgjF","78I0v9TSRPS510iPxbt/0v","7eK1GtoCpO554VipJe6rvb","70Na91MR1OPJ1QECVt2fGc","95eyAYbxJCBIEyMDnzUTQb","31fZZvJxVP+7hTOpdp/YWC","1dXSqvWDVAXqvkjHMoqRtO","15FQPESuhKu5zTehPgSMmI","101b9uurVB1Yp/ml1Z6AjO","57ogH/FH1LfLmCsk7q2+iK","32lTwco9tNQZmwf7NtZ/sD","fek2kkx3BDWbaeui6OGmMq","abBUxbxlZI+4cta63dGccm","29X4xKrDlOSaCsp+ZOSMqn","973ElOhj1Bgqy3PzGqByns","55Q8itqGlLbYaD2HFzKCG5","16Q7149AJJfqla5gYSQU8E","60ALBHgElGwoa/8hTDsJ/H","c4H1lNm7lDkKR74YC37v5n","baxAlXAL1LXpj6OU5Ai/ww","7a5SzqbENL64ONRRVFZxrE","f9Zin8/4hP/ozvGgr2stvK","26SQwCMWpHZ4gM/JmK37SK","cdgXarG4tAb7BIaeizJBKk","69wJBjnEtPrYrEkaA/EjNB","0eZssgfLVO54tb6VPR1gY1","0bQOOBUERHk6DZZQIHSoOP","29CBORvW9B66e1Vp03R7XT","36XL6MNoJAmYJ535zKmHPL","e7hFP31DBJmJ1FZyOiGBqF","b57S4HmzNDl5gaReyvkGG+","74+VcgLgJHk4nftI1itpFn","20LKwINZhHt5p1fmTvmoQO","a1Y3tmgYhJ5raHRRx+OJAk","f03nN6zOlEBqTHUEzSuanO","47FAmGoxdFiq/9YRiuqwSW","02AVyj5RxPsKhawCylFkOA","f9kqtN7+dDw5YhLdPoegL0"],["value","_textureSetter"],["cc.SpriteFrame",["cc.AnimationClip",["_name","_duration","sample","wrapMode","curveData"],-1,11]],[[1,0,1,2,3,4,5]],[[[{"name":"fs_vfx_l_screen_31","rect":[0,0,180,180],"offset":[0,0],"originalSize":[180,180],"capInsets":[0,0,0,0]}],[0],0,[0],[1],[1]],[[{"name":"fs_vfx_l_screen_30","rect":[0,0,180,180],"offset":[0,0],"originalSize":[180,180],"capInsets":[0,0,0,0]}],[0],0,[0],[1],[2]],[[{"name":"fs_vfx_l_screen_13","rect":[0,0,180,180],"offset":[0,0],"originalSize":[180,180],"capInsets":[0,0,0,0]}],[0],0,[0],[1],[3]],[[{"name":"fs_vfx_l_screen_12","rect":[0,0,180,180],"offset":[0,0],"originalSize":[180,180],"capInsets":[0,0,0,0]}],[0],0,[0],[1],[4]],[[{"name":"fs_vfx_l_screen_21","rect":[0,0,180,180],"offset":[0,0],"originalSize":[180,180],"capInsets":[0,0,0,0]}],[0],0,[0],[1],[5]],[[{"name":"fs_vfx_l_screen_11","rect":[0,0,180,180],"offset":[0,0],"originalSize":[180,180],"capInsets":[0,0,0,0]}],[0],0,[0],[1],[6]],[[{"name":"fs_vfx_l_screen_37","rect":[0,0,180,180],"offset":[0,0],"originalSize":[180,180],"capInsets":[0,0,0,0]}],[0],0,[0],[1],[7]],[[{"name":"fs_vfx_l_screen_27","rect":[0,0,180,180],"offset":[0,0],"originalSize":[180,180],"capInsets":[0,0,0,0]}],[0],0,[0],[1],[8]],[[{"name":"fs_vfx_l_screen_32","rect":[0,0,180,180],"offset":[0,0],"originalSize":[180,180],"capInsets":[0,0,0,0]}],[0],0,[0],[1],[9]],[[{"name":"fs_vfx_l_screen_18","rect":[0,0,180,180],"offset":[0,0],"originalSize":[180,180],"capInsets":[0,0,0,0]}],[0],0,[0],[1],[10]],[[{"name":"fs_vfx_l_screen_03","rect":[0,0,180,180],"offset":[0,0],"originalSize":[180,180],"capInsets":[0,0,0,0]}],[0],0,[0],[1],[11]],[[{"name":"fs_vfx_l_screen_10","rect":[0,0,180,180],"offset":[0,0],"originalSize":[180,180],"capInsets":[0,0,0,0]}],[0],0,[0],[1],[12]],[[{"name":"fs_vfx_l_screen_15","rect":[0,0,180,180],"offset":[0,0],"originalSize":[180,180],"capInsets":[0,0,0,0]}],[0],0,[0],[1],[13]],[[{"name":"fs_vfx_l_screen_33","rect":[0,0,180,180],"offset":[0,0],"originalSize":[180,180],"capInsets":[0,0,0,0]}],[0],0,[0],[1],[14]],[[{"name":"fs_vfx_l_screen_02","rect":[0,0,180,180],"offset":[0,0],"originalSize":[180,180],"capInsets":[0,0,0,0]}],[0],0,[0],[1],[15]],[[{"name":"fs_vfx_l_screen_20","rect":[0,0,180,180],"offset":[0,0],"originalSize":[180,180],"capInsets":[0,0,0,0]}],[0],0,[0],[1],[16]],[[{"name":"fs_vfx_l_screen_14","rect":[0,0,180,180],"offset":[0,0],"originalSize":[180,180],"capInsets":[0,0,0,0]}],[0],0,[0],[1],[17]],[[{"name":"fs_vfx_l_screen_22","rect":[0,0,180,180],"offset":[0,0],"originalSize":[180,180],"capInsets":[0,0,0,0]}],[0],0,[0],[1],[18]],[[{"name":"fs_vfx_l_screen_29","rect":[0,0,180,180],"offset":[0,0],"originalSize":[180,180],"capInsets":[0,0,0,0]}],[0],0,[0],[1],[19]],[[{"name":"fs_vfx_l_screen_08","rect":[0,0,180,180],"offset":[0,0],"originalSize":[180,180],"capInsets":[0,0,0,0]}],[0],0,[0],[1],[20]],[[{"name":"fs_vfx_l_screen_36","rect":[0,0,180,180],"offset":[0,0],"originalSize":[180,180],"capInsets":[0,0,0,0]}],[0],0,[0],[1],[21]],[[{"name":"fs_vfx_l_screen_06","rect":[0,0,180,180],"offset":[0,0],"originalSize":[180,180],"capInsets":[0,0,0,0]}],[0],0,[0],[1],[22]],[[{"name":"fs_vfx_l_screen_25","rect":[0,0,180,180],"offset":[0,0],"originalSize":[180,180],"capInsets":[0,0,0,0]}],[0],0,[0],[1],[23]],[[{"name":"fs_vfx_l_screen_07","rect":[0,0,180,180],"offset":[0,0],"originalSize":[180,180],"capInsets":[0,0,0,0]}],[0],0,[0],[1],[24]],[[{"name":"fs_vfx_l_screen_09","rect":[0,0,180,180],"offset":[0,0],"originalSize":[180,180],"capInsets":[0,0,0,0]}],[0],0,[0],[1],[25]],[[{"name":"fs_vfx_l_screen_19","rect":[0,0,180,180],"offset":[0,0],"originalSize":[180,180],"capInsets":[0,0,0,0]}],[0],0,[0],[1],[26]],[[{"name":"fs_vfx_l_screen_38","rect":[0,0,180,180],"offset":[0,0],"originalSize":[180,180],"capInsets":[0,0,0,0]}],[0],0,[0],[1],[27]],[[{"name":"fs_vfx_l_screen_17","rect":[0,0,180,180],"offset":[0,0],"originalSize":[180,180],"capInsets":[0,0,0,0]}],[0],0,[0],[1],[28]],[[{"name":"fs_vfx_l_screen_35","rect":[0,0,180,180],"offset":[0,0],"originalSize":[180,180],"capInsets":[0,0,0,0]}],[0],0,[0],[1],[29]],[[{"name":"fs_vfx_l_screen_24","rect":[0,0,180,180],"offset":[0,0],"originalSize":[180,180],"capInsets":[0,0,0,0]}],[0],0,[0],[1],[30]],[[{"name":"fs_vfx_l_screen_00","rect":[0,0,180,180],"offset":[0,0],"originalSize":[180,180],"capInsets":[0,0,0,0]}],[0],0,[0],[1],[31]],[[{"name":"fs_vfx_l_screen_23","rect":[0,0,180,180],"offset":[0,0],"originalSize":[180,180],"capInsets":[0,0,0,0]}],[0],0,[0],[1],[32]],[[{"name":"fs_vfx_l_screen_28","rect":[0,0,180,180],"offset":[0,0],"originalSize":[180,180],"capInsets":[0,0,0,0]}],[0],0,[0],[1],[33]],[[{"name":"fs_vfx_l_screen_05","rect":[0,0,180,180],"offset":[0,0],"originalSize":[180,180],"capInsets":[0,0,0,0]}],[0],0,[0],[1],[34]],[[{"name":"fs_vfx_l_screen_34","rect":[0,0,180,180],"offset":[0,0],"originalSize":[180,180],"capInsets":[0,0,0,0]}],[0],0,[0],[1],[35]],[[[0,"NearWin2",2.6666666666666665,15,2,[{},"comps",11,[{},"cc.Sprite",11,[{},"spriteFrame",12,[[[{"frame":0},"value",6,0],[{"frame":0.06666666666666667},"value",6,1],[{"frame":0.13333333333333333},"value",6,2],[{"frame":0.2},"value",6,3],[{"frame":0.26666666666666666},"value",6,4],[{"frame":0.3333333333333333},"value",6,5],[{"frame":0.4},"value",6,6],[{"frame":0.4666666666666667},"value",6,7],[{"frame":0.5333333333333333},"value",6,8],[{"frame":0.6},"value",6,9],[{"frame":0.6666666666666666},"value",6,10],[{"frame":0.7333333333333333},"value",6,11],[{"frame":0.8},"value",6,12],[{"frame":0.8666666666666667},"value",6,13],[{"frame":0.9333333333333333},"value",6,14],[{"frame":1},"value",6,15],[{"frame":1.0666666666666667},"value",6,16],[{"frame":1.1333333333333333},"value",6,17],[{"frame":1.2},"value",6,18],[{"frame":1.2666666666666666},"value",6,19],[{"frame":1.3333333333333333},"value",6,20],[{"frame":1.4},"value",6,21],[{"frame":1.4666666666666666},"value",6,22],[{"frame":1.5333333333333334},"value",6,23],[{"frame":1.6},"value",6,24],[{"frame":1.6666666666666667},"value",6,25],[{"frame":1.7333333333333334},"value",6,26],[{"frame":1.8},"value",6,27],[{"frame":1.8666666666666667},"value",6,28],[{"frame":1.9333333333333333},"value",6,29],[{"frame":2},"value",6,30],[{"frame":2.066666666666667},"value",6,31],[{"frame":2.1333333333333333},"value",6,32],[{"frame":2.2},"value",6,33],[{"frame":2.2666666666666666},"value",6,34],[{"frame":2.3333333333333335},"value",6,35],[{"frame":2.4},"value",6,36],[{"frame":2.466666666666667},"value",6,37],[{"frame":2.533333333333333},"value",6,38],[{"frame":2.6},"value",6,39]],11,11,11,11,11,11,11,11,11,11,11,11,11,11,11,11,11,11,11,11,11,11,11,11,11,11,11,11,11,11,11,11,11,11,11,11,11,11,11,11]]]]]],0,0,[0,0,0,0,0,0,0,0,0,0,0,0,0,0,0,0,0,0,0,0,0,0,0,0,0,0,0,0,0,0,0,0,0,0,0,0,0,0,0,0],[0,0,0,0,0,0,0,0,0,0,0,0,0,0,0,0,0,0,0,0,0,0,0,0,0,0,0,0,0,0,0,0,0,0,0,0,0,0,0,0],[0,0,36,37,38,39,40,41,42,43,44,45,46,47,48,49,50,51,52,53,54,55,56,57,58,59,60,61,62,63,64,65,66,67,68,69,70,71,72,73]],[[{"name":"fs_vfx_l_screen_01","rect":[0,0,180,180],"offset":[0,0],"originalSize":[180,180],"capInsets":[0,0,0,0]}],[0],0,[0],[1],[74]],[[{"name":"fs_vfx_l_screen_26","rect":[0,0,180,180],"offset":[0,0],"originalSize":[180,180],"capInsets":[0,0,0,0]}],[0],0,[0],[1],[75]],[[{"name":"fs_vfx_l_screen_16","rect":[0,0,180,180],"offset":[0,0],"originalSize":[180,180],"capInsets":[0,0,0,0]}],[0],0,[0],[1],[76]],[[{"name":"fs_vfx_l_screen_04","rect":[0,0,180,180],"offset":[0,0],"originalSize":[180,180],"capInsets":[0,0,0,0]}],[0],0,[0],[1],[77]]]]